source,brand,model_name,type_name,screen_size_inches,screen_resolution,display_type,is_touchscreen,refresh_rate_hz,cpu_brand,cpu_family,cpu_model,cpu_generation,cpu_base_clock_ghz,cpu_cores,ram_gb,ram_type,storage_capacity_gb,storage_type,secondary_storage_gb,gpu_brand,gpu_model,gpu_vram_gb,gpu_generation,operating_system,weight_kg,battery_whr,price_usd,price_original,currency,url,scrape_timestamp
Flipkart,HP,HP Victus Intel Core 7 230H - (16 GB/512 GB SSD/Windows 11 Home/6 GB Graphics/NVIDIA GeForce RTX 3050)...,Notebook,15.6,,,0,,Intel,Core 7,230H,Raptor Lake Refresh,,,16,DDR4,512,SSD,,Nvidia,RTX 3050,16,Ampere,Windows 11,,,1439.88,119990,INR,https://www.flipkart.com/hp-victus-intel-core-7-230h-16-gb-512-gb-ssd-windows-11-home-6-graphics-nvidia-geforce-rtx-3050-15-fa3009tx-gaming-laptop/p/itm6942b8af3e8c2,2026-10-06T11:39:02.277106+00:00
Flipkart,,MOTOROLA Motobook 60 Full Metal WUXGA OLED (i5 14th Gen) Intel Core 5 210H - (16 GB/512 GB SSD/Windows...,Notebook,14,1920x1200,OLED,0,,Intel,Core 5,210H,Raptor Lake Refresh,,,16,DDR5,512,SSD,,Intel,Intel UHD Graphics,16,Integrated,Windows 11,,,803.88,66990,INR,https://www.flipkart.com/motorola-motobook-60-full-metal-wuxga-oled-i5-14th-gen-intel-core-5-210h-16-gb-512-gb-ssd-windows-11-home-14irh10r-thin-light-laptop/p/itm2928b4d532ca8,2026-10-06T11:39:02.277106+00:00
Flipkart,Acer,Acer Aspire Lite Metal (2026) AMD Ryzen 3 Quad Core 5400U - (8 GB/256 GB SSD/Windows 11 Home) AL15-41 ...,Notebook,15.6,,,0,,AMD,Ryzen 3,5400U,Zen 3,,4,8,DDR4,256,SSD,,AMD,AMD Radeon Graphics,8,Integrated,Windows 11,,,443.88,36990,INR,https://www.flipkart.com/acer-aspire-lite-metal-2026-amd-ryzen-3-quad-core-5400u-8-gb-256-gb-ssd-windows-11-home-al15-41-thin-light-laptop/p/itm1bc0bcb4598e7,2026-10-06T11:39:02.277106+00:00
Flipkart,Lenovo,Lenovo 100e Chromebook Gen 4 MediaTek Kompanio 520 - (4 GB/32 GB EMMC Storage/Chrome OS) 100e Chromebo...,Chromebook,11.6,,,0,,,,MediaTek Kompanio 520 Processor,,,,4,LPDDR4X,32,EMMC,,,,4,,Chrome OS,,,270.53,22544,INR,https://www.flipkart.com/lenovo-100e-chromebook-gen-4-mediatek-kompanio-520-4-gb-32-gb-emmc-storage-chrome-os/p/itm041aea27f1885,2026-10-06T11:39:02.277106+00:00
Flipkart,Ultimus,Ultimus Elite Intel Core i5 10th Gen 1035G4 - (8 GB/512 GB SSD/Windows 11 Home) NU14U3INF56BN-MB Thin ...,Notebook,14.1,,,0,,Intel,Core i5,Intel Core i5 Processor (10th Gen),10th Gen,,,8,DDR4,512,SSD,,Intel,Intel Iris Xe Graphics,8,Integrated,Windows 11,,,551.88,45990,INR,https://www.flipkart.com/ultimus-elite-intel-core-i5-10th-gen-1035g4-8-gb-512-gb-ssd-windows-11-home-nu14u3inf56bn-mb-thin-light-laptop/p/itmb21559cc09d8d,2026-10-06T11:39:02.277106+00:00
Flipkart,Dell,DELL 14 Plus Next Gen AI PC Microsoft Office Home 2024 Intel Core Ultra 5 226V - (16 GB/512 GB SSD/Win...,Notebook,14,,,0,,Intel,Core Ultra 5,226V,Meteor Lake,,,16,LPDDR5X,512,SSD,,Intel,Intel UHD Graphics,16,Integrated,Windows 11,,,1176.48,98040,INR,https://www.flipkart.com/dell-14-plus-next-gen-ai-pc-microsoft-office-home-2024-intel-core-ultra-5-226v-16-gb-512-gb-ssd-windows-11-home-db14250-thin-light-laptop/p/itm35f6fc2e7327a,2026-10-06T11:39:02.277106+00:00
Flipkart,,WarnerCann N95 Notebook Intel Core N 12th Gen - (12 GB/256 GB SSD/Windows 11 Pro) N95 Notebook Busines...,Notebook,15.3,,,0,,Intel,,Intel Core N Processor (12th Gen),12th Gen,,,12,DDR4,256,SSD,,Intel,Intel UHD Graphics,12,Integrated,Windows 11,,,341.35,28446,INR,https://www.flipkart.com/warnercann-n95-notebook-intel-core-n-12th-gen-12-gb-256-gb-ssd-windows-11-pro-business-laptop/p/itmac33d2492d585,2026-10-06T11:39:02.277106+00:00
Flipkart,HP,HP Omnibook 3 Next Gen AI PC Snapdragon X - (8 GB/512 GB SSD/Windows 11 Home) 14-hz0056QU Laptop,Notebook,14,,,0,,Qualcomm,Snapdragon X,Processor,Snapdragon,,,8,LPDDR5X,512,SSD,,,,8,,Windows 11,,,779.88,64990,INR,https://www.flipkart.com/hp-omnibook-3-next-gen-ai-pc-snapdragon-x-8-gb-512-gb-ssd-windows-11-home-14-hz0056qu-laptop/p/itmfbff241a073bf,2026-10-06T11:39:02.277106+00:00
Flipkart,,Prittec Intel Pentium Quad Core N4200 - (8 GB/256 GB SSD/Windows 11 Home) MaxBook N140P08256 Thin and ...,Notebook,14,,,0,,Intel,Pentium,Quad,Budget,,4,8,DDR4,256,SSD,,Intel,Intel UHD Graphics,8,Integrated,Windows 11,,,299.88,24990,INR,https://www.flipkart.com/prittec-intel-pentium-quad-core-n4200-8-gb-256-gb-ssd-windows-11-home-maxbook-n140p08256-thin-light-laptop/p/itm663f38c6e9780,2026-10-06T11:39:02.277106+00:00
Flipkart,ASUS,ASUS ExpertBook P1 with 1 Yr ADP (i5 14th Gen) Intel Core 5 210H - (32 GB/512 GB SSD/Windows 11 Home) ...,Notebook,15.6,,,0,,Intel,Core 5,210H,Raptor Lake Refresh,,,32,DDR5,512,SSD,,Intel,Intel UHD Graphics,32,Integrated,Windows 11,,,899.88,74990,INR,https://www.flipkart.com/asus-expertbook-p1-1-yr-adp-i5-14th-gen-intel-core-5-210h-32-gb-512-gb-ssd-windows-11-home-p1503cva-s72288ws-thin-light-laptop/p/itm30538466342b3,2026-10-06T11:39:02.277106+00:00
Flipkart,ASUS,ASUS Chromebook CX15 Intel Celeron Dual Core N50 - (4 GB/64 GB EMMC Storage/Chrome OS) CX1505CTA-S7025...,Chromebook,15.6,,,0,,Intel,Celeron,Dual,Budget,,2,4,LPDDR5,64,EMMC,,Intel,Intel UHD Graphics,4,Integrated,Chrome OS,,,299.88,24990,INR,https://www.flipkart.com/asus-chromebook-cx15-intel-celeron-dual-core-n50-4-gb-64-gb-emmc-storage-chrome-os-cx1505cta-s70256-laptop/p/itm987fe58d63593,2026-10-06T11:39:02.277106+00:00
Flipkart,Primebook,Primebook 2 Pro (2026) in-Built AI MediaTek Helio G99 (MT8781) - (8 GB/128 GB/Android 15) PBG9914128#4...,Notebook,14.1,,,0,,,,MediaTek Helio G99 (MT8781) Processor,,,,8,LPDDR4X,128,SSD,,,,8,,,,,341.88,28490,INR,https://www.flipkart.com/primebook-2-pro-2026-in-built-ai-mediatek-helio-g99-mt8781-8-gb-128-gb-android-15-pbg9914128-4278c-laptop/p/itmdbf8db6a6f79a,2026-10-06T11:39:02.277106+00:00
Flipkart,MSI,MSI Modern 14 Intel Core i5 13th Gen 1334U - (16 GB/512 GB SSD/Windows 11 Home) Modern 14 C13M-116IN T...,Notebook,14,,,0,,Intel,Core i5,Intel Core i5 Processor (13th Gen),13th Gen,,,16,DDR4,512,SSD,,Intel,Intel Iris Xe Graphics,16,Integrated,Windows 11,,,635.88,52990,INR,https://www.flipkart.com/msi-modern-14-intel-core-i5-13th-gen-1334u-16-gb-512-gb-ssd-windows-11-home-c13m-116in-thin-light-laptop/p/itmc1e2cec962619,2026-10-06T11:39:02.277106+00:00
Flipkart,Apple,"Apple MacBook Air (M5, 2026) M5 - (16 GB/512 GB SSD/Tahoe) MDHE4HN/A",Ultrabook,13.6,,,0,,Apple,,Apple M5 Processor,,,,16,,512,SSD,,Apple, GPU,16,,macOS,,,1715.88,142990,INR,https://www.flipkart.com/apple-macbook-air-m5-2026-m5-16-gb-512-gb-ssd-tahoe-mdhe4hn-a/p/itm8505e2f874525,2026-10-06T11:39:02.277106+00:00
Flipkart,ASUS,ASUS ExpertBook P1 with 1 Yr ADP (i3 14th Gen) Intel Core 3 100U - (8 GB/512 GB SSD/Windows 11 Home) P...,Notebook,14,,,0,,Intel,Core 3,100U,Raptor Lake Refresh,,,8,DDR5,512,SSD,,Intel,Intel UHD Graphics,8,Integrated,Windows 11,,,683.88,56990,INR,https://www.flipkart.com/asus-expertbook-p1-1-yr-adp-i3-14th-gen-intel-core-3-100u-8-gb-512-gb-ssd-windows-11-home-p1403cvai-s60065ws-thin-light-laptop/p/itm4a63b6d45cf2d,2026-10-06T11:39:02.277106+00:00
Flipkart,ASUS,ASUS ExpertBook P5 with Full Metal OLED AI PC 1 Yr ADP Intel Core Ultra 5 225H - (16 GB/512 GB SSD/Win...,Notebook,16,,OLED,0,,Intel,Core Ultra 5,225H,Meteor Lake,,,16,DDR5,512,SSD,,Intel,Intel UHD Graphics,16,Integrated,Windows 11,,,1115.88,92990,INR,https://www.flipkart.com/asus-expertbook-p5-full-metal-oled-ai-pc-1-yr-adp-intel-core-ultra-5-225h-16-gb-512-gb-ssd-windows-11-home-p5606cca-sh0061ws-thin-light-laptop/p/itm4ad9105682143,2026-10-06T11:39:02.277106+00:00
Flipkart,Acer,Acer Travellite Intel Core i5 13th Gen 1334U - (8 GB/512 GB SSD/Windows 11 Home) TL04-51M Notebook,Notebook,14,,,0,,Intel,Core i5,Intel Core i5 Processor (13th Gen),13th Gen,,,8,DDR4,512,SSD,,Intel,Intel Iris Xe Graphics,8,Integrated,Windows 11,,,695.88,57990,INR,https://www.flipkart.com/acer-travellite-intel-core-i5-13th-gen-1334u-8-gb-512-gb-ssd-windows-11-home-tl04-51m-notebook/p/itm7b07e24735ef5,2026-10-06T11:39:02.277106+00:00
Flipkart,,MOTOROLA Motobook 60 Pro Full Metal AI PC WUXGA OLED Intel Core Ultra 5 225H - (16 GB/512 GB SSD/Windo...,Notebook,14,1920x1200,OLED,0,,Intel,Core Ultra 5,225H,Meteor Lake,,,16,DDR5,512,SSD,,Intel,Intel UHD Graphics,16,Integrated,Windows 11,,,1019.88,84990,INR,https://www.flipkart.com/motorola-motobook-60-pro-full-metal-ai-pc-wuxga-oled-intel-core-ultra-5-225h-16-gb-512-gb-ssd-windows-11-home-14iah101-thin-light-laptop/p/itm9ac7ced9934c6,2026-10-06T11:39:02.277106+00:00
Flipkart,ASUS,ASUS ExpertBook P1 with 1 Yr ADP (i3 14th Gen) Intel Core 3 100U - (16 GB/512 GB SSD/Windows 11 Home) ...,Notebook,15.6,,,0,,Intel,Core 3,100U,Raptor Lake Refresh,,,16,DDR5,512,SSD,,Intel,Intel UHD Graphics,16,Integrated,Windows 11,,,791.88,65990,INR,https://www.flipkart.com/asus-expertbook-p1-1-yr-adp-i3-14th-gen-intel-core-3-100u-16-gb-512-gb-ssd-windows-11-home-p1503cvai-s70006ws-thin-light-laptop/p/itm9351bb5fce8bb,2026-10-06T11:39:02.277106+00:00
Flipkart,HP,HP 15 (2025) AMD Athlon Dual Core 7120U - (8 GB/256 GB SSD/Windows 11 Home) 15 Thin and Light Laptop,Ultrabook,15.6,,,0,,AMD,ATHLON,Dual,AMD Budget,,2,8,DDR4,256,SSD,,AMD,AMD Radeon Graphics,8,Integrated,Windows 11,,,574.86,47905,INR,https://www.flipkart.com/hp-15-2025-amd-athlon-dual-core-7120u-8-gb-256-gb-ssd-windows-11-home-thin-light-laptop/p/itm356259fbc5fcb,2026-10-06T11:39:02.277106+00:00
Flipkart,HP,HP 15 Intel Core 5 120U - (16 GB/512 GB SSD/Windows 11 Home) 15-Fd0640TU / 15-Fd0682TU / 15-fd0746TU T...,Notebook,15.6,,,0,,Intel,Core 5,120U,Raptor Lake Refresh,,,16,DDR5,512,SSD,,Intel,Intel UHD Graphics,16,Integrated,Windows 11,,,958.80,79900,INR,https://www.flipkart.com/hp-15-intel-core-5-120u-16-gb-512-gb-ssd-windows-11-home-15-fd0640tu-15-fd0682tu-15-fd0746tu-thin-light-laptop/p/itm1c0ebc1fda7cf,2026-10-06T11:39:02.277106+00:00
Flipkart,ASUS,ASUS ExpertBook P1 with 1 Yr ADP (i3 14th Gen) Intel Core 3 14th Gen 100U - (16 GB/512 GB SSD/Windows ...,Notebook,14,,,0,,Intel,Core 3,,14th Gen,,,16,DDR5,512,SSD,,Intel,Intel UHD Graphics,16,Integrated,Windows 11,,,791.88,65990,INR,https://www.flipkart.com/asus-expertbook-p1-1-yr-adp-i3-14th-gen-intel-core-3-gen-100u-16-gb-512-gb-ssd-windows-11-home-p1403cva-s61822ws-thin-light-laptop/p/itm4cbe2565a1363,2026-10-06T11:39:02.277106+00:00
Flipkart,Acer,"Acer Aspire 5 (2026) Metal AI PC, Backlit Keyboard Intel Core Ultra 5 125H - (16 GB/512 GB SSD/Windows...",Notebook,14,,,0,,Intel,Core Ultra 5,125H,Meteor Lake,,,16,LPDDR5,512,SSD,,Intel,Intel UHD Graphics,16,Integrated,Windows 11,,,814.80,67900,INR,https://www.flipkart.com/acer-aspire-5-2026-metal-ai-pc-backlit-keyboard-intel-core-ultra-125h-16-gb-512-gb-ssd-windows-11-home-a514-54h-notebook/p/itmd237a2b9aa3ad,2026-10-06T11:39:02.277106+00:00
Flipkart,Acer,Acer Aspire 15 AMD Office 2024 + M365 Basic AMD Ryzen 5 Hexa Core 7430U - (16 GB/512 GB SSD/Windows 11...,Notebook,15.6,,,0,,AMD,Ryzen 5,7430U,Zen 4,,6,16,DDR4,512,SSD,,AMD,AMD Radeon Graphics,16,Integrated,Windows 11,,,683.88,56990,INR,https://www.flipkart.com/acer-aspire-15-amd-office-2024-m365-basic-ryzen-5-hexa-core-7430u-16-gb-512-gb-ssd-windows-11-home-as15-42-thin-light-laptop/p/itmdaf15e01a1d1a,2026-10-06T11:39:02.277106+00:00
Flipkart,Samsung,Samsung Galaxy Book5 AI Metal Intel Core Ultra 5 225U - (16 GB/512 GB SSD/Windows 11 Home) NP750XHD Th...,Notebook,15.6,,,0,,Intel,Core Ultra 5,225U,Meteor Lake,,,16,LPDDR5X,512,SSD,,Intel,HD Graphics,16,Integrated,Windows 11,,,1043.88,86990,INR,https://www.flipkart.com/samsung-galaxy-book5-ai-metal-intel-core-ultra-5-225u-16-gb-512-gb-ssd-windows-11-home-np750xhd-thin-light-laptop/p/itmc33d2563d0ffc,2026-10-06T11:39:02.277106+00:00
Flipkart,HP,HP Intel Core i3 13th Gen 1315U - (8 GB/512 GB SSD/Windows 11 Home) 15-fd0569TU Thin and Light Laptop,Ultrabook,15.6,,,0,,Intel,Core i3,Intel Core i3 Processor (13th Gen),13th Gen,,,8,DDR4,512,SSD,,Intel,Intel Iris Xe Graphics,8,Integrated,Windows 11,,,640.68,53390,INR,https://www.flipkart.com/hp-intel-core-i3-13th-gen-1315u-8-gb-512-gb-ssd-windows-11-home-15-fd0569tu-thin-light-laptop/p/itm8229e9aa059be,2026-10-06T11:39:02.277106+00:00
Flipkart,Acer,Acer Aspire 14 AMD Ryzen 5 3500U - (8 GB/256 GB SSD/Windows 11 Home) AS14-39 Notebook,Notebook,14,,,0,,AMD,Ryzen 5,3500U,Zen 2,,,8,DDR4,256,SSD,,AMD,AMD Radeon Graphics,8,Integrated,Windows 11,,,467.88,38990,INR,https://www.flipkart.com/acer-aspire-14-amd-ryzen-5-3500u-8-gb-256-gb-ssd-windows-11-home-as14-39-notebook/p/itmcebc71222b7d0,2026-10-06T11:39:02.277106+00:00
Flipkart,ASUS,"ASUS Vivobook Go 15 (2025) with Office 2024 + M365 Basic*, AMD Ryzen 5 Quad Core 7520U - (8 GB/512 GB ...",Notebook,15.6,,,0,,AMD,Ryzen 5,7520U,Zen 4,,4,8,LPDDR5,512,SSD,,AMD,AMD Radeon Graphics,8,Integrated,Windows 11,,,563.88,46990,INR,https://www.flipkart.com/asus-vivobook-go-15-2025-office-2024-m365-basic-amd-ryzen-5-quad-core-7520u-8-gb-512-gb-ssd-windows-11-home-e1504fa-bq2523ws-thin-light-laptop/p/itm313aa4209e563,2026-10-06T11:39:02.277106+00:00
Flipkart,HP,HP 255R G10 (2026) Professional DDR5 5600Mhz AMD Ryzen 5 Hexa Core - (8 GB/512 GB SSD/Windows 11 Pro) ...,Notebook,15.6,,,0,,AMD,Ryzen 5,,,,6,8,DDR5,512,SSD,,AMD,AMD Radeon Graphics,8,Integrated,Windows 11,,,671.89,55991,INR,https://www.flipkart.com/hp-255r-g10-2026-professional-ddr5-5600mhz-amd-ryzen-5-hexa-core-8-gb-512-gb-ssd-windows-11-pro-thin-light-laptop/p/itmf384f3e0e52b8,2026-10-06T11:39:02.277106+00:00
Flipkart,MSI,MSI Katana 15 Intel Core i5 13th Gen 13420H - (16 GB/1 TB SSD/Windows 11 Home/6 GB Graphics/NVIDIA GeF...,Notebook,15.6,,,0,,Intel,Core i5,Intel Core i5 Processor (13th Gen),13th Gen,,,16,DDR5,1000,SSD,,Intel,Intel Iris Xe Graphics,16,Integrated,Windows 11,,,1163.88,96990,INR,https://www.flipkart.com/msi-katana-15-intel-core-i5-13th-gen-13420h-16-gb-1-tb-ssd-windows-11-home-6-gb-graphics-nvidia-geforce-rtx-3050-144-hz-75-w-b13udxk-gaming-laptop/p/itm46d7fa4f505a2,2026-10-06T11:39:02.277106+00:00
Flipkart,HP,HP Intel Celeron Dual Core N4500 - (8 GB/512 GB SSD/Windows 11 Home) 14s-dq3149TU / 14s-dq3141TU Thin ...,Notebook,14,,,0,,Intel,Celeron,Dual,Budget,,2,8,DDR4,512,SSD,,Intel,Intel UHD Graphics,8,Integrated,Windows 11,,,383.20,31933,INR,https://www.flipkart.com/hp-intel-celeron-dual-core-n4500-8-gb-512-gb-ssd-windows-11-home-14s-dq3149tu-14s-dq3141tu-thin-light-laptop/p/itm3f0d1db2ec65e,2026-10-06T11:39:02.277106+00:00
Flipkart,ASUS,ASUS Chromebook CX14 Intel Celeron Dual Core N50 - (4 GB/128 GB EMMC Storage/Chrome OS) CX1405CTA-S606...,Chromebook,14,,,0,,Intel,Celeron,Dual,Budget,,2,4,LPDDR5,128,EMMC,,Intel,Intel UHD Graphics,4,Integrated,Chrome OS,,,393.68,32807,INR,https://www.flipkart.com/asus-chromebook-cx14-intel-celeron-dual-core-n50-4-gb-128-gb-emmc-storage-chrome-os-cx1405cta-s60621-laptop/p/itm4dfd2435ab403,2026-10-06T11:39:02.277106+00:00
Flipkart,Acer,Acer Swift Neo AI PC OLED Intel Core Ultra 5 125H - (16 GB/512 GB SSD/Windows 11 Home) SFN14-55 Notebo...,Ultrabook,14,,OLED,0,,Intel,Core Ultra 5,125H,Meteor Lake,,,16,LPDDR5,512,SSD,,Intel,Intel UHD Graphics,16,Integrated,Windows 11,,,911.88,75990,INR,https://www.flipkart.com/acer-swift-neo-ai-pc-oled-intel-core-ultra-5-125h-16-gb-512-gb-ssd-windows-11-home-sfn14-55-notebook/p/itm7ac101935b990,2026-10-06T11:39:02.277106+00:00
Flipkart,Acer,Acer Aspire Lite AMD Ryzen 3 7330U - (8 GB/512 GB SSD/Windows 11 Home) AL15-41 Notebook,Notebook,15.6,,,0,,AMD,Ryzen 3,7330U,Zen 4,,,8,DDR4,512,SSD,,AMD,AMD Radeon Graphics,8,Integrated,Windows 11,,,568.76,47397,INR,https://www.flipkart.com/acer-aspire-lite-amd-ryzen-3-7330u-8-gb-512-gb-ssd-windows-11-home-al15-41-notebook/p/itmd7a3885edd674,2026-10-06T11:39:02.277106+00:00
Flipkart,Samsung,Samsung Galaxy Book4 Metal Intel Core i3 13th Gen 1315U - (8 GB/512 GB SSD/Windows 11 Home) NP750XGJ-L...,Notebook,15.6,,,0,,Intel,Core i3,Intel Core i3 Processor (13th Gen),13th Gen,,,8,LPDDR4X,512,SSD,,Intel,Intel Iris Xe Graphics,8,Integrated,Windows 11,,,623.88,51990,INR,https://www.flipkart.com/samsung-galaxy-book4-metal-intel-core-i3-13th-gen-1315u-8-gb-512-gb-ssd-windows-11-home-np750xgj-lg9in-thin-light-laptop/p/itmc29d559898e6f,2026-10-06T11:39:02.277106+00:00
Flipkart,Acer,Acer Aspire 3 AMD Ryzen 3 5400U - (8 GB/512 GB SSD/Windows 11 Home) A325-42 Notebook,Notebook,15.6,,,0,,AMD,Ryzen 3,5400U,Zen 3,,,8,DDR4,512,SSD,,AMD,AMD Radeon Graphics,8,Integrated,Windows 11,,,527.99,43999,INR,https://www.flipkart.com/acer-aspire-3-amd-ryzen-5400u-8-gb-512-gb-ssd-windows-11-home-a325-42-notebook/p/itma7d73828c7c3f,2026-10-06T11:39:02.277106+00:00
Flipkart,Dell,DELL 14 Microsoft Office Home 2024 Snapdragon X - (16 GB/512 GB SSD/Windows 11 Home) Inspiron 5441 Thi...,Notebook,14,,,0,,Qualcomm,Snapdragon X,Processor,Snapdragon,,,16,LPDDR5X,512,SSD,,,,16,,Windows 11,,,743.88,61990,INR,https://www.flipkart.com/dell-14-microsoft-office-home-2024-snapdragon-x-16-gb-512-gb-ssd-windows-11-home-inspiron-5441-thin-light-laptop/p/itmb16ff5081b580,2026-10-06T11:39:02.277106+00:00
Flipkart,Acer,Acer Aspire 3 (i3 14th Gen) Intel Core 3 100U - (8 GB/512 GB SSD/Windows 11 Home) A324-53 Notebook,Notebook,14,,,0,,Intel,Core 3,100U,Raptor Lake Refresh,,,8,DDR4,512,SSD,,Intel,Intel UHD Graphics,8,Integrated,Windows 11,,,599.88,49990,INR,https://www.flipkart.com/acer-aspire-3-i3-14th-gen-intel-core-100u-8-gb-512-gb-ssd-windows-11-home-a324-53-notebook/p/itmcc145dc1a3908,2026-10-06T11:39:02.277106+00:00
Flipkart,Acer,Acer Aspire 14 Office 2024 + M365 Basic (i5 14th Gen) Intel Core 5 210 H - (16 GB/512 GB SSD/Windows 1...,Notebook,14,,,0,,Intel,Core 5,210,Raptor Lake Refresh,,,16,LPDDR5,512,SSD,,Intel,Intel UHD Graphics,16,Integrated,Windows 11,,,779.88,64990,INR,https://www.flipkart.com/acer-aspire-14-office-2024-m365-basic-i5-14th-gen-intel-core-5-210-h-16-gb-512-gb-ssd-windows-11-home-as14h-53-notebook/p/itm5ef35f1d0eb91,2026-10-06T11:39:02.277106+00:00
Flipkart,MSI,MSI Intel Core i3 12th Gen 1215U - (8 GB/512 GB SSD/Windows 11 Home) Modern 14 C12M-269IN Thin and Lig...,Notebook,14,,,0,,Intel,Core i3,Intel Core i3 Processor (12th Gen),12th Gen,,,8,DDR4,512,SSD,,Intel,Intel Iris Xe Graphics,8,Integrated,Windows 11,,,695.99,57999,INR,https://www.flipkart.com/msi-intel-core-i3-12th-gen-1215u-8-gb-512-gb-ssd-windows-11-home-modern-14-c12m-269in-thin-light-laptop/p/itmb82466e1d1ca2,2026-10-06T11:39:02.277106+00:00
Flipkart,ASUS,ASUS ExpertBook P1 with 1 Yr ADP (i3 14th Gen) Intel Core 3 14th Gen 100U - (8 GB/512 GB SSD/Windows 1...,Notebook,15.6,,,0,,Intel,Core 3,,14th Gen,,,8,DDR5,512,SSD,,Intel,Intel UHD Graphics,8,Integrated,Windows 11,,,683.88,56990,INR,https://www.flipkart.com/asus-expertbook-p1-1-yr-adp-i3-14th-gen-intel-core-3-gen-100u-8-gb-512-gb-ssd-windows-11-home-p1503cva-s72562ws-thin-light-laptop/p/itm1ed622fed8f3a,2026-10-06T11:39:02.277106+00:00
Flipkart,Dell,DELL 15 (Previously Inspiron) (2025) Microsoft Office Home 2024 AMD Ryzen 5 Hexa Core 7530U - (16 GB/5...,Notebook,15.6,,,0,,AMD,Ryzen 5,7530U,Zen 4,,6,16,DDR4,512,SSD,,AMD,AMD Radeon Graphics,16,Integrated,Windows 11,,,814.63,67886,INR,https://www.flipkart.com/dell-15-previously-inspiron-2025-microsoft-office-home-2024-amd-ryzen-5-hexa-core-7530u-16-gb-512-gb-ssd-windows-11-home-3535-15dc15255-thin-light-laptop/p/itm672bf7685863c,2026-10-06T11:39:02.277106+00:00
Flipkart,Acer,Acer Travellite AMD Ryzen 3 Octa Core 5400U - (8 GB/512 GB SSD/Windows 11 Home) TL04-41M Notebook,Notebook,14,,,0,,AMD,Ryzen 3,5400U,Zen 3,,8,8,DDR4,512,SSD,,AMD,AMD Radeon Graphics,8,Integrated,Windows 11,,,533.88,44490,INR,https://www.flipkart.com/acer-travellite-amd-ryzen-3-octa-core-5400u-8-gb-512-gb-ssd-windows-11-home-tl04-41m-notebook/p/itmac1a6d5209d87,2026-10-06T11:39:02.277106+00:00
Flipkart,Acer,Acer Aspire Intel Celeron Dual Core N4500 - (12 GB/256 GB SSD/Windows 11 Home) A324-45-V2 Thin and Lig...,Notebook,14,,,0,,Intel,Celeron,Dual,Budget,,2,12,LPDDR4X,256,SSD,,Intel,Intel UHD Graphics,12,Integrated,Windows 11,,,359.99,29999,INR,https://www.flipkart.com/acer-aspire-intel-celeron-dual-core-n4500-12-gb-256-gb-ssd-windows-11-home-a324-45-v2-thin-light-laptop/p/itmbbfe217e40d59,2026-10-06T11:39:02.277106+00:00
Flipkart,HP,HP 15 (i3 14th Gen) Intel Core 3 100U - (8 GB/512 GB SSD/Windows 11 Home) 15-fd1253TU/ 15-fd1225TU Thi...,Notebook,15.6,,,0,,Intel,Core 3,100U,Raptor Lake Refresh,,,8,DDR4,512,SSD,,Intel,Intel UHD Graphics,8,Integrated,Windows 11,,,639.48,53290,INR,https://www.flipkart.com/hp-15-i3-14th-gen-intel-core-3-100u-8-gb-512-gb-ssd-windows-11-home-15-fd1253tu-15-fd1225tu-thin-light-laptop/p/itm09491ad4135b2,2026-10-06T11:39:02.277106+00:00
Flipkart,ASUS,ASUS ExpertBook P1 with 1 Yr ADP (i5 14th Gen) Intel Core 5 210H - (16 GB/512 GB SSD/Windows 11 Home) ...,Notebook,15.6,,,0,,Intel,Core 5,210H,Raptor Lake Refresh,,,16,DDR4,512,SSD,,Intel,Intel UHD Graphics,16,Integrated,Windows 11,,,963.36,80280,INR,https://www.flipkart.com/asus-expertbook-p1-1-yr-adp-i5-14th-gen-intel-core-5-210h-16-gb-512-gb-ssd-windows-11-home-p1503cva-s72222ws-p1503cvayb-s73386ws-thin-light-laptop/p/itmfe48dae26f674,2026-10-06T11:39:02.277106+00:00
Flipkart,ASUS,ASUS TUF Gaming A15 (2026) AMD Ryzen 7 170 - (16 GB/1 TB SSD/Windows 11 Home/4 GB Graphics/NVIDIA GeFo...,Gaming,15.6,,,0,,AMD,Ryzen 7,,,,,16,DDR5,1000,SSD,,AMD,AMD Radeon Graphics,16,Integrated,Windows 11,,,959.88,79990,INR,https://www.flipkart.com/asus-tuf-gaming-a15-2026-amd-ryzen-7-170-16-gb-1-tb-ssd-windows-11-home-4-gb-graphics-nvidia-geforce-rtx-3050-fa506ncq-hn008w-laptop/p/itm187b00d3b76d3,2026-10-06T11:39:02.277106+00:00
Flipkart,Acer,Acer Aspire Intel Core i3 13th Gen 1305U - (8 GB/512 GB SSD/Windows 11 Home) AL15-53 Notebook,Notebook,15.6,,,0,,Intel,Core i3,Intel Core i3 Processor (13th Gen),13th Gen,,,8,DDR4,512,SSD,,Intel,Intel Iris Xe Graphics,8,Integrated,Windows 11,,,539.88,44990,INR,https://www.flipkart.com/acer-aspire-intel-core-i3-13th-gen-1305u-8-gb-512-gb-ssd-windows-11-home-al15-53-notebook/p/itm1bc0bcb4598e7,2026-10-06T11:39:02.277106+00:00
Flipkart,Dell,DELL Inspiron Intel Core i5 13th Gen 1334U - (8 GB/512 GB SSD/Windows 11 Home) 3530 Thin and Light Lap...,Ultrabook,15.6,,,0,,Intel,Core i5,Intel Core i5 Processor (13th Gen),13th Gen,,,8,DDR4,512,SSD,,Intel,Intel Iris Xe Graphics,8,Integrated,Windows 11,,,719.88,59990,INR,https://www.flipkart.com/dell-inspiron-intel-core-i5-13th-gen-1334u-8-gb-512-gb-ssd-windows-11-home-3530-thin-light-laptop/p/itm3d8252f6a031d,2026-10-06T11:39:02.277106+00:00
Flipkart,ASUS,"ASUS Vivobook S16 (2026) with Metallic Design, Gaming Grade CPU AMD Ryzen 5 220 - (16 GB/512 GB SSD/Wi...",Gaming,16,,,0,,AMD,Ryzen 5,,,,,16,DDR5,512,SSD,,AMD,AMD Radeon Graphics,16,Integrated,Windows 11,,,899.88,74990,INR,https://www.flipkart.com/asus-vivobook-s16-2026-metallic-design-gaming-grade-cpu-amd-ryzen-5-220-16-gb-512-gb-ssd-windows-11-home-m3607ha-rp219ws-thin-light-laptop/p/itm68882d208580b,2026-10-06T11:39:02.277106+00:00
Flipkart,ASUS,"ASUS Vivobook S16 OLED (2025) with Backlit Keyboard, Metal Body*, Snapdragon X - (16 GB/512 GB SSD/Win...",Notebook,16,,OLED,0,,Qualcomm,Snapdragon X,Processor,Snapdragon,,,16,LPDDR5X,512,SSD,,,,16,,Windows 11,,,932.46,77705,INR,https://www.flipkart.com/asus-vivobook-s16-oled-2025-backlit-keyboard-metal-body-snapdragon-x-16-gb-512-gb-ssd-windows-11-home-s3607qa-sh079ws-thin-light-laptop/p/itma802a754ee9ca,2026-10-06T11:39:02.277106+00:00
Flipkart,Acer,Acer Aspire Lite Metal (2026) Intel Core 3 14th Gen 100U - (8 GB/512 GB SSD/Windows 11 Home) AL15-53 N...,Notebook,15.6,,,0,,Intel,Core 3,,14th Gen,,,8,DDR4,512,SSD,,Intel,Intel UHD Graphics,8,Integrated,Windows 11,,,563.88,46990,INR,https://www.flipkart.com/acer-aspire-lite-metal-2026-intel-core-3-14th-gen-100u-8-gb-512-gb-ssd-windows-11-home-al15-53-notebook/p/itma0128e7d1fb8d,2026-10-06T11:39:02.277106+00:00
Flipkart,Acer,Acer Aspire 7(i5 14th Gen) Intel Core 5 210H - (16 GB/512 GB SSD/Windows 11 Home/6 GB Graphics/NVIDIA ...,Notebook,15.6,,,0,,Intel,Core 5,210H,Raptor Lake Refresh,,,16,DDR4,512,SSD,,Intel,Intel UHD Graphics,16,Integrated,Windows 11,,,1280.39,106699,INR,https://www.flipkart.com/acer-aspire-7-i5-14th-gen-intel-core-5-210h-16-gb-512-gb-ssd-windows-11-home-6-graphics-nvidia-geforce-rtx-4050-a715-79g-gaming-laptop/p/itm96c08ed7d9792,2026-10-06T11:39:02.277106+00:00
Flipkart,Samsung,Samsung Galaxy Book4 Metal Intel Core i5 13th Gen 1335U - (16 GB/512 GB SSD/Windows 11 Home) NP750XGJ ...,Notebook,15.6,,,0,,Intel,Core i5,Intel Core i5 Processor (13th Gen),13th Gen,,,16,LPDDR4X,512,SSD,,Intel,Intel Iris Xe Graphics,16,Integrated,Windows 11,,,929.88,77490,INR,https://www.flipkart.com/samsung-galaxy-book4-metal-intel-core-i5-13th-gen-1335u-16-gb-512-gb-ssd-windows-11-home-np750xgj-thin-light-laptop/p/itm1df5212efb9fc,2026-10-06T11:39:02.277106+00:00
Flipkart,ASUS,"ASUS Vivobook 14 (2025) with Office 2024 + M365 Basic*, Backlit Keyboard, Snapdragon X - (16 GB/512 GB...",Notebook,14,,,0,,Qualcomm,Snapdragon X,Processor,Snapdragon,,,16,LPDDR5X,512,SSD,,Apple,M3  GPU,16,M3,Windows 11,,,767.77,63981,INR,https://www.flipkart.com/asus-vivobook-14-2025-office-2024-m365-basic-backlit-keyboard-snapdragon-x-16-gb-512-gb-ssd-windows-11-home-x1407qa-ly088ws-thin-light-laptop/p/itm50b9ac5b77ae0,2026-10-06T11:39:02.277106+00:00
Flipkart,Lenovo,Lenovo Ideapad Slim 3 OLED with 1Yr ADP Snapdragon X - (16 GB/512 GB SSD/Windows 11 Home) 15Q8X10 Lapt...,Ultrabook,15.1,,OLED,0,,Qualcomm,Snapdragon X,Processor,Snapdragon,,,16,LPDDR5X,512,SSD,,,,16,,Windows 11,,,803.88,66990,INR,https://www.flipkart.com/lenovo-ideapad-slim-3-oled-1yr-adp-snapdragon-x-16-gb-512-gb-ssd-windows-11-home-15q8x10-laptop/p/itm5306716cd0f2f,2026-10-06T11:39:02.277106+00:00
Flipkart,HP,HP 15 G10 (2025) AMD Athlon Dual Core 7120U - (8 GB/256 GB SSD/Windows 11 Home) 15 G10 Thin and Light ...,Ultrabook,15.6,,,0,,AMD,ATHLON,Dual,AMD Budget,,2,8,DDR4,256,SSD,,AMD,AMD Radeon Graphics,8,Integrated,Windows 11,,,557.88,46490,INR,https://www.flipkart.com/hp-15-g10-2025-amd-athlon-dual-core-7120u-8-gb-256-gb-ssd-windows-11-home-thin-light-laptop/p/itm0801fb35a64f2,2026-10-06T11:39:02.277106+00:00
Flipkart,HP,HP 15 Intel Core i5 13th Gen 1335U - (16 GB/512 GB SSD/Windows 11 Home) 15-fd0576TU / 15-fd0467TU Thin...,Notebook,15.6,,,0,,Intel,Core i5,Intel Core i5 Processor (13th Gen),13th Gen,,,16,DDR4,512,SSD,,Intel,Intel Iris Xe Graphics,16,Integrated,Windows 11,,,960.02,80002,INR,https://www.flipkart.com/hp-15-intel-core-i5-13th-gen-1335u-16-gb-512-gb-ssd-windows-11-home-15-fd0576tu-15-fd0467tu-thin-light-laptop/p/itm3d552029526ba,2026-10-06T11:39:02.277106+00:00
Flipkart,Lenovo,Lenovo Ideapad Intel Core i5 12th Gen 12450H - (16 GB/512 GB SSD/Windows 11 Home/4 GB Graphics) 15IAH8...,Notebook,15.6,,,0,,Intel,Core i5,Intel Core i5 Processor (12th Gen),12th Gen,,,16,LPDDR5,512,SSD,,Intel,Intel Iris Xe Graphics,16,Integrated,Windows 11,,,887.26,73938,INR,https://www.flipkart.com/lenovo-ideapad-intel-core-i5-12th-gen-12450h-16-gb-512-gb-ssd-windows-11-home-4-graphics-15iah8-thin-light-laptop/p/itm76f0e5d975817,2026-10-06T11:39:02.277106+00:00
Flipkart,Acer,Acer Aspire 3 AMD Ryzen 3 5300U - (8 GB/256 GB SSD/Windows 11 Home) A325-42 Notebook,Notebook,15.6,,,0,,AMD,Ryzen 3,5300U,Zen 3,,,8,DDR4,256,SSD,,AMD,AMD Radeon Graphics,8,Integrated,Windows 11,,,491.88,40990,INR,https://www.flipkart.com/acer-aspire-3-amd-ryzen-5300u-8-gb-256-gb-ssd-windows-11-home-a325-42-notebook/p/itm0a8558b1e5a9d,2026-10-06T11:39:02.277106+00:00
Flipkart,Dell,DELL 15 (2026) AMD Ryzen 5 Hexa Core 7530U - (16 GB/512 GB SSD/Windows 11 Home) DC15255 Thin and Light...,Ultrabook,15.6,,,0,,AMD,Ryzen 5,7530U,Zen 4,,6,16,DDR4,512,SSD,,AMD,AMD Radeon Graphics,16,Integrated,Windows 11,,,839.52,69960,INR,https://www.flipkart.com/dell-15-2026-amd-ryzen-5-hexa-core-7530u-16-gb-512-gb-ssd-windows-11-home-dc15255-thin-light-laptop/p/itmd20ac87f34826,2026-10-06T11:39:02.277106+00:00
Flipkart,Acer,"Acer Aspire Lite Metal (2026), Backlit Keyboard AMD Ryzen 3 7330U - (8 GB/512 GB SSD/Windows 11 Home) ...",Notebook,15.6,,,0,,AMD,Ryzen 3,7330U,Zen 4,,,8,DDR4,512,SSD,,AMD,AMD Radeon Graphics,8,Integrated,Windows 11,,,539.88,44990,INR,https://www.flipkart.com/acer-aspire-lite-metal-2026-backlit-keyboard-amd-ryzen-3-7330u-8-gb-512-gb-ssd-windows-11-home-al15-42-notebook/p/itm3896a4c2a0406,2026-10-06T11:39:02.277106+00:00
Flipkart,HP,HP OMEN Intel Core i7 14th Gen 14650HX - (16 GB/1 TB SSD/Windows 11 Home/8 GB Graphics/NVIDIA GeForce ...,Notebook,16.1,,,0,,Intel,Core i7,Intel Core i7 Processor (14th Gen),14th Gen,,,16,DDR5,1000,SSD,,Intel,Intel Iris Xe Graphics,16,Integrated,Windows 11,,,2279.99,189999,INR,https://www.flipkart.com/hp-omen-intel-core-i7-14th-gen-14650hx-16-gb-1-tb-ssd-windows-11-home-8-gb-graphics-nvidia-geforce-rtx-4060-16-wf1096tx-ae0002tx-gaming-laptop/p/itm98841df0cbbc6,2026-10-06T11:39:02.277106+00:00
Flipkart,HP,"HP 15 Laptop with Backlit Keyboard & MSO'2024, AMD Ryzen 7 Octa Core 7730U - (16 GB/512 GB SSD/Windows...",Notebook,15.6,,,0,,AMD,Ryzen 7,7730U,Zen 4,,8,16,DDR4,512,SSD,,AMD,AMD Radeon Graphics,16,Integrated,Windows 11,,,839.88,69990,INR,https://www.flipkart.com/hp-15-laptop-backlit-keyboard-mso-2024-amd-ryzen-7-octa-core-7730u-16-gb-512-gb-ssd-windows-11-home-15-fc0390au-15-fc0761au-thin-light/p/itmf28fcea04f998,2026-10-06T11:39:02.277106+00:00
Flipkart,HP,HP Pavilion Plus Metal Body Intel Core i5 13th Gen 1335U - (16 GB/512 GB SSD/Windows 11 Home) 14-EW010...,Notebook,14,,,0,,Intel,Core i5,Intel Core i5 Processor (13th Gen),13th Gen,,,16,DDR5,512,SSD,,Intel,Intel Iris Xe Graphics,16,Integrated,Windows 11,,,1112.95,92746,INR,https://www.flipkart.com/hp-pavilion-plus-metal-body-intel-core-i5-13th-gen-1335u-16-gb-512-gb-ssd-windows-11-home-14-ew0107tu-thin-light-laptop/p/itmdeb02fb3f429e,2026-10-06T11:39:02.277106+00:00
Flipkart,Dell,DELL 15 Microsoft Office Home 2024 Intel Core i3 13th Gen 1305U - (16 GB/512 GB SSD/Windows 11 Home) 3...,Notebook,15.6,,,0,,Intel,Core i3,Intel Core i3 Processor (13th Gen),13th Gen,,,16,DDR4,512,SSD,,Intel,Intel Iris Xe Graphics,16,Integrated,Windows 11,,,653.75,54479,INR,https://www.flipkart.com/dell-15-microsoft-office-home-2024-intel-core-i3-13th-gen-1305u-16-gb-512-gb-ssd-windows-11-home-3530-thin-light-laptop/p/itm7e8388959b785,2026-10-06T11:39:02.277106+00:00
Flipkart,Lenovo,Lenovo IdeaPad Slim 3 Backlit Intel Core i5 12th Gen 12450H - (16 GB/512 GB SSD/Windows 11 Home) 15IAH...,Ultrabook,15.6,,,0,,Intel,Core i5,Intel Core i5 Processor (12th Gen),12th Gen,,,16,LPDDR5,512,SSD,,Intel,Intel Iris Xe Graphics,16,Integrated,Windows 11,,,867.56,72297,INR,https://www.flipkart.com/lenovo-ideapad-slim-3-backlit-intel-core-i5-12th-gen-12450h-16-gb-512-gb-ssd-windows-11-home-15iah8-thin-light-laptop/p/itm76f0e5d975817,2026-10-06T11:39:02.277106+00:00
Flipkart,HP,HP Victus(i5 14th Gen) Intel Core 5 210H - (24 GB/512 GB SSD/Windows 11 Home/4 GB Graphics/NVIDIA GeFo...,Notebook,15.6,,,0,,Intel,Core 5,210H,Raptor Lake Refresh,,,24,DDR5,512,SSD,,Intel,Intel UHD Graphics,24,Integrated,Windows 11,,,1115.88,92990,INR,https://www.flipkart.com/hp-victus-i5-14th-gen-intel-core-5-210h-24-gb-512-gb-ssd-windows-11-home-4-graphics-nvidia-geforce-rtx-3050-15-fa2500tx-15-fa2497tx-gaming-laptop/p/itm4ee921f6132cd,2026-10-06T11:39:02.277106+00:00
Flipkart,ASUS,"ASUS Vivobook 14 Flip OLED (2026) with Touch Screen, Metallic Design, Intel Core Ultra 5 226V - (16 GB...",2-in-1,14,,OLED,1,,Intel,Core Ultra 5,226V,Meteor Lake,,,16,LPDDR5X,512,SSD,,Intel,Intel UHD Graphics,16,Integrated,Windows 11,,,1163.88,96990,INR,https://www.flipkart.com/asus-vivobook-14-flip-oled-2026-touch-screen-metallic-design-intel-core-ultra-5-226v-16-gb-512-gb-ssd-windows-11-home-tp3407sa-sg183ws-2-1-laptop/p/itmffd74b3d38344,2026-10-06T11:39:02.277106+00:00
Flipkart,Lenovo,Lenovo 100e Chromebook Gen 4 MediaTek MediaTek Kompanio 528 - (4 GB/64 GB EMMC Storage/Chrome OS) 100e...,Chromebook,11.6,,,0,,,,,,,,4,LPDDR4X,64,EMMC,,,,4,,Chrome OS,,,338.40,28200,INR,https://www.flipkart.com/lenovo-100e-chromebook-gen-4-mediatek-kompanio-528-4-gb-64-gb-emmc-storage-chrome-os/p/itm2ea2371d3bde4,2026-10-06T11:39:02.277106+00:00
Flipkart,Lenovo,Lenovo IdeaPad Slim 1 AMD Ryzen 5 Hexa Core 5500U - (8 GB/512 GB SSD/Windows 11 Home) 15ACL6 | 15ALC7 ...,Ultrabook,15.6,,,0,,AMD,Ryzen 5,5500U,Zen 3,,6,8,DDR4,512,SSD,,AMD,AMD Radeon Graphics,8,Integrated,Windows 11,,,701.99,58499,INR,https://www.flipkart.com/lenovo-ideapad-slim-1-amd-ryzen-5-hexa-core-5500u-8-gb-512-gb-ssd-windows-11-home-15acl6-15alc7-2-thin-light-laptop/p/itm3680fb576eb7b,2026-10-06T11:39:02.277106+00:00
Flipkart,Acer,Acer Aspire 3 with Infinity Learn NEET 2027 Capsule Course Intel Celeron Dual Core N4500 - (8 GB/256 G...,Notebook,15.6,,,0,,Intel,Celeron,Dual,Budget,,2,8,LPDDR4X,256,SSD,,Intel,Intel UHD Graphics,8,Integrated,Windows 11,,,431.88,35990,INR,https://www.flipkart.com/acer-aspire-3-infinity-learn-neet-2027-capsule-course-intel-celeron-dual-core-n4500-8-gb-256-gb-ssd-windows-11-home-a325-45-notebook/p/itm0fe0a0d44010c,2026-10-06T11:39:02.277106+00:00
Flipkart,Lenovo,Lenovo Yoga Slim 7 WUXGA OLED with 1Yr ADP Intel Core Ultra 9 185H - (32 GB/1 TB SSD/Windows 11 Home) ...,2-in-1,14,1920x1200,OLED,1,,Intel,Core Ultra 9,185H,Meteor Lake,,,32,LPDDR5,1000,SSD,,Intel,Intel UHD Graphics,32,Integrated,Windows 11,,,2028.00,169000,INR,https://www.flipkart.com/lenovo-yoga-slim-7-wuxga-oled-1yr-adp-intel-core-ultra-9-185h-32-gb-1-tb-ssd-windows-11-home-14imh9-thin-light-laptop/p/itm25bb8d43c952a,2026-10-06T11:39:02.277106+00:00
Flipkart,ASUS,ASUS TUF Gaming A15 (2025) AMD Ryzen 7 Octa Core 7445HS - (16 GB/1 TB SSD/Windows 11 Home/4 GB Graphic...,Gaming,15.6,,,0,,AMD,Ryzen 7,7445HS,Zen 4,,8,16,DDR5,1000,SSD,,AMD,AMD Radeon Graphics,16,Integrated,Windows 11,,,911.88,75990,INR,https://www.flipkart.com/asus-tuf-gaming-a15-2025-amd-ryzen-7-octa-core-7445hs-16-gb-1-tb-ssd-windows-11-home-4-gb-graphics-nvidia-geforce-rtx-3050-144-hz-fa506ncg-hn249w-laptop/p/itma80161587da66,2026-10-06T11:39:02.277106+00:00
Flipkart,Apple,"Apple MacBook Pro (M5, 2025) M5 - (32 GB/1 TB SSD/Tahoe) MJ3E4HN/A",Ultrabook,14,,,0,,Apple,,Apple M5 Processor,,,,32,,1000,SSD,,Apple, GPU,32,,macOS,,,3454.80,287900,INR,https://www.flipkart.com/apple-macbook-pro-m5-2025-m5-32-gb-1-tb-ssd-tahoe-mj3e4hn-a/p/itm57229de3d9b80,2026-10-06T11:39:02.277106+00:00
Flipkart,ASUS,ASUS Chromebook CX14 Intel Celeron Dual Core N4500 - (4 GB/64 GB EMMC Storage/Chrome OS) CX1405CKA-NK0...,Chromebook,14,,,0,,Intel,Celeron,Dual,Budget,,2,4,LPDDR4X,64,EMMC,,Intel,Intel UHD Graphics,4,Integrated,Chrome OS,,,371.08,30923,INR,https://www.flipkart.com/asus-chromebook-cx14-intel-celeron-dual-core-n4500-4-gb-64-gb-emmc-storage-chrome-os-cx1405cka-nk0154-cx1405cka-s60342/p/itm076cdd51ac69a,2026-10-06T11:39:02.277106+00:00
Flipkart,ASUS,"ASUS Vivobook 16 (2026) AI PC with Office 2024 + M365 Basic*, Copilot+ PC AMD Ryzen AI 7 Hexa Core 445...",Notebook,16,,,0,,AMD,Ryzen AI 7,Hexa,Zen 5 (Strix),,6,16,DDR5,512,SSD,,AMD,AMD Radeon Graphics,16,Integrated,Windows 11,,,1043.88,86990,INR,https://www.flipkart.com/asus-vivobook-16-2026-ai-pc-office-2024-m365-basic-copilot-amd-ryzen-7-hexa-core-445-16-gb-512-gb-ssd-windows-11-home-m1607ga-mb029ws-thin-light-laptop/p/itm2d63dd66b4319,2026-10-06T11:39:02.277106+00:00
Flipkart,HP,HP 255 G10 AMD Athlon Dual Core 7120U - (8 GB/256 GB SSD/Windows 11 Home) 255 G10 Thin and Light Lapto...,Ultrabook,15.6,,,0,,AMD,ATHLON,Dual,AMD Budget,,2,8,LPDDR5,256,SSD,,AMD,AMD Radeon Graphics,8,Integrated,Windows 11,,,608.06,50672,INR,https://www.flipkart.com/hp-255-g10-amd-athlon-dual-core-7120u-8-gb-256-gb-ssd-windows-11-home-thin-light-laptop/p/itm0994d96e22416,2026-10-06T11:39:02.277106+00:00
Flipkart,MSI,MSI Modern 14 Intel Core i3 12th Gen 1215U - (8 GB/512 GB SSD/Windows 11 Home) Modern 14 C12M-445IN / ...,Notebook,14,,,0,,Intel,Core i3,Intel Core i3 Processor (12th Gen),12th Gen,,,8,DDR4,512,SSD,,Intel,Intel Iris Xe Graphics,8,Integrated,Windows 11,,,659.89,54991,INR,https://www.flipkart.com/msi-modern-14-intel-core-i3-12th-gen-1215u-8-gb-512-gb-ssd-windows-11-home-c12m-445in-c12mo-1022in-thin-light-laptop/p/itmef8f5c6fd8e76,2026-10-06T11:39:02.277106+00:00
Flipkart,MSI,MSI Stealth 16 AI Studio Intel Core Ultra 9 185H - (32 GB/2 TB SSD/Windows 11 Home/8 GB Graphics/NVIDI...,Notebook,16,,,0,,Intel,Core Ultra 9,185H,Meteor Lake,,,32,DDR5,2000,SSD,,Intel,Intel UHD Graphics,32,Integrated,Windows 11,,,2879.88,239990,INR,https://www.flipkart.com/msi-stealth-16-ai-studio-intel-core-ultra-9-185h-32-gb-2-tb-ssd-windows-11-home-8-gb-graphics-nvidia-geforce-rtx-4070-a1vgg-057in-gaming-laptop/p/itm9ffb75d2f5e4c,2026-10-06T11:39:02.277106+00:00
Flipkart,Samsung,Samsung Galaxy Book4 Metal Intel Core i5 13th Gen 1335U - (8 GB/512 GB SSD/Windows 11 Home) NP750XGJ-K...,Notebook,15.6,,,0,,Intel,Core i5,Intel Core i5 Processor (13th Gen),13th Gen,,,8,LPDDR4X,512,SSD,,Intel,Intel Iris Xe Graphics,8,Integrated,Windows 11,,,938.27,78189,INR,https://www.flipkart.com/samsung-galaxy-book4-metal-intel-core-i5-13th-gen-1335u-8-gb-512-gb-ssd-windows-11-home-np750xgj-kg1in-np750xgj-lg1in-np750xgj-lg6in-thin-light-laptop/p/itm1df5212efb9fc,2026-10-06T11:39:02.277106+00:00
Flipkart,Acer,Acer Aspire 3 Backlit AMD Ryzen 7 Octa Core 7730U - (16 GB/1 TB SSD/Windows 11 Home) A325-42 / AS15-42...,Notebook,15.6,,,0,,AMD,Ryzen 7,7730U,Zen 4,,8,16,DDR4,1000,SSD,,AMD,AMD Radeon Graphics,16,Integrated,Windows 11,,,911.88,75990,INR,https://www.flipkart.com/acer-aspire-3-backlit-amd-ryzen-7-octa-core-7730u-16-gb-1-tb-ssd-windows-11-home-a325-42-as15-42-thin-light-laptop/p/itmdaf15e01a1d1a,2026-10-06T11:39:02.277106+00:00
Flipkart,HP,HP (i5 14th Gen) Intel Core 5 - (16 GB/512 GB SSD/Windows 11 Home) 14-ep0385TU Laptop,Notebook,14,,,0,,Intel,Core 5,,Raptor Lake Refresh,,,16,DDR4,512,SSD,,Intel,Intel UHD Graphics,16,Integrated,Windows 11,,,875.88,72990,INR,https://www.flipkart.com/hp-i5-14th-gen-intel-core-5-16-gb-512-gb-ssd-windows-11-home-14-ep0385tu-laptop/p/itm161ffa4bbbc49,2026-10-06T11:39:02.277106+00:00
Flipkart,ASUS,"ASUS Vivobook 15 (2026) with Office 2024 + M365 Basic*, AMD Ryzen 7 Octa Core 170 - (16 GB/512 GB SSD/...",Notebook,15.6,,,0,,AMD,Ryzen 7,,,,8,16,DDR5,512,SSD,,AMD,AMD Radeon Graphics,16,Integrated,Windows 11,,,959.88,79990,INR,https://www.flipkart.com/asus-vivobook-15-2026-office-2024-m365-basic-amd-ryzen-7-octa-core-170-16-gb-512-gb-ssd-windows-11-home-m1502naq-bq121ws-thin-light-laptop/p/itmfd4d7978b0424,2026-10-06T11:39:02.277106+00:00
Flipkart,Acer,Acer Acer Aspire Lite AL15-53 Intel Core i3 13th Gen - (8 GB/512 GB SSD/Windows 11 Home) AL15-53 Noteb...,Notebook,15.6,,,0,,Intel,Core i3,Intel Core i3 Processor (13th Gen),13th Gen,,,8,DDR4,512,SSD,,Intel,Intel Iris Xe Graphics,8,Integrated,Windows 11,,,639.88,53323,INR,https://www.flipkart.com/acer-aspire-lite-al15-53-intel-core-i3-13th-gen-8-gb-512-gb-ssd-windows-11-home-notebook/p/itma0128e7d1fb8d,2026-10-06T11:39:02.277106+00:00
Flipkart,HP,HP MSO 2024 Intel Core i3 13th Gen 1315U - (16 GB/512 GB SSD/Windows 11 Home) 15-fd0574TU / 15 - fd066...,Notebook,15.6,,,0,,Intel,Core i3,Intel Core i3 Processor (13th Gen),13th Gen,,,16,DDR4,512,SSD,,Intel,Intel Iris Xe Graphics,16,Integrated,Windows 11,,,610.84,50903,INR,https://www.flipkart.com/hp-mso-2024-intel-core-i3-13th-gen-1315u-16-gb-512-gb-ssd-windows-11-home-15-fd0574tu-15-fd0668tu-thin-light-laptop/p/itmcb9e5b7b2d3fb,2026-10-06T11:39:02.277106+00:00
Flipkart,Acer,Acer Aspire 15 AMD Ryzen 3 Quad Core 7330U - (8 GB/512 GB SSD/Windows 11 Home) AS15 42 / A325 42 Thin ...,Notebook,15.6,,,0,,AMD,Ryzen 3,7330U,Zen 4,,4,8,DDR4,512,SSD,,AMD,AMD Radeon Graphics,8,Integrated,Windows 11,,,559.19,46599,INR,https://www.flipkart.com/acer-aspire-15-amd-ryzen-3-quad-core-7330u-8-gb-512-gb-ssd-windows-11-home-as15-42-a325-thin-light-laptop/p/itmdaf15e01a1d1a,2026-10-06T11:39:02.277106+00:00
Flipkart,MSI,MSI Modern 14 AMD Ryzen 5 Hexa Core 7430U - (8 GB/512 GB SSD/Windows 11 Home) Modern 14 C7M-105IN Busi...,Notebook,14,,,0,,AMD,Ryzen 5,7430U,Zen 4,,6,8,DDR4,512,SSD,,AMD,AMD Radeon Graphics,8,Integrated,Windows 11,,,827.89,68991,INR,https://www.flipkart.com/msi-modern-14-amd-ryzen-5-hexa-core-7430u-8-gb-512-gb-ssd-windows-11-home-c7m-105in-business-laptop/p/itmef8f5c6fd8e76,2026-10-06T11:39:02.277106+00:00
Flipkart,Lenovo,Lenovo IdeaPad Slim 3 with 1Yr ADP AMD Ryzen 5 Quad Core 7520U - (16 GB/512 GB SSD/Windows 11 Home) 15...,Ultrabook,15.6,,,0,,AMD,Ryzen 5,7520U,Zen 4,,4,16,LPDDR5,512,SSD,,AMD,AMD Radeon Graphics,16,Integrated,Windows 11,,,866.28,72190,INR,https://www.flipkart.com/lenovo-ideapad-slim-3-1yr-adp-amd-ryzen-5-quad-core-7520u-16-gb-512-gb-ssd-windows-11-home-15amn8-thin-light-laptop/p/itm76f0e5d975817,2026-10-06T11:39:02.277106+00:00
Flipkart,Acer,Acer Aspire 3 AMD Ryzen 3 Quad Core 7330U - (8 GB/256 GB SSD/Windows 11 Home) AS15-42 Thin and Light L...,Ultrabook,15.6,,,0,,AMD,Ryzen 3,7330U,Zen 4,,4,8,DDR4,256,SSD,,AMD,AMD Radeon Graphics,8,Integrated,Windows 11,,,550.80,45900,INR,https://www.flipkart.com/acer-aspire-3-amd-ryzen-quad-core-7330u-8-gb-256-gb-ssd-windows-11-home-as15-42-thin-light-laptop/p/itmdaf15e01a1d1a,2026-10-06T11:39:02.277106+00:00
Flipkart,MSI,MSI Commercial 14 H Intel Core i7 13th Gen 13620H - (16 GB/1 TB SSD/Windows 11 Home) Commercial 14 H A...,Notebook,14,,,0,,Intel,Core i7,Intel Core i7 Processor (13th Gen),13th Gen,,,16,DDR4,1000,SSD,,Intel,Intel Iris Xe Graphics,16,Integrated,Windows 11,,,1175.88,97990,INR,https://www.flipkart.com/msi-commercial-14-h-intel-core-i7-13th-gen-13620h-16-gb-1-tb-ssd-windows-11-home-a13mg-070in-business-laptop/p/itm869e7ffedde0f,2026-10-06T11:39:02.277106+00:00
Flipkart,ASUS,ASUS ROG Strix G16 (2025) with Office 2024 + M365 Basic* Intel Core Ultra 9 275HX - (32 GB/1 TB SSD/Wi...,Notebook,16,,,0,,Intel,Core Ultra 9,275HX,Meteor Lake,,,32,DDR5,1000,SSD,,Intel,Intel UHD Graphics,32,Integrated,Windows 11,,,3516.00,293000,INR,https://www.flipkart.com/asus-rog-strix-g16-2025-office-2024-m365-basic-intel-core-ultra-9-275hx-32-gb-1-tb-ssd-windows-11-home-8-gb-graphics-nvidia-geforce-rtx-5070-240-hz-g615lp-s5022ws-gaming-laptop/p/itmb27d8daded6dd,2026-10-06T11:39:02.277106+00:00
Flipkart,MSI,MSI Commercial 14 H Pro Intel Core i7 13th Gen 13700H - (32 GB/1 TB SSD/Windows 11 Pro) Commercial 14 ...,Notebook,14,,,0,,Intel,Core i7,Intel Core i7 Processor (13th Gen),13th Gen,,,32,DDR4,1000,SSD,,Intel,Intel Iris Xe Graphics,32,Integrated,Windows 11,,,1115.88,92990,INR,https://www.flipkart.com/msi-commercial-14-h-pro-intel-core-i7-13th-gen-13700h-32-gb-1-tb-ssd-windows-11-pro-a13mg-vpro-065in-business-laptop/p/itm869e7ffedde0f,2026-10-06T11:39:02.277106+00:00
Flipkart,ASUS,ASUS Vivobook (i5 14th Gen) Intel Core 5 120U - (16 GB/512 GB SSD/Windows 11 Home) X1504VAP-BQ1542WS T...,Notebook,15.6,,,0,,Intel,Core 5,120U,Raptor Lake Refresh,,,16,DDR5,512,SSD,,Intel,Intel UHD Graphics,16,Integrated,Windows 11,,,887.88,73990,INR,https://www.flipkart.com/asus-vivobook-i5-14th-gen-intel-core-5-120u-16-gb-512-gb-ssd-windows-11-home-x1504vap-bq1542ws-thin-light-laptop/p/itm86c6683540152,2026-10-06T11:39:02.277106+00:00
Flipkart,HP,HP 14 AI PC Intel Core Ultra 7 155H - (16 GB/512 GB SSD/Windows 11 Home) 14-ep1151TU/14-gr1036TU Thin ...,Notebook,14,,,0,,Intel,Core Ultra 7,155H,Meteor Lake,,,16,DDR5,512,SSD,,Intel,Intel UHD Graphics,16,Integrated,Windows 11,,,1162.80,96900,INR,https://www.flipkart.com/hp-14-ai-pc-intel-core-ultra-7-155h-16-gb-512-gb-ssd-windows-11-home-14-ep1151tu-14-gr1036tu-thin-light-laptop/p/itmb03e7985652f2,2026-10-06T11:39:02.277106+00:00
Flipkart,Lenovo,Lenovo IdeaPad Slim 3 Intel Core i5 13th Gen 13420H - (16 GB/512 GB SSD/Windows 11 Home) IdeaPad Slim ...,Ultrabook,15.3,,,0,,Intel,Core i5,Intel Core i5 Processor (13th Gen),13th Gen,,,16,DDR5,512,SSD,,Intel,Intel Iris Xe Graphics,16,Integrated,Windows 11,,,923.88,76990,INR,https://www.flipkart.com/lenovo-ideapad-slim-3-intel-core-i5-13th-gen-13420h-16-gb-512-gb-ssd-windows-11-home-15irh10-thin-light-laptop/p/itm01a19c73a4619,2026-10-06T11:39:02.277106+00:00
Flipkart,ASUS,ASUS ExpertBook P5 with Full Metal AI PC with 1 Yr ADP Intel Core Ultra 7 258V - (32 GB/1 TB SSD/Windo...,Notebook,14,,,0,,Intel,Core Ultra 7,258V,Meteor Lake,,,32,LPDDR5X,1000,SSD,,Intel,Intel UHD Graphics,32,Integrated,Windows 11,,,1873.54,156128,INR,https://www.flipkart.com/asus-expertbook-p5-full-metal-ai-pc-1-yr-adp-intel-core-ultra-7-258v-32-gb-1-tb-ssd-windows-11-home-p5405csa-nz0215ws-thin-light-laptop/p/itm9a04cfff0490d,2026-10-06T11:39:02.277106+00:00
Flipkart,HP,HP 15s Intel Core i5 12th Gen 1235U - (16 GB/512 GB SSD/Windows 11 Home) 15s-fq5330TU|15-fd0111TU Thin...,Notebook,15.6,,,0,,Intel,Core i5,Intel Core i5 Processor (12th Gen),12th Gen,,,16,DDR4,512,SSD,,Intel,Intel Iris Xe Graphics,16,Integrated,Windows 11,,,750.31,62526,INR,https://www.flipkart.com/hp-15s-intel-core-i5-12th-gen-1235u-16-gb-512-gb-ssd-windows-11-home-15s-fq5330tu-15-fd0111tu-thin-light-laptop/p/itm5b5f94f7b044c,2026-10-06T11:39:02.277106+00:00
Flipkart,Acer,Acer Aspire AMD Ryzen 3 3200U - (8 GB/256 GB SSD/Windows 11 Home) A325-39 Notebook,Notebook,15.6,,,0,,AMD,Ryzen 3,3200U,Zen 2,,,8,DDR4,256,SSD,,AMD,AMD Radeon Graphics,8,Integrated,Windows 11,,,419.88,34990,INR,https://www.flipkart.com/acer-aspire-amd-ryzen-3-3200u-8-gb-256-gb-ssd-windows-11-home-a325-39-notebook/p/itm754d716659693,2026-10-06T11:39:02.277106+00:00
Flipkart,Lenovo,Lenovo LOQ Intel Core i7 13th Gen 13650HX - (16 GB/512 GB SSD/Windows 11 Home/6 GB Graphics/NVIDIA GeF...,Notebook,15.6,,,0,,Intel,Core i7,Intel Core i7 Processor (13th Gen),13th Gen,,,16,DDR5,512,SSD,,Intel,Intel Iris Xe Graphics,16,Integrated,Windows 11,,,1575.48,131290,INR,https://www.flipkart.com/lenovo-loq-intel-core-i7-13th-gen-13650hx-16-gb-512-gb-ssd-windows-11-home-6-graphics-nvidia-geforce-rtx-4050-15irx9d2-15irx9-gaming-laptop/p/itme3e94a3f73f71,2026-10-06T11:39:02.277106+00:00
Flipkart,HP,HP OmniBook X Flip (Previously Envy) Intel Core Ultra 7 258V - (32 GB/1 TB SSD/Windows 11 Home/16 GB G...,2-in-1,14,,,1,,Intel,Core Ultra 7,258V,Meteor Lake,,,32,LPDDR5X,1000,SSD,,Intel,Intel UHD Graphics,32,Integrated,Windows 11,,,1928.27,160689,INR,https://www.flipkart.com/hp-omnibook-x-flip-previously-envy-intel-core-ultra-7-258v-32-gb-1-tb-ssd-windows-11-home-16-gb-graphics-14-fm0029tu-2-1-laptop/p/itm1f5c3df864957,2026-10-06T11:39:02.277106+00:00
Flipkart,Acer,Acer Aspire 14 Office 2024 + M365 Basic Intel Core i5 13th Gen 13500H - (16 GB/512 GB SSD/Windows 11 H...,Notebook,14,,,0,,Intel,Core i5,Intel Core i5 Processor (13th Gen),13th Gen,,,16,LPDDR5,512,SSD,,Intel,Intel Iris Xe Graphics,16,Integrated,Windows 11,,,899.99,74999,INR,https://www.flipkart.com/acer-aspire-14-office-2024-m365-basic-intel-core-i5-13th-gen-13500h-16-gb-512-gb-ssd-windows-11-home-as14h-53-thin-light-laptop/p/itm6d9e21bde5a56,2026-10-06T11:39:02.277106+00:00
Flipkart,Acer,Acer Swift Neo 14 Office 2024 + M365 Basic Intel Core Ultra 5 115U - (16 GB/512 GB SSD/Windows 11 Home...,Ultrabook,14,,,0,,Intel,Core Ultra 5,115U,Meteor Lake,,,16,LPDDR5,512,SSD,,Intel,Intel UHD Graphics,16,Integrated,Windows 11,,,839.88,69990,INR,https://www.flipkart.com/acer-swift-neo-14-office-2024-m365-basic-intel-core-ultra-5-115u-16-gb-512-gb-ssd-windows-11-home-sfn14-54h-thin-light-laptop/p/itm7e110040e3132,2026-10-06T11:39:02.277106+00:00
Flipkart,Acer,Acer Nitro V 15 Intel Core i7 13th Gen 13620H - (16 GB/512 GB SSD/Windows 11 Home/8 GB Graphics/NVIDIA...,Notebook,15.6,,,0,,Intel,Core i7,Intel Core i7 Processor (13th Gen),13th Gen,,,16,DDR4,512,SSD,,Intel,Intel Iris Xe Graphics,16,Integrated,Windows 11,,,1507.19,125599,INR,https://www.flipkart.com/acer-nitro-v-15-intel-core-i7-13th-gen-13620h-16-gb-512-gb-ssd-windows-11-home-8-graphics-nvidia-geforce-rtx-5050-anv15-52-gaming-laptop/p/itmca41715d4a6d8,2026-10-06T11:39:02.277106+00:00
Flipkart,ASUS,"ASUS Vivobook 15, with Backlit Keyboard, Intel Core i5 12th Gen 1235U - (16 GB/512 GB SSD/Windows 11 H...",Notebook,15.6,,,0,,Intel,Core i5,Intel Core i5 Processor (12th Gen),12th Gen,,,16,DDR4,512,SSD,,Intel,Intel Iris Xe Graphics,16,Integrated,Windows 11,,,611.88,50990,INR,https://www.flipkart.com/asus-vivobook-15-backlit-keyboard-intel-core-i5-12th-gen-1235u-16-gb-512-gb-ssd-windows-11-home-x1504za-nj540ws-x1504za-nj542ws-thin-light-laptop/p/itm200184e4e0443,2026-10-06T11:39:02.277106+00:00
Flipkart,Dell,DELL Inspiron 5440 (2026) (i3 14th Gen) Intel Core 3 14th Gen 100U - (8 GB/512 GB SSD/Windows 11 Home)...,Notebook,14,,,0,,Intel,Core 3,,14th Gen,,,8,DDR5,512,SSD,,Intel,Intel UHD Graphics,8,Integrated,Windows 11,,,695.88,57990,INR,https://www.flipkart.com/dell-inspiron-5440-2026-i3-14th-gen-intel-core-3-gen-100u-8-gb-512-gb-ssd-windows-11-home-thin-light-laptop/p/itm0587042bee5d3,2026-10-06T11:39:02.277106+00:00
Flipkart,HP,HP Victus AI AMD Ryzen 7 Octa Core 260 - (24 GB/1 TB SSD/Windows 11 Home/8 GB Graphics/NVIDIA GeForce ...,Notebook,15.6,,,0,,AMD,Ryzen 7,,,,8,24,DDR5,1000,SSD,,AMD,AMD Radeon Graphics,24,Integrated,Windows 11,,,1736.88,144740,INR,https://www.flipkart.com/hp-victus-ai-amd-ryzen-7-octa-core-260-24-gb-1-tb-ssd-windows-11-home-8-gb-graphics-nvidia-geforce-rtx-5050-15-fb3185ax-gaming-laptop/p/itm08bbf58218363,2026-10-06T11:39:02.277106+00:00
Flipkart,Lenovo,Lenovo LOQ Intel Core i5 12th Gen 12450HX - (16 GB/512 GB SSD/Windows 11 Home/6 GB Graphics/NVIDIA GeF...,Notebook,15.6,,,0,,Intel,Core i5,Intel Core i5 Processor (12th Gen),12th Gen,,,16,DDR5,512,SSD,,Intel,Intel Iris Xe Graphics,16,Integrated,Windows 11,,,1236.00,103000,INR,https://www.flipkart.com/lenovo-loq-intel-core-i5-12th-gen-12450hx-16-gb-512-gb-ssd-windows-11-home-6-graphics-nvidia-geforce-rtx-4050-144-hz-105-w-15iax9-15iax9d2-gaming-laptop/p/itme3e94a3f73f71,2026-10-06T11:39:02.277106+00:00
Flipkart,Primebook,Primebook 4G Android Based MediaTek MT8788 - (4 GB/128 GB EMMC Storage/Prime OS) 4G Thin and Light Lap...,Ultrabook,11.6,,,0,,,,MediaTek MT8788 Processor,,,,4,LPDDR4,128,EMMC,,,,4,,,,,335.88,27990,INR,https://www.flipkart.com/primebook-4g-android-based-mediatek-mt8788-4-gb-128-gb-emmc-storage-prime-os-thin-light-laptop/p/itmfd3a315fce1d5,2026-10-06T11:39:02.277106+00:00
Flipkart,Acer,Acer Predator Helios Neo 16 Intel Core i7 13th Gen 13700HX - (16 GB/1 TB SSD/Windows 11 Home/6 GB Grap...,Notebook,16,,,0,,Intel,Core i7,Intel Core i7 Processor (13th Gen),13th Gen,,,16,DDR5,1000,SSD,,Intel,Intel Iris Xe Graphics,16,Integrated,Windows 11,,,1739.99,144999,INR,https://www.flipkart.com/acer-predator-helios-neo-16-intel-core-i7-13th-gen-13700hx-16-gb-1-tb-ssd-windows-11-home-6-gb-graphics-nvidia-geforce-rtx-4050-165-hz-140-w-phn16-71-757p-gaming-laptop/p/itm4295aa0d4297e,2026-10-06T11:39:02.277106+00:00
Flipkart,ASUS,"ASUS Vivobook S14 (2025) with Office 2024 + M365 Basic*, AI PC, Backlit Keyboard, Snapdragon X - (16 G...",Notebook,14,,,0,,Qualcomm,Snapdragon X,Processor,Snapdragon,,,16,LPDDR5X,512,SSD,,Apple,M3  GPU,16,M3,Windows 11,,,791.88,65990,INR,https://www.flipkart.com/asus-vivobook-s14-2025-office-2024-m365-basic-ai-pc-backlit-keyboard-snapdragon-x-16-gb-512-gb-ssd-windows-11-home-s3407qa-kp020ws-thin-light-laptop/p/itm4be832c0c07b8,2026-10-06T11:39:02.277106+00:00
Flipkart,ASUS,"ASUS Vivobook 15, with Backlit Keyboard, Intel Core i3 13th Gen 1315U - (16 GB/512 GB SSD/Windows 11 H...",Notebook,15.6,,,0,,Intel,Core i3,Intel Core i3 Processor (13th Gen),13th Gen,,,16,DDR4,512,SSD,,Intel,Intel Iris Xe Graphics,16,Integrated,Windows 11,,,735.00,61250,INR,https://www.flipkart.com/asus-vivobook-15-backlit-keyboard-intel-core-i3-13th-gen-1315u-16-gb-512-gb-ssd-windows-11-home-x1504va-nj2325ws-x1504va-bq342ws-thin-light-laptop/p/itmb44a032e58491,2026-10-06T11:39:02.277106+00:00
Flipkart,HP,HP HP 15s Series Intel Core i3 12th Gen 1215U - (16 GB/512 GB SSD/Windows 11 Home) 15s-fy5004TU Thin a...,Notebook,15.6,,,0,,Intel,Core i3,Intel Core i3 Processor (12th Gen),12th Gen,,,16,DDR4,512,SSD,,Intel,Intel Iris Xe Graphics,16,Integrated,Windows 11,,,714.00,59500,INR,https://www.flipkart.com/hp-15s-series-intel-core-i3-12th-gen-1215u-16-gb-512-gb-ssd-windows-11-home-15s-fy5004tu-thin-light-laptop/p/itm2977a9ca00317,2026-10-06T11:39:02.277106+00:00
Flipkart,HP,HP 15 (2025) AMD Ryzen 3 Quad Core 7320U - (8 GB/512 GB SSD/Windows 11 Pro) 15 Thin and Light Laptop,Ultrabook,15.6,,,0,,AMD,Ryzen 3,7320U,Zen 4,,4,8,DDR4,512,SSD,,AMD,AMD Radeon Graphics,8,Integrated,Windows 11,,,617.99,51499,INR,https://www.flipkart.com/hp-15-2025-amd-ryzen-3-quad-core-7320u-8-gb-512-gb-ssd-windows-11-pro-thin-light-laptop/p/itmabb2025b1c74a,2026-10-06T11:39:02.277106+00:00
Flipkart,ASUS,"ASUS Vivobook 15 (2025) (i5 14th Gen) with MSO 2024 + M365 Basic*, Backlit Keyboard, Intel Core 5 120U...",Notebook,15.6,,,0,,Intel,Core 5,120U,Raptor Lake Refresh,,,16,DDR4,512,SSD,,Intel,Intel UHD Graphics,16,Integrated,Windows 11,,,939.23,78269,INR,https://www.flipkart.com/asus-vivobook-15-2025-i5-14th-gen-mso-2024-m365-basic-backlit-keyboard-intel-core-5-120u-16-gb-512-gb-ssd-windows-11-home-x1504vap-nj2864ws-x1504vap-bq542ws-x1504vap-bq1542ws-thin-light-laptop/p/itmdcd6c59b37b94,2026-10-06T11:39:02.277106+00:00
Flipkart,Acer,Acer Nitro V 15 Intel Core i5 13th Gen 13420H - (16 GB/512 GB SSD/Windows 11 Home/8 GB Graphics/NVIDIA...,Notebook,15.6,,,0,,Intel,Core i5,Intel Core i5 Processor (13th Gen),13th Gen,,,16,DDR4,512,SSD,,Intel,Intel Iris Xe Graphics,16,Integrated,Windows 11,,,1308.00,109000,INR,https://www.flipkart.com/acer-nitro-v-15-intel-core-i5-13th-gen-13420h-16-gb-512-gb-ssd-windows-11-home-8-graphics-nvidia-geforce-rtx-5050-anv15-52-gaming-laptop/p/itm9e214d20dd479,2026-10-06T11:39:02.277106+00:00
Flipkart,ASUS,"ASUS Vivobook S14 (2025) with Office 2024 + M365 Basic*, AI PC, Backlit Keyboard, Intel Core Ultra 5 2...",Notebook,14,,,0,,Intel,Core Ultra 5,,Meteor Lake,,,16,DDR5,512,SSD,,Intel,Intel UHD Graphics,16,Integrated,Windows 11,,,1066.80,88900,INR,https://www.flipkart.com/asus-vivobook-s14-2025-office-2024-m365-basic-ai-pc-backlit-keyboard-intel-core-ultra-5-225h-16-gb-512-gb-ssd-windows-11-home-s3407ca-ly060ws-thin-light-laptop/p/itm100d2f392a6d0,2026-10-06T11:39:02.277106+00:00
Flipkart,Acer,"Acer Aspire 3 (2026) AI PC, Backlit Keyboard Intel Core Ultra 5 115U - (8 GB/512 GB SSD/Windows 11 Hom...",Notebook,15.6,,,0,,Intel,Core Ultra 5,115U,Meteor Lake,,,8,DDR5,512,SSD,,Intel,Intel UHD Graphics,8,Integrated,Windows 11,,,719.88,59990,INR,https://www.flipkart.com/acer-aspire-3-2026-ai-pc-backlit-keyboard-intel-core-ultra-5-115u-8-gb-512-gb-ssd-windows-11-home-a325-55-notebook/p/itmbcd8bc89383cd,2026-10-06T11:39:02.277106+00:00
Flipkart,HP,HP Omnibook 3 with Backlit Keyboard AMD Ryzen AI 5 Quad Core - (24 GB/1 TB SSD/Windows 11 Home) 15-fn0...,Notebook,15.6,,,0,,AMD,Ryzen AI 5,Quad,Zen 5 (Strix),,4,24,DDR5,1000,SSD,,AMD,AMD Radeon Graphics,24,Integrated,Windows 11,,,1107.31,92276,INR,https://www.flipkart.com/hp-omnibook-3-backlit-keyboard-amd-ryzen-ai-5-quad-core-24-gb-1-tb-ssd-windows-11-home-15-fn0074au-thin-light-laptop/p/itmd94bf8129a01f,2026-10-06T11:39:02.277106+00:00
Flipkart,Acer,Acer One 14 AMD Ryzen 3 Dual Core 3250U - (8 GB/512 GB SSD/Windows 11 Home) Z2-493 Thin and Light Lapt...,Ultrabook,14,,,0,,AMD,Ryzen 3,3250U,Zen 2,,2,8,DDR4,512,SSD,,AMD,AMD Radeon Graphics,8,Integrated,Windows 11,,,457.98,38165,INR,https://www.flipkart.com/acer-one-14-amd-ryzen-3-dual-core-3250u-8-gb-512-gb-ssd-windows-11-home-z2-493-thin-light-laptop/p/itm283f44123aab0,2026-10-06T11:39:02.277106+00:00
Flipkart,Apple,Apple MacBook Air M3 - (8 GB/512 GB SSD/macOS Sonoma) MRXW3HN/A,Ultrabook,13,,,0,,Apple,M3,M3 Pro,M3,,,8,,512,SSD,,Apple,M3  GPU,8,M3,macOS,,,1618.80,134900,INR,https://www.flipkart.com/apple-macbook-air-m3-8-gb-512-gb-ssd-macos-sonoma-mrxw3hn-a/p/itmb1aa0cc739560,2026-10-06T11:39:02.277106+00:00
Flipkart,Microsoft,"MICROSOFT Surface Pro 12"" with Type Cover Core 8 with Microsoft 365 for 6 Months* Snapdragon X Plus - ...",Notebook,12,,,1,,Qualcomm,Snapdragon X,Plus,Snapdragon,,,16,LPDDR5X,256,SSD,,,,16,,Windows 11,,,1677.38,139782,INR,https://www.flipkart.com/microsoft-surface-pro-12-type-cover-core-8-365-6-months-snapdragon-x-plus-16-gb-256-gb-ssd-windows-11-home-ep2-27654-ep2-32019-laptop/p/itm1adddaf77a282,2026-10-06T11:39:02.277106+00:00
Flipkart,Apple,Apple MacBook AIR M2 - (8 GB/512 GB SSD/Mac OS Monterey) MLY43HN/A,Ultrabook,13.6,,,0,,Apple,M2,M2 Pro,M2,,,8,,512,SSD,,Apple,M2  GPU,8,M2,macOS,,,1318.80,109900,INR,https://www.flipkart.com/apple-macbook-air-m2-8-gb-512-gb-ssd-mac-os-monterey-mly43hn-a/p/itmdc5308fa78421,2026-10-06T11:39:02.277106+00:00
Flipkart,Dell,DELL PRO 15 (2026) DDR5 5600Mhz (i3 14th Gen) Intel Core 3 14th Gen 100U - (8 GB/512 GB SSD/Windows 11...,Notebook,15.6,,,0,,Intel,Core 3,,14th Gen,,,8,DDR5,512,SSD,,Intel,Intel UHD Graphics,8,Integrated,Windows 11,,,659.88,54990,INR,https://www.flipkart.com/dell-pro-15-2026-ddr5-5600mhz-i3-14th-gen-intel-core-3-gen-100u-8-gb-512-gb-ssd-windows-11-pro-thin-light-laptop/p/itm51b9615f85177,2026-10-06T11:39:02.277106+00:00
Flipkart,Apple,"Apple MacBook Pro (M5 Max, 2026) M5 Max - (48 GB/2 TB SSD/Tahoe) MGEE4HN/A",Ultrabook,16,,,0,,Apple,,Apple M5 Max Processor,,,,48,,2000,SSD,,Apple, GPU,48,,macOS,,,7438.80,619900,INR,https://www.flipkart.com/apple-macbook-pro-m5-max-2026-m5-max-48-gb-2-tb-ssd-tahoe-mgee4hn-a/p/itm5ca623b287e68,2026-10-06T11:39:02.277106+00:00
Flipkart,HP,HP OmniBook 5 OLED {2026} Snapdragon X - (16 GB/512 GB SSD/Windows 11 Home) 14-he0014qu Thin and Light...,Ultrabook,14,,OLED,0,,Qualcomm,Snapdragon X,Processor,Snapdragon,,,16,LPDDR5X,512,SSD,,,,16,,Windows 11,,,947.88,78990,INR,https://www.flipkart.com/hp-omnibook-5-oled-2026-snapdragon-x-16-gb-512-gb-ssd-windows-11-home-14-he0014qu-thin-light-laptop/p/itm2aacdcb10319b,2026-10-06T11:39:02.277106+00:00
Flipkart,Lenovo,Lenovo LOQ Intel Core i5 12th Gen 12450HX - (12 GB/512 GB SSD/Windows 11 Home/4 GB Graphics/NVIDIA GeF...,Notebook,15.6,,,0,,Intel,Core i5,Intel Core i5 Processor (12th Gen),12th Gen,,,12,DDR5,512,SSD,,Intel,Intel Iris Xe Graphics,12,Integrated,Windows 11,,,961.08,80090,INR,https://www.flipkart.com/lenovo-loq-intel-core-i5-12th-gen-12450hx-12-gb-512-gb-ssd-windows-11-home-4-graphics-nvidia-geforce-rtx-2050-144-hz-65-w-15iax9-gaming-laptop/p/itme3e94a3f73f71,2026-10-06T11:39:02.277106+00:00
Flipkart,ASUS,ASUS Vivobook Go 15 (2026) with Office 2024 + M365 Basic* AMD Ryzen 3 Quad Core 30 - (8 GB/512 GB SSD/...,Notebook,15.6,,,0,,AMD,Ryzen 3,,,,4,8,DDR5,512,SSD,,AMD,AMD Radeon Graphics,8,Integrated,Windows 11,,,695.88,57990,INR,https://www.flipkart.com/asus-vivobook-go-15-2026-office-2024-m365-basic-amd-ryzen-3-quad-core-30-8-gb-512-gb-ssd-windows-11-home-e1504fa-bq2117ws-thin-light-laptop/p/itma163e2c8f2a9e,2026-10-06T11:39:02.277106+00:00
Flipkart,Acer,Acer Swift Neo AI PC OLED Intel Core Ultra 5 226V - (16 GB/512 GB SSD/Windows 11 Home) SFN14-56 Notebo...,Ultrabook,14,,OLED,0,,Intel,Core Ultra 5,226V,Meteor Lake,,,16,LPDDR5X,512,SSD,,Intel,Intel UHD Graphics,16,Integrated,Windows 11,,,959.88,79990,INR,https://www.flipkart.com/acer-swift-neo-ai-pc-oled-intel-core-ultra-5-226v-16-gb-512-gb-ssd-windows-11-home-sfn14-56-notebook/p/itm6816b61dbd325,2026-10-06T11:39:02.277106+00:00
Flipkart,MSI,MSI Modern 15 Intel Core i7 12th Gen 1255U - (16 GB/1 TB SSD/Windows 11 Home) Modern 15 B12MO-1050IN B...,Notebook,15,,,0,,Intel,Core i7,Intel Core i7 Processor (12th Gen),12th Gen,,,16,DDR4,1000,SSD,,Intel,Intel Iris Xe Graphics,16,Integrated,Windows 11,,,779.88,64990,INR,https://www.flipkart.com/msi-modern-15-intel-core-i7-12th-gen-1255u-16-gb-1-tb-ssd-windows-11-home-b12mo-1050in-business-laptop/p/itm21f8007ef0cd1,2026-10-06T11:39:02.277106+00:00
Flipkart,Acer,Acer Aspire 3 Intel Core i5 12th Gen 1235U - (8 GB/512 GB SSD/Windows 11 Home) A315-59-50CP Thin and L...,Notebook,15.6,,,0,,Intel,Core i5,Intel Core i5 Processor (12th Gen),12th Gen,,,8,DDR4,512,SSD,,Intel,Intel Iris Xe Graphics,8,Integrated,Windows 11,,,683.88,56990,INR,https://www.flipkart.com/acer-aspire-3-intel-core-i5-12th-gen-1235u-8-gb-512-gb-ssd-windows-11-home-a315-59-50cp-thin-light-laptop/p/itm9722f660b9fc6,2026-10-06T11:39:02.277106+00:00
Flipkart,ASUS,"ASUS Vivobook 15 (2026) with Office 2024 + M365 Basic*, AMD Ryzen 5 Hexa Core 150 - (16 GB/512 GB SSD/...",Notebook,15.6,,,0,,AMD,Ryzen 5,,,,6,16,DDR5,512,SSD,,AMD,AMD Radeon Graphics,16,Integrated,Windows 11,,,875.88,72990,INR,https://www.flipkart.com/asus-vivobook-15-2026-office-2024-m365-basic-amd-ryzen-5-hexa-core-150-16-gb-512-gb-ssd-windows-11-home-m1502naq-bq118ws-thin-light-laptop/p/itm194545ff7b206,2026-10-06T11:39:02.277106+00:00
Flipkart,ASUS,ASUS Intel Core N Intel Processor N50 - (8 GB/128 GB EMMC Storage/Chrome OS) CX1405CTA-S60622 Chromebo...,Notebook,14,,,0,,Intel,,Intel Core N Processor,,,,8,LPDDR5,128,EMMC,,Intel,Intel UHD Graphics,8,Integrated,Chrome OS,,,572.20,47683,INR,https://www.flipkart.com/asus-intel-core-n-processor-n50-8-gb-128-gb-emmc-storage-chrome-os-cx1405cta-s60622-chromebook/p/itma4d51dacf143e,2026-10-06T11:39:02.277106+00:00
Flipkart,Primebook,Primebook 2 Neo (2026) in-Built AI MediaTek Helio G99 (MT8781) - (8 GB/128 GB/Android 15) PBG9911128#B...,Notebook,11.6,,,0,,,,MediaTek Helio G99 (MT8781) Processor,,,,8,LPDDR4,128,SSD,,,,8,,,,,305.88,25490,INR,https://www.flipkart.com/primebook-2-neo-2026-in-built-ai-mediatek-helio-g99-mt8781-8-gb-128-gb-android-15-pbg9911128-b7b7b7-thin-light-laptop/p/itmbf605949ab673,2026-10-06T11:39:02.277106+00:00
Flipkart,ASUS,ASUS ExpertBook P1 with 1 Yr ADP Intel Core i7 13th Gen 13620H - (16 GB/512 GB SSD/Windows 11 Home) P1...,Notebook,15.6,,,0,,Intel,Core i7,Intel Core i7 Processor (13th Gen),13th Gen,,,16,DDR5,512,SSD,,Intel,Intel Iris Xe Graphics,16,Integrated,Windows 11,,,923.88,76990,INR,https://www.flipkart.com/asus-expertbook-p1-1-yr-adp-intel-core-i7-13th-gen-13620h-16-gb-512-gb-ssd-windows-11-home-p1503cva-s71042ws-thin-light-laptop/p/itmaaf79b8a24f17,2026-10-06T11:39:02.277106+00:00
Flipkart,Acer,Acer One Intel Core i3 11th Gen 1115G4 - (8 GB/512 GB SSD/Windows 11 Home) AO 14 Z 8-415 Thin and Ligh...,Notebook,14,,,0,,Intel,Core i3,Intel Core i3 Processor (11th Gen),11th Gen,,,8,DDR4,512,SSD,,Intel,Intel Iris Xe Graphics,8,Integrated,Windows 11,,,527.99,43999,INR,https://www.flipkart.com/acer-one-intel-core-i3-11th-gen-1115g4-8-gb-512-gb-ssd-windows-11-home-ao-14-z-8-415-thin-light-laptop/p/itm91bac6ba57245,2026-10-06T11:39:02.277106+00:00
Flipkart,Acer,Acer Predator Helios Neo 16S AI Intel Core Ultra 7 255HX - (16 GB/1 TB SSD/Windows 11 Home/8 GB Graphi...,Notebook,16,,,0,,Intel,Core Ultra 7,255HX,Meteor Lake,,,16,DDR5,1000,SSD,,Intel,Intel UHD Graphics,16,Integrated,Windows 11,,,2567.99,213999,INR,https://www.flipkart.com/acer-predator-helios-neo-16s-ai-intel-core-ultra-7-255hx-16-gb-1-tb-ssd-windows-11-home-8-gb-graphics-nvidia-geforce-rtx-5070-phn16s-71-gaming-laptop/p/itmc6d30f6de45a2,2026-10-06T11:39:02.277106+00:00
Flipkart,Primebook,Primebook 4G Android Based MediaTek MT8788 - (4 GB/64 GB EMMC Storage/Prime OS) 4G Thin and Light Lapt...,Ultrabook,11.6,,,0,,,,MediaTek MT8788 Processor,,,,4,LPDDR4,64,EMMC,,,,4,,,,,299.88,24990,INR,https://www.flipkart.com/primebook-4g-android-based-mediatek-mt8788-4-gb-64-gb-emmc-storage-prime-os-thin-light-laptop/p/itmfd3a315fce1d5,2026-10-06T11:39:02.277106+00:00
Flipkart,Lenovo,Lenovo Legion Pro 5 WQXGA OLED Intel Core Ultra 7 255 HX - (32 GB/1 TB SSD/Windows 11 Home/8 GB Graphi...,Notebook,16,2560x1600,OLED,0,,Intel,Core Ultra 7,255,Meteor Lake,,,32,DDR5,1000,SSD,,Intel,Intel UHD Graphics,32,Integrated,Windows 11,,,2759.88,229990,INR,https://www.flipkart.com/lenovo-legion-pro-5-wqxga-oled-intel-core-ultra-7-255-hx-32-gb-1-tb-ssd-windows-11-home-8-gb-graphics-nvidia-geforce-rtx-5060-165-hz-16iax10-gaming-laptop/p/itmf1e17d322f275,2026-10-06T11:39:02.277106+00:00
Flipkart,HP,HP 255 G10 (2025) AMD Athlon Dual Core 7120U - (8 GB/256 GB SSD/Windows 11 Pro) 255 G10 Thin and Light...,Ultrabook,15.6,,,0,,AMD,ATHLON,Dual,AMD Budget,,2,8,DDR4,256,SSD,,AMD,AMD Radeon Graphics,8,Integrated,Windows 11,,,611.88,50990,INR,https://www.flipkart.com/hp-255-g10-2025-amd-athlon-dual-core-7120u-8-gb-256-gb-ssd-windows-11-pro-thin-light-laptop/p/itm7e340cc25ba7f,2026-10-06T11:39:02.277106+00:00
Flipkart,Lenovo,Lenovo Chromebook MediaTek Kompanio 520 - (4 GB/128 GB EMMC Storage/Chrome OS) 14M868 Chromebook,Chromebook,14,,,0,,,,MediaTek Kompanio 520 Processor,,,,4,LPDDR4X,128,EMMC,,,,4,,Chrome OS,,,347.88,28990,INR,https://www.flipkart.com/lenovo-chromebook-mediatek-kompanio-520-4-gb-128-gb-emmc-storage-chrome-os-14m868/p/itm4dc67999fe3de,2026-10-06T11:39:02.277106+00:00
Flipkart,ASUS,"ASUS Vivobook 15, with Backlit Keyboard, Intel Core i3 13th Gen 1315U - (8 GB/512 GB SSD/Windows 11 Ho...",Notebook,15.6,,,0,,Intel,Core i3,Intel Core i3 Processor (13th Gen),13th Gen,,,8,DDR4,512,SSD,,Intel,Intel Iris Xe Graphics,8,Integrated,Windows 11,,,677.62,56468,INR,https://www.flipkart.com/asus-vivobook-15-backlit-keyboard-intel-core-i3-13th-gen-1315u-8-gb-512-gb-ssd-windows-11-home-x1504va-nj320ws-x1504va-bq321ws-thin-light-laptop/p/itm200184e4e0443,2026-10-06T11:39:02.277106+00:00
Flipkart,ASUS,ASUS Vivobook 15 Intel Core i5 12th Gen 1235U - (8 GB/512 GB SSD/Windows 11 Home) X1504ZA-NJ521WS|X150...,Notebook,15.6,,,0,,Intel,Core i5,Intel Core i5 Processor (12th Gen),12th Gen,,,8,DDR4,512,SSD,,Intel,Intel Iris Xe Graphics,8,Integrated,Windows 11,,,563.88,46990,INR,https://www.flipkart.com/asus-vivobook-15-intel-core-i5-12th-gen-1235u-8-gb-512-gb-ssd-windows-11-home-x1504za-nj521ws-x1504za-nj520ws-x1504za-nj528ws-thin-light-laptop/p/itmff0e170cb596e,2026-10-06T11:39:02.277106+00:00
Flipkart,Dell,DELL Inspiron 15 (2026) Microsoft Office Home 2024 Intel Core i5 13th Gen 1334U - (8 GB/512 GB SSD/Win...,Notebook,15.6,,,0,,Intel,Core i5,Intel Core i5 Processor (13th Gen),13th Gen,,,8,DDR4,512,SSD,,Intel,Intel Iris Xe Graphics,8,Integrated,Windows 11,,,803.88,66990,INR,https://www.flipkart.com/dell-inspiron-15-2026-microsoft-office-home-2024-intel-core-i5-13th-gen-1334u-8-gb-512-gb-ssd-windows-11-home-3530-dc-15250-thin-light-laptop/p/itm2878edc74d8e4,2026-10-06T11:39:02.277106+00:00
Flipkart,Acer,Acer Intel Core i5 - (8 GB/512 GB SSD/Windows 11 Home) TL04-51M Laptop,Notebook,14,,,0,,Intel,Core i5,Intel Core i5 Processor,,,,8,DDR4,512,SSD,,Intel,Intel Iris Xe Graphics,8,Integrated,Windows 11,,,707.99,58999,INR,https://www.flipkart.com/acer-intel-core-i5-8-gb-512-gb-ssd-windows-11-home-tl04-51m-laptop/p/itm5195940ec1f6d,2026-10-06T11:39:02.277106+00:00
Flipkart,HP,HP OMEN AI AMD Ryzen AI 7 Octa Core AI 7 350 - (24 GB/1 TB SSD/Windows 11 Home/8 GB Graphics/NVIDIA Ge...,Notebook,16,,,0,,AMD,Ryzen AI 7,Octa,Zen 5 (Strix),,8,24,DDR5,1000,SSD,,AMD,AMD Radeon Graphics,24,Integrated,Windows 11,,,2039.95,169996,INR,https://www.flipkart.com/hp-omen-ai-amd-ryzen-7-octa-core-350-24-gb-1-tb-ssd-windows-11-home-8-gb-graphics-nvidia-geforce-rtx-5050-16-ap0165ax-gaming-laptop/p/itm5661c90728083,2026-10-06T11:39:02.277106+00:00
Flipkart,HP,HP AMD Athlon Dual Core - (8 GB/256 GB SSD/Windows 11 Home) 255 Laptop,Notebook,15.6,,,0,,AMD,ATHLON,Dual,AMD Budget,,2,8,LPDDR4,256,SSD,,AMD,AMD Radeon Graphics,8,Integrated,Windows 11,,,572.45,47704,INR,https://www.flipkart.com/hp-amd-athlon-dual-core-8-gb-256-gb-ssd-windows-11-home-255-laptop/p/itmf1ca83d7a968d,2026-10-06T11:39:02.277106+00:00
Flipkart,ASUS,ASUS Vivobook S 15 OLED Intel EVO H-Series Intel Core i5 13th Gen 13500H - (16 GB/512 GB SSD/Windows 1...,Notebook,15.6,,OLED,0,,Intel,Core i5,Intel Core i5 Processor (13th Gen),13th Gen,,,16,LPDDR5,512,SSD,,Intel,Intel Iris Xe Graphics,16,Integrated,Windows 11,,,1091.89,90991,INR,https://www.flipkart.com/asus-vivobook-s-15-oled-intel-evo-h-series-core-i5-13th-gen-13500h-16-gb-512-gb-ssd-windows-11-home-s5504va-ma541ws-thin-light-laptop/p/itm8486d594ff56b,2026-10-06T11:39:02.277106+00:00
Flipkart,Acer,Acer AMD Ryzen 3 Quad Core 5th Gen 5300U - (8 GB/512 GB SSD/Windows 11 Home) AL15-41 Laptop,Notebook,15.6,,,0,,AMD,Ryzen 3,,5th Gen,,4,8,DDR4,512,SSD,,AMD,AMD Radeon Graphics,8,Integrated,Windows 11,,,551.88,45990,INR,https://www.flipkart.com/acer-amd-ryzen-3-quad-core-5th-gen-5300u-8-gb-512-gb-ssd-windows-11-home-al15-41-laptop/p/itm5101dc7b33b19,2026-10-06T11:39:02.277106+00:00
Flipkart,Samsung,Samsung Galaxy Book6 Pro Intel Core Ultra X7 Series 3 358H - (32 GB/1 TB SSD/Windows 11 Home) NP940XJG...,Notebook,14,,,1,,Intel,,,,,,32,LPDDR5X,1000,SSD,,Intel,Intel UHD Graphics,32,Integrated,Windows 11,,,2579.88,214990,INR,https://www.flipkart.com/samsung-galaxy-book6-pro-intel-core-ultra-x7-series-3-358h-32-gb-1-tb-ssd-windows-11-home-np940xjg-thin-light-laptop/p/itmb9add7e5d0714,2026-10-06T11:39:02.277106+00:00
Flipkart,Apple,"Apple MacBook Pro (M5 Pro, 2026) M5 Pro - (48 GB/1 TB SSD/Tahoe) MGEC4HN/A",Ultrabook,16,,,0,,Apple,,Apple M5 Pro Processor,,,,48,,1000,SSD,,Apple, GPU,48,,macOS,,,5182.80,431900,INR,https://www.flipkart.com/apple-macbook-pro-m5-pro-2026-m5-48-gb-1-tb-ssd-tahoe-mgec4hn-a/p/itma18ef711ddf7f,2026-10-06T11:39:02.277106+00:00
Flipkart,HP,HP 250R G9 (2024) Intel Core i3 13th Gen 1315U - (8 GB/512 GB SSD/Windows 11 Home) 250R G9 Thin and Li...,Notebook,15.6,,,0,,Intel,Core i3,Intel Core i3 Processor (13th Gen),13th Gen,,,8,DDR4,512,SSD,,Intel,Intel Iris Xe Graphics,8,Integrated,Windows 11,,,659.88,54990,INR,https://www.flipkart.com/hp-250r-g9-2024-intel-core-i3-13th-gen-1315u-8-gb-512-gb-ssd-windows-11-home-thin-light-laptop/p/itmff5abac6385ed,2026-10-06T11:39:02.277106+00:00
Flipkart,Lenovo,Lenovo Intel Celeron Dual Core - (4 GB/256 GB HDD/256 GB SSD/DOS) 82C3A00DIH Laptop,Notebook,15.6,,,0,,Intel,Celeron,Dual,Budget,,2,4,LPDDR4,256,HDD,256,Intel,HD Graphics,4,Integrated,DOS,,,492.00,41000,INR,https://www.flipkart.com/lenovo-intel-celeron-dual-core-4-gb-256-gb-hdd-256-ssd-dos-82c3a00dih-laptop/p/itm8d20bbd6f3388,2026-10-06T11:39:02.277106+00:00
Flipkart,Dell,"DELL Inspiron 15 with Backlit Keyboard, Intel Core i5 13th Gen 1334U - (16 GB/512 GB SSD/Windows 11 Ho...",Notebook,15.6,,,0,,Intel,Core i5,Intel Core i5 Processor (13th Gen),13th Gen,,,16,DDR4,512,SSD,,Intel,Intel Iris Xe Graphics,16,Integrated,Windows 11,,,875.88,72990,INR,https://www.flipkart.com/dell-inspiron-15-backlit-keyboard-intel-core-i5-13th-gen-1334u-16-gb-512-gb-ssd-windows-11-home-dc15250-thin-light-laptop/p/itm23d84e15561c4,2026-10-06T11:39:02.277106+00:00
Flipkart,Wings,WINGS Nuvobook V1 Aluminium Alloy Metal Body Intel Intel Core i5 11th Gen 1155G7 - (8 GB/512 GB SSD/Wi...,Notebook,15.6,,,0,,Intel,Core i5,Intel Core i5 Processor (11th Gen),11th Gen,,,8,DDR4,512,SSD,,Intel,Intel Iris Xe Graphics,8,Integrated,Windows 11,,,719.99,59999,INR,https://www.flipkart.com/wings-nuvobook-v1-aluminium-alloy-metal-body-intel-core-i5-11th-gen-1155g7-8-gb-512-gb-ssd-windows-11-home-wl-nuvobook-v1-blu-thin-light-laptop/p/itm5b78d87082afc,2026-10-06T11:39:02.277106+00:00
Flipkart,Acer,Acer Aspire 3 (2025) Intel Core i3 13th Gen 1305U - (8 GB/512 GB SSD/Windows 11 Home) A325-53 Thin and...,Notebook,15.6,,,0,,Intel,Core i3,Intel Core i3 Processor (13th Gen),13th Gen,,,8,DDR4,512,SSD,,Intel,Intel Iris Xe Graphics,8,Integrated,Windows 11,,,587.12,48927,INR,https://www.flipkart.com/acer-aspire-3-2025-intel-core-i3-13th-gen-1305u-8-gb-512-gb-ssd-windows-11-home-a325-53-thin-light-laptop/p/itmb056b2ef8b465,2026-10-06T11:39:02.277106+00:00
Flipkart,ASUS,ASUS Vivobook 16 (2025) with Office 2024 + M365 Basic* Intel Core i5 13th Gen 13420H - (16 GB/512 GB S...,Notebook,16,,,0,,Intel,Core i5,Intel Core i5 Processor (13th Gen),13th Gen,,,16,DDR4,512,SSD,,Intel,Intel Iris Xe Graphics,16,Integrated,Windows 11,,,893.99,74499,INR,https://www.flipkart.com/asus-vivobook-16-2025-office-2024-m365-basic-intel-core-i5-13th-gen-13420h-16-gb-512-gb-ssd-windows-11-home-x1605va-mb1627ws-thin-light-laptop/p/itmc2b04a7ee9e79,2026-10-06T11:39:02.277106+00:00
Flipkart,HP,HP 15 (2024) AMD Ryzen 3 Quad Core 7320U - (8 GB/512 GB SSD/Windows 11 Home) 15-fc0500AU / 15-fc0154AU...,Notebook,15.6,,,0,,AMD,Ryzen 3,7320U,Zen 4,,4,8,DDR4,512,SSD,,AMD,AMD Radeon Graphics,8,Integrated,Windows 11,,,611.88,50990,INR,https://www.flipkart.com/hp-15-2024-amd-ryzen-3-quad-core-7320u-8-gb-512-gb-ssd-windows-11-home-15-fc0500au-15-fc0154au-thin-light-laptop/p/itm341b4714ead99,2026-10-06T11:39:02.277106+00:00
Flipkart,HP,HP Intel Core i7 13th Gen 13620H - (16 GB/512 GB SSD/Windows 11 Home) 15-fr0046TU Thin and Light Lapto...,Ultrabook,15.6,,,0,,Intel,Core i7,Intel Core i7 Processor (13th Gen),13th Gen,,,16,DDR4,512,SSD,,Intel,Intel Iris Xe Graphics,16,Integrated,Windows 11,,,1147.76,95647,INR,https://www.flipkart.com/hp-intel-core-i7-13th-gen-13620h-16-gb-512-gb-ssd-windows-11-home-15-fr0046tu-thin-light-laptop/p/itmc255f42578e1e,2026-10-06T11:39:02.277106+00:00
Flipkart,ASUS,ASUS Intel Athlon Dual Core - (4 GB/32 GB SSD/32 GB EMMC Storage/Chrome OS/4 GB Graphics) CX1101CMA_ID...,Notebook,11.6,,,0,,Intel,,Intel Athlon Dual Core Processor,,,2,4,DDR4,32,EMMC,,Intel,Intel UHD Graphics,4,Integrated,Chrome OS,,,353.40,29450,INR,https://www.flipkart.com/asus-intel-athlon-dual-core-4-gb-32-gb-ssd-32-emmc-storage-chrome-os-4-graphics-cx1101cma-id-gj0004-gj0003-chromebook/p/itm1907f97878814,2026-10-06T11:39:02.277106+00:00
Flipkart,Apple,Apple MacBook Air M3 - (8 GB/512 GB SSD/macOS Sonoma) MRYV3HN/A,Ultrabook,15,,,0,,Apple,M3,M3 Pro,M3,,,8,,512,SSD,,Apple,M3  GPU,8,M3,macOS,,,1858.80,154900,INR,https://www.flipkart.com/apple-macbook-air-m3-8-gb-512-gb-ssd-macos-sonoma-mryv3hn-a/p/itmb1aa0cc739560,2026-10-06T11:39:02.277106+00:00
Flipkart,Acer,Acer AMD Ryzen 3 5300U processor AMD Ryzen 3 Quad Core 5th Gen Ryzen 3 5300U - (8 GB/512 GB SSD/Window...,Notebook,15.6,,,0,,AMD,Ryzen 3,5300U,5th Gen,,4,8,DDR4,512,SSD,,AMD,AMD Radeon Graphics,8,Integrated,Windows 11,,,551.88,45990,INR,https://www.flipkart.com/acer-amd-ryzen-3-5300u-processor-quad-core-5th-gen-8-gb-512-gb-ssd-windows-11-home-un-31zsi-06w-laptop/p/itm57da23ee51b6d,2026-10-06T11:39:02.277106+00:00
Flipkart,Apple,Apple MacBook Air M3 - (16 GB/1 TB SSD/macOS Sonoma) MXCR3HN/A,Ultrabook,13,,,0,,Apple,M3,M3 Pro,M3,,,16,,1000,SSD,,Apple,M3  GPU,16,M3,macOS,,,2098.80,174900,INR,https://www.flipkart.com/apple-macbook-air-m3-16-gb-1-tb-ssd-macos-sonoma-mxcr3hn-a/p/itmdc5308fa78421,2026-10-06T11:39:02.277106+00:00
Flipkart,Acer,Acer Aspire 3 Intel Core i5 12th Gen - (8 GB/512 GB SSD/Windows 11 Home) A315-59-50CP Thin and Light L...,Ultrabook,15.6,,,0,,Intel,Core i5,Intel Core i5 Processor (12th Gen),12th Gen,,,8,DDR4,512,SSD,,Intel,Intel Iris Xe Graphics,8,Integrated,Windows 11,,,683.88,56990,INR,https://www.flipkart.com/acer-aspire-3-intel-core-i5-12th-gen-8-gb-512-gb-ssd-windows-11-home-a315-59-50cp-thin-light-laptop/p/itmb8e9fbe22f575,2026-10-06T11:39:02.277106+00:00
Flipkart,Lenovo,Lenovo IdeaPad 1 Intel Celeron Dual Core N4020 - (4 GB/256 GB SSD/Windows 11 Home) 11IGL05 Thin and Li...,Notebook,11.6,,,0,,Intel,Celeron,Dual,Budget,,2,4,DDR4,256,SSD,,Intel,Intel UHD Graphics,4,Integrated,Windows 11,,,327.48,27290,INR,https://www.flipkart.com/lenovo-ideapad-1-intel-celeron-dual-core-n4020-4-gb-256-gb-ssd-windows-11-home-11igl05-thin-light-laptop/p/itmb5e25e1c94885,2026-10-06T11:39:02.277106+00:00
Flipkart,ASUS,ASUS ExpertBook PM1 with 1 Yr ADP AMD Ryzen 5 Hexa Core 150 - (16 GB/512 GB SSD/Windows 11 Home) PM150...,Notebook,15.6,,,0,,AMD,Ryzen 5,,,,6,16,DDR5,512,SSD,,AMD,AMD Radeon Graphics,16,Integrated,Windows 11,,,815.88,67990,INR,https://www.flipkart.com/asus-expertbook-pm1-1-yr-adp-amd-ryzen-5-hexa-core-150-16-gb-512-gb-ssd-windows-11-home-pm1503cda-s70546ws-laptop/p/itmb2cdbe5dbfbb8,2026-10-06T11:39:02.277106+00:00
Flipkart,HP,HP 250R G9 Intel Core i3 13th Gen 1315U - (8 GB/512 GB SSD/Windows 11 Home) 42V68PA Thin and Light Lap...,Ultrabook,15.6,,,0,,Intel,Core i3,Intel Core i3 Processor (13th Gen),13th Gen,,,8,DDR4,512,SSD,,Intel,Intel Iris Xe Graphics,8,Integrated,Windows 11,,,680.75,56729,INR,https://www.flipkart.com/hp-250r-g9-intel-core-i3-13th-gen-1315u-8-gb-512-gb-ssd-windows-11-home-42v68pa-thin-light-laptop/p/itm9015dcea94ace,2026-10-06T11:39:02.277106+00:00
Flipkart,ASUS,"ASUS Vivobook 15, with Backlit Keyboard, Intel Core i5 12th Gen 1235U - (8 GB/512 GB SSD/Windows 11 Ho...",Notebook,15.6,,,0,,Intel,Core i5,Intel Core i5 Processor (12th Gen),12th Gen,,,8,DDR4,512,SSD,,Intel,Intel Iris Xe Graphics,8,Integrated,Windows 11,,,839.69,69974,INR,https://www.flipkart.com/asus-vivobook-15-backlit-keyboard-intel-core-i5-12th-gen-1235u-8-gb-512-gb-ssd-windows-11-home-x1504za-nj527ws-x1504za-nj522ws-thin-light-laptop/p/itm200184e4e0443,2026-10-06T11:39:02.277106+00:00
Flipkart,MSI,MSI Thin 15 Intel Core i7 13th Gen 13620H - (16 GB/512 GB SSD/Windows 11 Home/4 GB Graphics/NVIDIA GeF...,Notebook,15.6,,,0,,Intel,Core i7,Intel Core i7 Processor (13th Gen),13th Gen,,,16,DDR4,512,SSD,,Intel,Intel Iris Xe Graphics,16,Integrated,Windows 11,,,1183.74,98645,INR,https://www.flipkart.com/msi-thin-15-intel-core-i7-13th-gen-13620h-16-gb-512-gb-ssd-windows-11-home-4-graphics-nvidia-geforce-rtx-3050-144-hz-b13uc-124in-b13uc-1804in-gaming-laptop/p/itmc1581367ea4e2,2026-10-06T11:39:02.277106+00:00
Flipkart,HP,HP 15 (i5 14th Gen) Intel Core 5 120U - (16 GB/512 GB SSD/Windows 11 Home) FD0682TU Thin and Light Lap...,Ultrabook,15.6,,,0,,Intel,Core 5,120U,Raptor Lake Refresh,,,16,DDR4,512,SSD,,Intel,Intel UHD Graphics,16,Integrated,Windows 11,,,899.99,74999,INR,https://www.flipkart.com/hp-15-i5-14th-gen-intel-core-5-120u-16-gb-512-gb-ssd-windows-11-home-fd0682tu-thin-light-laptop/p/itm861360c2738ed,2026-10-06T11:39:02.277106+00:00
Flipkart,Apple,Apple MacBook AIR M2 - (16 GB/1 TB SSD/Mac OS Monterey) MLY43HN/A,Ultrabook,13.6,,,0,,Apple,M2,M2 Pro,M2,,,16,,1000,SSD,,Apple,M2  GPU,16,M2,macOS,,,1918.80,159900,INR,https://www.flipkart.com/apple-macbook-air-m2-16-gb-1-tb-ssd-mac-os-monterey-mly43hn-a/p/itmdc5308fa78421,2026-10-06T11:39:02.277106+00:00
Flipkart,ASUS,"ASUS Vivobook 14 (2025) with Office 2024 + M365 Basic*, Backlit Keyboard, Intel Core i3 13th Gen 1315U...",Notebook,14,,,0,,Intel,Core i3,Intel Core i3 Processor (13th Gen),13th Gen,,,8,DDR4,512,SSD,,Intel,Intel Iris Xe Graphics,8,Integrated,Windows 11,,,599.99,49999,INR,https://www.flipkart.com/asus-vivobook-14-2025-office-2024-m365-basic-backlit-keyboard-intel-core-i3-13th-gen-1315u-8-gb-512-gb-ssd-windows-11-home-x1404va-eb321ws-thin-light-laptop/p/itm86b2575a66c73,2026-10-06T11:39:02.277106+00:00
Flipkart,ASUS,ASUS Chromebook CX1 Intel Celeron Dual Core N4500 - (8 GB/64 GB EMMC Storage/Chrome OS) CX1500CKA-NJ04...,Chromebook,15.6,,,0,,Intel,Celeron,Dual,Budget,,2,8,LPDDR4X,64,EMMC,,Intel,Intel UHD Graphics,8,Integrated,Chrome OS,,,441.50,36792,INR,https://www.flipkart.com/asus-chromebook-cx1-intel-celeron-dual-core-n4500-8-gb-64-gb-emmc-storage-chrome-os-cx1500cka-nj0411/p/itm9daf2ef879b62,2026-10-06T11:39:02.277106+00:00
Flipkart,ASUS,ASUS Chromebook Intel Celeron Dual Core N4500 - (4 GB/128 GB EMMC Storage/Chrome OS) CX1500CKA-NJ0413 ...,Chromebook,15.6,,,0,,Intel,Celeron,Dual,Budget,,2,4,LPDDR4X,128,EMMC,,Intel,Intel UHD Graphics,4,Integrated,Chrome OS,,,437.41,36451,INR,https://www.flipkart.com/asus-chromebook-intel-celeron-dual-core-n4500-4-gb-128-gb-emmc-storage-chrome-os-cx1500cka-nj0413/p/itmc1d20ec9ce589,2026-10-06T11:39:02.277106+00:00
Flipkart,Acer,Acer N4500 Intel Celeron Dual Core - (4 GB/32 GB EMMC Storage/Chrome OS) CO731-C883 Chromebook,Chromebook,11.6,,,0,,Intel,Celeron,Dual,Budget,,2,4,LPDDR4X,32,EMMC,,Intel,Intel UHD Graphics,4,Integrated,Chrome OS,,,294.29,24524,INR,https://www.flipkart.com/acer-n4500-intel-celeron-dual-core-4-gb-32-gb-emmc-storage-chrome-os-co731-c883-chromebook/p/itme88f1ea4151ca,2026-10-06T11:39:02.277106+00:00
Flipkart,Acer,Acer Nitro V AMD Ryzen 5 Hexa Core 7535HS - (16 GB/512 GB SSD/Windows 11 Home/6 GB Graphics/NVIDIA GeF...,Notebook,15.6,,,0,,AMD,Ryzen 5,7535HS,Zen 4,,6,16,DDR5,512,SSD,,AMD,AMD Radeon Graphics,16,Integrated,Windows 11,,,1031.99,85999,INR,https://www.flipkart.com/acer-nitro-v-amd-ryzen-5-hexa-core-7535hs-16-gb-512-gb-ssd-windows-11-home-6-graphics-nvidia-geforce-rtx-3050-144-hz-anv15-41-gaming-laptop/p/itm6491e522f1157,2026-10-06T11:39:02.277106+00:00
Flipkart,HP,HP 15 AMD Ryzen 7 Octa Core 7730U - (16 GB/512 GB SSD/Windows 11 Home) 15-fc0761AU Thin and Light Lapt...,Ultrabook,15.6,,,0,,AMD,Ryzen 7,7730U,Zen 4,,8,16,DDR4,512,SSD,,AMD,AMD Radeon Graphics,16,Integrated,Windows 11,,,915.59,76299,INR,https://www.flipkart.com/hp-15-amd-ryzen-7-octa-core-7730u-16-gb-512-gb-ssd-windows-11-home-15-fc0761au-thin-light-laptop/p/itm61f1a7157aecd,2026-10-06T11:39:02.277106+00:00
Flipkart,HP,HP (i3 14th Gen) Intel Core 3 100U - (8 GB/512 GB SSD/Windows 11 Home) 15-fd1095TU Thin and Light Lapt...,Ultrabook,15.6,,,0,,Intel,Core 3,100U,Raptor Lake Refresh,,,8,DDR4,512,SSD,,Intel,Intel UHD Graphics,8,Integrated,Windows 11,,,635.99,52999,INR,https://www.flipkart.com/hp-i3-14th-gen-intel-core-3-100u-8-gb-512-gb-ssd-windows-11-home-15-fd1095tu-thin-light-laptop/p/itm95d048b532731,2026-10-06T11:39:02.277106+00:00
Flipkart,HP,HP Victus AMD Ryzen 7 Hexa Core 7445HS - (16 GB/512 GB SSD/Windows 11 Home/6 GB Graphics/NVIDIA GeForc...,Notebook,15.6,,,0,,AMD,Ryzen 7,7445HS,Zen 4,,6,16,DDR5,512,SSD,,AMD,AMD Radeon Graphics,16,Integrated,Windows 11,,,1403.88,116990,INR,https://www.flipkart.com/hp-victus-amd-ryzen-7-hexa-core-7445hs-16-gb-512-gb-ssd-windows-11-home-6-graphics-nvidia-geforce-rtx-4050-15-fb3130ax-gaming-laptop/p/itm037266eca3004,2026-10-06T11:39:02.277106+00:00
Flipkart,HP,HP Intel Core i5 14th Gen - (24 GB/512 GB SSD/Windows 11 Home/6 GB Graphics/NVIDIA GeForce RTX 3050) 1...,Notebook,15.6,,,0,,Intel,Core i5,Intel Core i5 Processor (14th Gen),14th Gen,,,24,DDR5,512,SSD,,Nvidia,RTX 3050,24,Ampere,Windows 11,,,1271.88,105990,INR,https://www.flipkart.com/hp-intel-core-i5-14th-gen-24-gb-512-gb-ssd-windows-11-home-6-graphics-nvidia-geforce-rtx-3050-15-fa2315tx-gaming-laptop/p/itmf0599da281fb3,2026-10-06T11:39:02.277106+00:00
Flipkart,HP,HP 15 (2025) AMD Ryzen 3 Quad Core 7320U - (16 GB/512 GB SSD/Windows 11 Home) 15 Thin and Light Laptop,Ultrabook,15.6,,,0,,AMD,Ryzen 3,7320U,Zen 4,,4,16,LPDDR5,512,SSD,,AMD,AMD Radeon Graphics,16,Integrated,Windows 11,,,724.79,60399,INR,https://www.flipkart.com/hp-15-2025-amd-ryzen-3-quad-core-7320u-16-gb-512-gb-ssd-windows-11-home-thin-light-laptop/p/itm21a0e5d4cf930,2026-10-06T11:39:02.277106+00:00
Flipkart,Lenovo,Lenovo IdeaPad Gaming 3 Intel Core i5 11th Gen 11300H - (8 GB/512 GB SSD/Windows 11 Home/4 GB Graphics...,Gaming,15.6,,,0,,Intel,Core i5,Intel Core i5 Processor (11th Gen),11th Gen,,,8,DDR4,512,SSD,,Intel,Intel Iris Xe Graphics,8,Integrated,Windows 11,,,635.88,52990,INR,https://www.flipkart.com/lenovo-ideapad-gaming-3-intel-core-i5-11th-gen-11300h-8-gb-512-gb-ssd-windows-11-home-4-graphics-nvidia-geforce-gtx-1650-120-hz-15ihu6-laptop/p/itmc4612af4ab758,2026-10-06T11:39:02.277106+00:00
Flipkart,Dell,DELL G15 Microsoft Office Home 2024 Intel Core i5 13th Gen 13450HX - (16 GB/1 TB SSD/Windows 11 Home/6...,Notebook,15.6,,,0,,Intel,Core i5,Intel Core i5 Processor (13th Gen),13th Gen,,,16,DDR5,1000,SSD,,Intel,Intel Iris Xe Graphics,16,Integrated,Windows 11,,,1220.51,101709,INR,https://www.flipkart.com/dell-g15-microsoft-office-home-2024-intel-core-i5-13th-gen-13450hx-16-gb-1-tb-ssd-windows-11-home-6-gb-graphics-nvidia-geforce-rtx-3050-120-hz-5530-gaming-laptop/p/itmd1b02da743465,2026-10-06T11:39:02.277106+00:00
Flipkart,Gigabyte,GIGABYTE GAMING A16 AMD Ryzen 7 260 - (16 GB/512 GB SSD/Windows 11 Home/8 GB Graphics/NVIDIA GeForce R...,Gaming,16,,,0,,AMD,Ryzen 7,,,,,16,DDR5,512,SSD,,AMD,AMD Radeon Graphics,16,Integrated,Windows 11,,,1679.88,139990,INR,https://www.flipkart.com/gigabyte-gaming-a16-amd-ryzen-7-260-16-gb-512-gb-ssd-windows-11-home-8-graphics-nvidia-geforce-rtx-5060-3vhk3in893sh-laptop/p/itme0ecd838c7545,2026-10-06T11:39:02.277106+00:00
Flipkart,HP,HP Victus (i5 14th Gen) Intel Core 5 210 H - (16 GB/512 GB SSD/Windows 11 Home/6 GB Graphics/NVIDIA Ge...,Notebook,15.6,,,0,,Intel,Core 5,210,Raptor Lake Refresh,,,16,DDR4,512,SSD,,Intel,Intel UHD Graphics,16,Integrated,Windows 11,,,1139.88,94990,INR,https://www.flipkart.com/hp-victus-i5-14th-gen-intel-core-5-210-h-16-gb-512-gb-ssd-windows-11-home-6-graphics-nvidia-geforce-rtx-4050-15-fa2203tx-gaming-laptop/p/itm65704ff158138,2026-10-06T11:39:02.277106+00:00
Flipkart,ASUS,ASUS TUF Gaming A15 (2026) AMD Ryzen 7 170 - (16 GB/512 GB SSD/Windows 11 Home/4 GB Graphics/NVIDIA Ge...,Gaming,15.6,,,0,,AMD,Ryzen 7,,,,,16,DDR5,512,SSD,,AMD,AMD Radeon Graphics,16,Integrated,Windows 11,,,851.88,70990,INR,https://www.flipkart.com/asus-tuf-gaming-a15-2026-amd-ryzen-7-170-16-gb-512-gb-ssd-windows-11-home-4-graphics-nvidia-geforce-rtx-3050-fa506ncq-hn006w-laptop/p/itm2a48b3e7ebd9c,2026-10-06T11:39:02.277106+00:00
Flipkart,ASUS,ASUS TUF Gaming A16 (2026) with Office 2024 + M365 Basic AMD Ryzen 7 170 - (16 GB/1 TB SSD/Windows 11 ...,Gaming,16,,,0,,AMD,Ryzen 7,,,,,16,DDR5,1000,SSD,,AMD,AMD Radeon Graphics,16,Integrated,Windows 11,,,1307.88,108990,INR,https://www.flipkart.com/asus-tuf-gaming-a16-2026-office-2024-m365-basic-amd-ryzen-7-170-16-gb-1-tb-ssd-windows-11-home-6-gb-graphics-nvidia-geforce-rtx-4050-144-hz-fa607nuq-rl063ws-laptop/p/itm1aa44a98b02d2,2026-10-06T11:39:02.277106+00:00
Flipkart,ASUS,ASUS TUF Gaming A15 (2025) AMD Ryzen 7 7445HS - (16 GB/512 GB SSD/Windows 11 Home/4 GB Graphics/NVIDIA...,Gaming,15.6,,,0,,AMD,Ryzen 7,7445HS,Zen 4,,,16,DDR5,512,SSD,,AMD,AMD Radeon Graphics,16,Integrated,Windows 11,,,827.88,68990,INR,https://www.flipkart.com/asus-tuf-gaming-a15-2025-amd-ryzen-7-7445hs-16-gb-512-gb-ssd-windows-11-home-4-graphics-nvidia-geforce-rtx-3050-144-hz-fa506ncg-hn199w-laptop/p/itmca7ce1e457d2f,2026-10-06T11:39:02.277106+00:00
Flipkart,HP,HP Victus AI AMD Ryzen 7 Octa Core 260 - (16 GB/1 TB SSD/Windows 11 Home/8 GB Graphics/NVIDIA GeForce ...,Notebook,15.6,,,0,,AMD,Ryzen 7,,,,8,16,DDR5,1000,SSD,,AMD,AMD Radeon Graphics,16,Integrated,Windows 11,,,1883.88,156990,INR,https://www.flipkart.com/hp-victus-ai-amd-ryzen-7-octa-core-260-16-gb-1-tb-ssd-windows-11-home-8-gb-graphics-nvidia-geforce-rtx-5050-15-fb3102ax-gaming-laptop/p/itmd64b9cb8692f8,2026-10-06T11:39:02.277106+00:00
Flipkart,HP,HP OMEN (i7 14th Gen) Intel Core 7 240H - (24 GB/1 TB SSD/Windows 11 Home/8 GB Graphics/NVIDIA GeForce...,Notebook,16,,,0,,Intel,Core 7,240H,Raptor Lake Refresh,,,24,DDR5,1000,SSD,,Intel,Intel UHD Graphics,24,Integrated,Windows 11,,,1753.61,146134,INR,https://www.flipkart.com/hp-omen-i7-14th-gen-intel-core-7-240h-24-gb-1-tb-ssd-windows-11-home-8-gb-graphics-nvidia-geforce-rtx-5050-16-am0277tx-gaming-laptop/p/itm8240637ba90b5,2026-10-06T11:39:02.277106+00:00
Flipkart,Acer,Acer Aspire 7 (i5 14th Gen) Intel Core 5 210H - (16 GB/512 GB SSD/Windows 11 Home/6 GB Graphics/NVIDIA...,Notebook,15.6,,,0,,Intel,Core 5,210H,Raptor Lake Refresh,,,16,DDR4,512,SSD,,Intel,Intel UHD Graphics,16,Integrated,Windows 11,,,1256.28,104690,INR,https://www.flipkart.com/acer-aspire-7-i5-14th-gen-intel-core-5-210h-16-gb-512-gb-ssd-windows-11-home-6-graphics-nvidia-geforce-rtx-4050-a715-79g-gaming-laptop/p/itme15c1638095fc,2026-10-06T11:39:02.277106+00:00
Flipkart,MSI,MSI Thin 15 Intel Core i5 12th Gen 12450H - (16 GB/512 GB SSD/Windows 11 Home/4 GB Graphics/NVIDIA GeF...,Notebook,15.6,,,0,,Intel,Core i5,Intel Core i5 Processor (12th Gen),12th Gen,,,16,DDR4,512,SSD,,Intel,Intel Iris Xe Graphics,16,Integrated,Windows 11,,,851.88,70990,INR,https://www.flipkart.com/msi-thin-15-intel-core-i5-12th-gen-12450h-16-gb-512-gb-ssd-windows-11-home-4-graphics-nvidia-geforce-rtx-2050-144-hz-45-w-b12ucx-2471in-gaming-laptop/p/itmc1581367ea4e2,2026-10-06T11:39:02.277106+00:00
Flipkart,ASUS,ASUS TUF Gaming F17 - AI Powered Gaming Intel Core i5 11th Gen 11400H - (16 GB/512 GB SSD/Windows 11 H...,Gaming,17.3,,,0,,Intel,Core i5,Intel Core i5 Processor (11th Gen),11th Gen,,,16,DDR4,512,SSD,,Intel,Intel Iris Xe Graphics,16,Integrated,Windows 11,,,611.88,50990,INR,https://www.flipkart.com/asus-tuf-gaming-f17-ai-powered-intel-core-i5-11th-gen-11400h-16-gb-512-gb-ssd-windows-11-home-4-graphics-nvidia-geforce-rtx-2050-165-hz-70-w-fx706hf-ny040w-laptop/p/itm5b135cad5c8a9,2026-10-06T11:39:02.277106+00:00
Flipkart,ASUS,ASUS TUF Gaming F16 (2025) with MSO 2024+M365 Basic (i5 14th Gen) Intel Core 5 - (16 GB/512 GB SSD/Win...,Gaming,16,,,0,,Intel,Core 5,,Raptor Lake Refresh,,,16,DDR5,512,SSD,,Intel,Intel UHD Graphics,16,Integrated,Windows 11,,,899.88,74990,INR,https://www.flipkart.com/asus-tuf-gaming-f16-2025-mso-2024-m365-basic-i5-14th-gen-intel-core-5-16-gb-512-gb-ssd-windows-11-home-6-graphics-nvidia-geforce-rtx-3050-144-hz-fx607vjb-rl179ws-laptop/p/itmc80d5869a7145,2026-10-06T11:39:02.277106+00:00
Flipkart,MSI,MSI GL Series Intel Core i5 8th Gen 8300H - (8 GB/1 TB HDD/Windows 10 Home/4 GB Graphics/NVIDIA GeForc...,Notebook,15.6,,,0,,Intel,Core i5,Intel Core i5 Processor (8th Gen),8th Gen,,,8,DDR4,1000,HDD,,Intel,Intel Iris Xe Graphics,8,Integrated,Windows 10,,,839.88,69990,INR,https://www.flipkart.com/msi-gl-series-intel-core-i5-8th-gen-8300h-8-gb-1-tb-hdd-windows-10-home-4-gb-graphics-nvidia-geforce-gtx-1050-gl63-8rc-gaming-laptop/p/itmd50583b28d775,2026-10-06T11:39:02.277106+00:00
Flipkart,Acer,Acer Aspire 7 Intel Core 5 210H - (16 GB/512 GB SSD/Windows 11 Home/4 GB Graphics/NVIDIA GeForce RTX 3...,Notebook,15.6,,,0,,Intel,Core 5,210H,Raptor Lake Refresh,,,16,DDR4,512,SSD,,Intel,Intel UHD Graphics,16,Integrated,Windows 11,,,1053.89,87824,INR,https://www.flipkart.com/acer-aspire-7-intel-core-5-210h-16-gb-512-gb-ssd-windows-11-home-4-graphics-nvidia-geforce-rtx-3050-a715-79g-gaming-laptop/p/itm16e348955bedb,2026-10-06T11:39:02.277106+00:00
Flipkart,MSI,MSI Thin A15 AMD Ryzen 7 Octa Core 7735HS - (16 GB/1 TB SSD/Windows 11 Home/4 GB Graphics/NVIDIA GeFor...,Notebook,15.6,,,0,,AMD,Ryzen 7,7735HS,Zen 4,,8,16,DDR5,1000,SSD,,AMD,AMD Radeon Graphics,16,Integrated,Windows 11,,,1115.88,92990,INR,https://www.flipkart.com/msi-thin-a15-amd-ryzen-7-octa-core-7735hs-16-gb-1-tb-ssd-windows-11-home-4-gb-graphics-nvidia-geforce-rtx-3050-144-hz-b7uc-103in-gaming-laptop/p/itm8a4195d78d2e8,2026-10-06T11:39:02.277106+00:00
Flipkart,Acer,Acer NITRO V 16S (i5 14th Gen) Intel Core 5 210H - (16 GB/512 GB SSD/Windows 11 Home/8 GB Graphics/NVI...,Notebook,16,,,0,,Intel,Core 5,210H,Raptor Lake Refresh,,,16,DDR5,512,SSD,,Intel,Intel UHD Graphics,16,Integrated,Windows 11,,,1547.99,128999,INR,https://www.flipkart.com/acer-nitro-v-16s-i5-14th-gen-intel-core-5-210h-16-gb-512-gb-ssd-windows-11-home-8-graphics-nvidia-geforce-rtx-nvidia-5050-180-hz-anv16s-71-gaming-laptop/p/itm3b37af3ef698e,2026-10-06T11:39:02.277106+00:00
Flipkart,MSI,MSI Bravo AMD Ryzen 5 Hexa Core 5600H - (8 GB/512 GB SSD/Windows 10 Home/4 GB Graphics/AMD Radeon RX55...,Notebook,15.6,,,0,,AMD,Ryzen 5,5600H,Zen 3,,6,8,DDR4,512,SSD,,AMD,RX55,8,Integrated,Windows 10,,,1007.88,83990,INR,https://www.flipkart.com/msi-bravo-amd-ryzen-5-hexa-core-5600h-8-gb-512-gb-ssd-windows-10-home-4-graphics-amd-radeon-rx5500m-144-hz-15-b5dd-043in-gaming-laptop/p/itm88ba3661546df,2026-10-06T11:39:02.277106+00:00
Flipkart,ASUS,ASUS TUF Gaming A16 (2026) with Office 2024 + M365 Basic AMD Ryzen 7 260 - (16 GB/1 TB SSD/Windows 11 ...,Gaming,16,,,0,,AMD,Ryzen 7,,,,,16,DDR5,1000,SSD,,AMD,AMD Radeon Graphics,16,Integrated,Windows 11,,,1679.88,139990,INR,https://www.flipkart.com/asus-tuf-gaming-a16-2026-office-2024-m365-basic-amd-ryzen-7-260-16-gb-1-tb-ssd-windows-11-home-8-gb-graphics-nvidia-geforce-rtx-5050-165-hz-fa608uh-rv112ws-laptop/p/itma83335dd66da5,2026-10-06T11:39:02.277106+00:00
Flipkart,Dell,DELL Alienware 15 AMD Ryzen 7 260 - (16 GB/512 GB SSD/Windows 11 Home/6 GB Graphics/NVIDIA GeForce RTX...,Notebook,15.3,,,0,,AMD,Ryzen 7,,,,,16,DDR5,512,SSD,,AMD,AMD Radeon Graphics,16,Integrated,Windows 11,,,1523.88,126990,INR,https://www.flipkart.com/dell-alienware-15-amd-ryzen-7-260-16-gb-512-gb-ssd-windows-11-home-6-graphics-nvidia-geforce-rtx-3050-165-hz-can15265cto03mino-gaming-laptop/p/itm6eee8325fa798,2026-10-06T11:39:02.277106+00:00
Flipkart,ASUS,"ASUS Gaming V16 (2025) for Creator with Office 2024 + M365 Basic*, AI PC(i7 14th gen) Intel Core 7 240...",Gaming,16,,,0,,Intel,Core 7,240,Raptor Lake Refresh,,,16,DDR5,512,SSD,,Intel,Intel UHD Graphics,16,Integrated,Windows 11,,,1199.88,99990,INR,https://www.flipkart.com/asus-gaming-v16-2025-creator-office-2024-m365-basic-ai-pc-i7-14th-gen-intel-core-7-240h-16-gb-512-gb-ssd-windows-11-home-8-graphics-nvidia-geforce-rtx-5050-144-hz-v3607vh-rp038ws-laptop/p/itmd370afa37c2f5,2026-10-06T11:39:02.277106+00:00
Flipkart,Acer,Acer Nitro 5 AMD Ryzen 5 Hexa Core 5600H - (8 GB/512 GB SSD/Windows 11 Home/4 GB Graphics/NVIDIA GeFor...,Notebook,15.6,,,0,,AMD,Ryzen 5,5600H,Zen 3,,6,8,DDR4,512,SSD,,AMD,AMD Radeon Graphics,8,Integrated,Windows 11,,,959.99,79999,INR,https://www.flipkart.com/acer-nitro-5-amd-ryzen-hexa-core-5600h-8-gb-512-gb-ssd-windows-11-home-4-graphics-nvidia-geforce-gtx-1650-an515-45-an515-45-r2m1-gaming-laptop/p/itm4c650ab22d983,2026-10-06T11:39:02.277106+00:00
Flipkart,Dell,DELL Alienware 15 Intel Core 7 240H - (16 GB/512 GB SSD/Windows 11 Home/8 GB Graphics/NVIDIA GeForce R...,Notebook,15.3,,,0,,Intel,Core 7,240H,Raptor Lake Refresh,,,16,DDR5,512,SSD,,Intel,Intel UHD Graphics,16,Integrated,Windows 11,,,2039.88,169990,INR,https://www.flipkart.com/dell-alienware-15-intel-core-7-240h-16-gb-512-gb-ssd-windows-11-home-8-graphics-nvidia-geforce-rtx-5060-165-hz-can15260cto06mino-gaming-laptop/p/itmbf3201918dfac,2026-10-06T11:39:02.277106+00:00
Flipkart,HP,HP Victus Intel Core i5 13th Gen 13420 H - (16 GB/512 GB SSD/Windows 11 Home/6 GB Graphics/NVIDIA GeFo...,Notebook,15.6,,,0,,Intel,Core i5,Intel Core i5 Processor (13th Gen),13th Gen,,,16,DDR4,512,SSD,,Intel,Intel Iris Xe Graphics,16,Integrated,Windows 11,,,1353.95,112829,INR,https://www.flipkart.com/hp-victus-intel-core-i5-13th-gen-13420-h-16-gb-512-gb-ssd-windows-11-home-6-graphics-nvidia-geforce-rtx-3050-15-fa2196tx-15-fa2197tx-gaming-laptop/p/itm8143e1b0af034,2026-10-06T11:39:02.277106+00:00
Flipkart,Acer,Acer Aspire 7(i7 14th Gen) Intel Core 7 240H - (16 GB/512 GB SSD/Windows 11 Home/6 GB Graphics/NVIDIA ...,Notebook,15.6,,,0,,Intel,Core 7,240H,Raptor Lake Refresh,,,16,DDR4,512,SSD,,Intel,Intel UHD Graphics,16,Integrated,Windows 11,,,1319.88,109990,INR,https://www.flipkart.com/acer-aspire-7-i7-14th-gen-intel-core-7-240h-16-gb-512-gb-ssd-windows-11-home-6-graphics-nvidia-geforce-rtx-4050-a715-79g-gaming-laptop/p/itm911c8433d782e,2026-10-06T11:39:02.277106+00:00
Flipkart,Lenovo,Lenovo LOQ Essential AMD Ryzen 5 Hexa Core 7535HS - (16 GB/512 GB SSD/Windows 11 Home/6 GB Graphics/NV...,Notebook,15.6,,,0,,AMD,Ryzen 5,7535HS,Zen 4,,6,16,DDR5,512,SSD,,AMD,AMD Radeon Graphics,16,Integrated,Windows 11,,,1199.88,99990,INR,https://www.flipkart.com/lenovo-loq-essential-amd-ryzen-5-hexa-core-7535hs-16-gb-512-gb-ssd-windows-11-home-6-graphics-nvidia-geforce-rtx-3050-144-hz-15arp10e-gaming-laptop/p/itm91800a4606ea7,2026-10-06T11:39:02.277106+00:00
Flipkart,HP,HP Victus Intel Core i5 13th Gen 13420H - (16 GB/512 GB SSD/Windows 11 Home/6 GB Graphics/NVIDIA GeFor...,Notebook,15.6,,,0,,Intel,Core i5,Intel Core i5 Processor (13th Gen),13th Gen,,,16,DDR4,512,SSD,,Intel,Intel Iris Xe Graphics,16,Integrated,Windows 11,,,1475.88,122990,INR,https://www.flipkart.com/hp-victus-intel-core-i5-13th-gen-13420h-16-gb-512-gb-ssd-windows-11-home-6-graphics-nvidia-geforce-rtx-4050-144-hz-15-fa2381tx-15-fa2701tx-15-fa1278tx-15-fa2375tx-gaming-laptop/p/itm12155252a3140,2026-10-06T11:39:02.277106+00:00
Flipkart,Acer,Acer Aspire 7 Intel Core i5 12th Gen 12450H - (16 GB/512 GB SSD/Windows 11 Home/4 GB Graphics/NVIDIA G...,Notebook,15.6,,,0,,Intel,Core i5,Intel Core i5 Processor (12th Gen),12th Gen,,,16,DDR4,512,SSD,,Intel,Intel Iris Xe Graphics,16,Integrated,Windows 11,,,983.99,81999,INR,https://www.flipkart.com/acer-aspire-7-intel-core-i5-12th-gen-12450h-16-gb-512-gb-ssd-windows-11-home-4-graphics-nvidia-geforce-gtx-1650-144-hz-a715-76g-gaming-laptop/p/itmae6ad1ad8e377,2026-10-06T11:39:02.277106+00:00
Flipkart,HP,HP Victus AI Powered AMD Ryzen 7 Octa Core 7840HS - (16 GB/512 GB SSD/Windows 11 Home/6 GB Graphics/NV...,Notebook,16.1,,,0,,AMD,Ryzen 7,7840HS,Zen 4,,8,16,DDR5,512,SSD,,AMD,AMD Radeon Graphics,16,Integrated,Windows 11,,,1199.99,99999,INR,https://www.flipkart.com/hp-victus-ai-powered-amd-ryzen-7-octa-core-7840hs-16-gb-512-gb-ssd-windows-11-home-6-graphics-nvidia-geforce-rtx-3050-144-hz-120-w-16-s0095ax-gaming-laptop/p/itm64ae9ddc2dec6,2026-10-06T11:39:02.277106+00:00
Flipkart,Acer,Acer NITRO LITE 16 Intel Core i5 13th Gen 13420H - (16 GB/512 GB SSD/Windows 11 Home/6 GB Graphics/NVI...,Notebook,16,,,0,,Intel,Core i5,Intel Core i5 Processor (13th Gen),13th Gen,,,16,DDR5,512,SSD,,Intel,Intel Iris Xe Graphics,16,Integrated,Windows 11,,,1233.59,102799,INR,https://www.flipkart.com/acer-nitro-lite-16-intel-core-i5-13th-gen-13420h-16-gb-512-gb-ssd-windows-11-home-6-graphics-nvidia-geforce-rtx-4050-nl16-71g-54my-nl16-71g-gaming-laptop/p/itm4ee151086aabd,2026-10-06T11:39:02.277106+00:00
Flipkart,Acer,Acer Aspire 7 (i7 14th Gen) Intel Core 7 240H - (16 GB/512 GB SSD/Windows 11 Home/6 GB Graphics/NVIDIA...,Notebook,15.6,,,0,,Intel,Core 7,240H,Raptor Lake Refresh,,,16,DDR4,512,SSD,,Intel,Intel UHD Graphics,16,Integrated,Windows 11,,,1139.99,94999,INR,https://www.flipkart.com/acer-aspire-7-i7-14th-gen-intel-core-240h-16-gb-512-gb-ssd-windows-11-home-6-graphics-nvidia-geforce-rtx-3050-a715-79g-gaming-laptop/p/itm29d23f46bd0b7,2026-10-06T11:39:02.277106+00:00
Flipkart,ASUS,"ASUS Gaming V16 (2025) for Creator with Office 2024 + M365 Basic*, AI PC(i5 14th gen) Intel Core 5 210...",Gaming,16,,,0,,Intel,Core 5,210,Raptor Lake Refresh,,,16,DDR5,512,SSD,,Intel,Intel UHD Graphics,16,Integrated,Windows 11,,,1079.88,89990,INR,https://www.flipkart.com/asus-gaming-v16-2025-creator-office-2024-m365-basic-ai-pc-i5-14th-gen-intel-core-5-210h-16-gb-512-gb-ssd-windows-11-home-8-graphics-nvidia-geforce-rtx-5050-144-hz-v3607vh-rp037ws-laptop/p/itm7d7ee6f36f528,2026-10-06T11:39:02.277106+00:00
Flipkart,Lenovo,Lenovo LOQ 2025 Intel Core i7 13th Gen 13700HX - (16 GB/1 TB SSD/Windows 11 Home/8 GB Graphics/NVIDIA ...,Notebook,15.6,,,0,,Intel,Core i7,Intel Core i7 Processor (13th Gen),13th Gen,,,16,DDR5,1000,SSD,,Intel,Intel Iris Xe Graphics,16,Integrated,Windows 11,,,2004.00,167000,INR,https://www.flipkart.com/lenovo-loq-2025-intel-core-i7-13th-gen-13700hx-16-gb-1-tb-ssd-windows-11-home-8-gb-graphics-nvidia-geforce-rtx-5050-15irx10-gaming-laptop/p/itmb8196b6d3b8d4,2026-10-06T11:39:02.277106+00:00
Flipkart,ASUS,ASUS ROG Strix G16 (2025) with Office 2024 + M365 Basic* Intel Core i7 14th Gen 14650HX - (16 GB/1 TB ...,Notebook,16,,,0,,Intel,Core i7,Intel Core i7 Processor (14th Gen),14th Gen,,,16,DDR5,1000,SSD,,Intel,Intel Iris Xe Graphics,16,Integrated,Windows 11,,,1919.88,159990,INR,https://www.flipkart.com/asus-rog-strix-g16-2025-office-2024-m365-basic-intel-core-i7-14th-gen-14650hx-16-gb-1-tb-ssd-windows-11-home-8-gb-graphics-nvidia-geforce-rtx-5050-240-hz-g615jhr-s5005ws-gaming-laptop/p/itm174a98e37d25c,2026-10-06T11:39:02.277106+00:00
Flipkart,HP,HP Victus AMD Ryzen 5 Hexa Core 5600H - (8 GB/512 GB SSD/Windows 11 Home/4 GB Graphics/NVIDIA GeForce ...,Notebook,15.6,,,0,,AMD,Ryzen 5,5600H,Zen 3,,6,8,DDR4,512,SSD,,AMD,AMD Radeon Graphics,8,Integrated,Windows 11,,,1053.53,87794,INR,https://www.flipkart.com/hp-victus-amd-ryzen-5-hexa-core-5600h-8-gb-512-gb-ssd-windows-11-home-4-graphics-nvidia-geforce-rtx-3050-ti-15-fb0051ax-gaming-laptop/p/itm1522dd78916a1,2026-10-06T11:39:02.277106+00:00
Flipkart,ASUS,ASUS ROG Strix SCAR 18 (2026) Intel Core Ultra 9 290HX Plus - (64 GB/2 TB SSD/Windows 11 Home/24 GB Gr...,Notebook,18,,,0,,Intel,Core Ultra 9,290HX,Meteor Lake,,,64,DDR5,2000,SSD,,Intel,Intel UHD Graphics,64,Integrated,Windows 11,,,8399.88,699990,INR,https://www.flipkart.com/asus-rog-strix-scar-18-2026-intel-core-ultra-9-290hx-plus-64-gb-2-tb-ssd-windows-11-home-24-gb-graphics-nvidia-geforce-rtx-5090-240-hz-g835lxg-tq492ws-gaming-laptop/p/itmfa1ec8f7961ff,2026-10-06T11:39:02.277106+00:00
Flipkart,ASUS,"ASUS TUF Gaming F16 (2025) for Creator with MSO 2024+M365 Basic*,AI PC,(i5 14th Gen) Intel Core 5 210H...",Gaming,16,,,0,,Intel,Core 5,210H,Raptor Lake Refresh,,,16,DDR5,512,SSD,,Intel,Intel UHD Graphics,16,Integrated,Windows 11,,,1703.88,141990,INR,https://www.flipkart.com/asus-tuf-gaming-f16-2025-creator-mso-2024-m365-basic-ai-pc-i5-14th-gen-intel-core-5-210h-16-gb-512-gb-ssd-windows-11-home-6-graphics-nvidia-geforce-rtx-4050-144-ghz-fx677vu-rl055ws-laptop/p/itmea62169fa9f52,2026-10-06T11:39:02.277106+00:00
Flipkart,Lenovo,Lenovo Legion Pro 5 WQXGA OLED Intel Core Ultra 9 275HX - (32 GB/1 TB SSD/Windows 11 Home/8 GB Graphic...,Notebook,16,2560x1600,OLED,0,,Intel,Core Ultra 9,275HX,Meteor Lake,,,32,DDR5,1000,SSD,,Intel,Intel UHD Graphics,32,Integrated,Windows 11,,,3119.88,259990,INR,https://www.flipkart.com/lenovo-legion-pro-5-wqxga-oled-intel-core-ultra-9-275hx-32-gb-1-tb-ssd-windows-11-home-8-gb-graphics-nvidia-geforce-rtx-5070-16iax10-gaming-laptop/p/itm0968b6925c1fe,2026-10-06T11:39:02.277106+00:00
Flipkart,MSI,MSI Thin A15 AMD Ryzen 5 Hexa Core 7535HS - (16 GB/512 GB SSD/Windows 11 Home/4 GB Graphics/NVIDIA GeF...,Notebook,15.6,,,0,,AMD,Ryzen 5,7535HS,Zen 4,,6,16,DDR5,512,SSD,,AMD,AMD Radeon Graphics,16,Integrated,Windows 11,,,1043.89,86991,INR,https://www.flipkart.com/msi-thin-a15-amd-ryzen-5-hexa-core-7535hs-16-gb-512-gb-ssd-windows-11-home-4-graphics-nvidia-geforce-rtx-3050-144-hz-b7uc-284in-b7uc-102in-gaming-laptop/p/itm61400c2ed6802,2026-10-06T11:39:02.277106+00:00
Flipkart,Lenovo,Lenovo Legion 5 (2026) WQXGA OLED AMD Ryzen 7 Octa Core 250 - (16 GB/512 GB SSD/Windows 11 Home/8 GB G...,Notebook,15.3,2560x1600,OLED,0,,AMD,Ryzen 7,,,,8,16,DDR5,512,SSD,,AMD,AMD Radeon Graphics,16,Integrated,Windows 11,,,4318.68,359890,INR,https://www.flipkart.com/lenovo-legion-5-2026-wqxga-oled-amd-ryzen-7-octa-core-250-16-gb-512-gb-ssd-windows-11-home-8-graphics-nvidia-geforce-rtx-5050-15ahp11-gaming-laptop/p/itm2515cc86c4c74,2026-10-06T11:39:02.277106+00:00
Flipkart,ASUS,ASUS TUF Gaming A16 (2026) AMD Ryzen 7 260 - (16 GB/512 GB SSD/Windows 11 Home/8 GB Graphics/NVIDIA Ge...,Gaming,16,,,0,,AMD,Ryzen 7,,,,,16,DDR5,512,SSD,,AMD,AMD Radeon Graphics,16,Integrated,Windows 11,,,1919.88,159990,INR,https://www.flipkart.com/asus-tuf-gaming-a16-2026-amd-ryzen-7-260-16-gb-512-gb-ssd-windows-11-home-8-graphics-nvidia-geforce-rtx-5050-144-hz-fa608uhi-tu238ws-laptop/p/itm694a6ad23b5b9,2026-10-06T11:39:02.277106+00:00
Flipkart,Lenovo,Lenovo LOQ Intel Core i7 13th Gen i7-13650HX - (16 GB/512 GB SSD/Windows 11 Home/6 GB Graphics/NVIDIA ...,Notebook,15.6,,,0,,Intel,Core i7,Intel Core i7 Processor (13th Gen),13th Gen,,,16,DDR5,512,SSD,,Intel,Intel Iris Xe Graphics,16,Integrated,Windows 11,,,3368.28,280690,INR,https://www.flipkart.com/lenovo-loq-intel-core-i7-13th-gen-i7-13650hx-16-gb-512-gb-ssd-windows-11-home-6-graphics-nvidia-geforce-rtx-4050-144-hz-15irx9-gaming-laptop/p/itm61da51077426d,2026-10-06T11:39:02.277106+00:00
Flipkart,MSI,MSI GF65 Thin Intel Core i5 9th Gen 9300H - (16 GB/512 GB SSD/Windows 10 Home/6 GB Graphics/NVIDIA GeF...,Notebook,15.6,,,0,,Intel,Core i5,Intel Core i5 Processor (9th Gen),9th Gen,,,16,DDR4,512,SSD,,Intel,Intel Iris Xe Graphics,16,Integrated,Windows 10,,,1199.88,99990,INR,https://www.flipkart.com/msi-gf65-thin-intel-core-i5-9th-gen-9300h-16-gb-512-gb-ssd-windows-10-home-6-graphics-nvidia-geforce-gtx-1660-ti-9sd-890in-gaming-laptop/p/itm7df656f78c425,2026-10-06T11:39:02.277106+00:00
Flipkart,Lenovo,Lenovo LOQ Intel Core i5 13th Gen 13450HX - (16 GB/512 GB SSD/Windows 11 Home/6 GB Graphics/NVIDIA GeF...,Notebook,15.6,,,0,,Intel,Core i5,Intel Core i5 Processor (13th Gen),13th Gen,,,16,DDR5,512,SSD,,Intel,Intel Iris Xe Graphics,16,Integrated,Windows 11,,,1555.28,129607,INR,https://www.flipkart.com/lenovo-loq-intel-core-i5-13th-gen-13450hx-16-gb-512-gb-ssd-windows-11-home-6-graphics-nvidia-geforce-rtx-4050-15irx9-gaming-laptop/p/itm975f0ea246a0e,2026-10-06T11:39:02.277106+00:00
Flipkart,Acer,Acer Predator Helios Neo 16S AI Intel Core Ultra 7 255 HX - (16 GB/1 TB SSD/Windows 11 Home/8 GB Graph...,Notebook,16,,,0,,Intel,Core Ultra 7,255,Meteor Lake,,,16,DDR5,1000,SSD,,Intel,Intel UHD Graphics,16,Integrated,Windows 11,,,2351.99,195999,INR,https://www.flipkart.com/acer-predator-helios-neo-16s-ai-intel-core-ultra-7-255-hx-16-gb-1-tb-ssd-windows-11-home-8-gb-graphics-nvidia-geforce-rtx-5060-phn16s-71-gaming-laptop/p/itm928fc558f47b8,2026-10-06T11:39:02.277106+00:00
Flipkart,Lenovo,Lenovo LOQ 2025 AMD Ryzen 7 Octa Core 250 - (16 GB/512 GB SSD/Windows 11 Home/8 GB Graphics/NVIDIA GeF...,Notebook,15.6,,,0,,AMD,Ryzen 7,,,,8,16,DDR5,512,SSD,,AMD,AMD Radeon Graphics,16,Integrated,Windows 11,,,1985.88,165490,INR,https://www.flipkart.com/lenovo-loq-2025-amd-ryzen-7-octa-core-250-16-gb-512-gb-ssd-windows-11-home-8-graphics-nvidia-geforce-rtx-5050-15ahp10-gaming-laptop/p/itm4f1c5a47cce97,2026-10-06T11:39:02.277106+00:00
Flipkart,Acer,Acer Nitro 5 Intel Core i7 14th Gen 14650HX - (16 GB/1 TB SSD/Windows 11 Home/6 GB Graphics/NVIDIA GeF...,Notebook,16,,,0,,Intel,Core i7,Intel Core i7 Processor (14th Gen),14th Gen,,,16,DDR5,1000,SSD,,Intel,Intel Iris Xe Graphics,16,Integrated,Windows 11,,,1739.88,144990,INR,https://www.flipkart.com/acer-nitro-5-intel-core-i7-14th-gen-14650hx-16-gb-1-tb-ssd-windows-11-home-6-gb-graphics-nvidia-geforce-rtx-4050-an516-73g1-gaming-laptop/p/itm96931b0cabc02,2026-10-06T11:39:02.277106+00:00
Flipkart,Lenovo,Lenovo LOQ 2025 Intel Core i7 13th Gen 13645HX - (16 GB/1 TB SSD/Windows 11 Home/8 GB Graphics/NVIDIA ...,Notebook,15.6,,,0,,Intel,Core i7,Intel Core i7 Processor (13th Gen),13th Gen,,,16,DDR5,1000,SSD,,Intel,Intel Iris Xe Graphics,16,Integrated,Windows 11,,,3843.48,320290,INR,https://www.flipkart.com/lenovo-loq-2025-intel-core-i7-13th-gen-13645hx-16-gb-1-tb-ssd-windows-11-home-8-gb-graphics-nvidia-geforce-rtx-5050-15irx10-gaming-laptop/p/itmb534cc031e416,2026-10-06T11:39:02.277106+00:00
Flipkart,Acer,Acer Nitro 5 Intel Core i7 14th Gen 14650HX - (16 GB/1 TB SSD/Windows 11 Home/8 GB Graphics/NVIDIA GeF...,Notebook,16,,,0,,Intel,Core i7,Intel Core i7 Processor (14th Gen),14th Gen,,,16,DDR5,1000,SSD,,Intel,Intel Iris Xe Graphics,16,Integrated,Windows 11,,,1859.88,154990,INR,https://www.flipkart.com/acer-nitro-5-intel-core-i7-14th-gen-14650hx-16-gb-1-tb-ssd-windows-11-home-8-gb-graphics-nvidia-geforce-rtx-5050-an516-74g1-gaming-laptop/p/itmd2dc4dc2b2cd4,2026-10-06T11:39:02.277106+00:00
Flipkart,Lenovo,Lenovo LOQ 2025 Intel Core i7 14th Gen 14700HX - (16 GB/512 GB SSD/Windows 11 Home/8 GB Graphics/NVIDI...,Notebook,15.6,,,0,,Intel,Core i7,Intel Core i7 Processor (14th Gen),14th Gen,,,16,DDR5,512,SSD,,Intel,Intel Iris Xe Graphics,16,Integrated,Windows 11,,,4145.88,345490,INR,https://www.flipkart.com/lenovo-loq-2025-intel-core-i7-14th-gen-14700hx-16-gb-512-gb-ssd-windows-11-home-8-graphics-nvidia-geforce-rtx-5060-15irx10-gaming-laptop/p/itm3ebff9af7509f,2026-10-06T11:39:02.277106+00:00
Flipkart,Dell,DELL Alienware 16 Aurora (i7 14th Gen) Microsoft Office Home 2024 Intel Core 7 240 H - (16 GB/1 TB SSD...,Notebook,16,,,0,,Intel,Core 7,240,Raptor Lake Refresh,,,16,DDR5,1000,SSD,,Intel,Intel UHD Graphics,16,Integrated,Windows 11,,,1732.76,144397,INR,https://www.flipkart.com/dell-alienware-16-aurora-i7-14th-gen-microsoft-office-home-2024-intel-core-7-240-h-16-gb-1-tb-ssd-windows-11-home-6-gb-graphics-nvidia-geforce-rtx-4050-120-hz-oan1625000701mino-gaming-laptop/p/itm726b2f32eb38b,2026-10-06T11:39:02.277106+00:00
Flipkart,ASUS,ASUS TUF Gaming F16 (2025) with Office 2024 + M365 Basic* Intel Core i5 13th Gen 13450HX - (16 GB/1 TB...,Gaming,16,,,0,,Intel,Core i5,Intel Core i5 Processor (13th Gen),13th Gen,,,16,DDR5,1000,SSD,,Intel,Intel Iris Xe Graphics,16,Integrated,Windows 11,,,1868.82,155735,INR,https://www.flipkart.com/asus-tuf-gaming-f16-2025-office-2024-m365-basic-intel-core-i5-13th-gen-13450hx-16-gb-1-tb-ssd-windows-11-home-8-gb-graphics-nvidia-geforce-rtx-5050-165-hz-fx608jh-rv057ws-laptop/p/itm44eb1a88aa0d3,2026-10-06T11:39:02.277106+00:00
Flipkart,HP,HP Victus (i5 14th Gen) Intel Core 5 210 H - (24 GB/512 GB SSD/Windows 11 Home/6 GB Graphics/NVIDIA Ge...,Notebook,15.6,,,0,,Intel,Core 5,210,Raptor Lake Refresh,,,24,DDR5,512,SSD,,Intel,Intel UHD Graphics,24,Integrated,Windows 11,,,1379.88,114990,INR,https://www.flipkart.com/hp-victus-i5-14th-gen-intel-core-5-210-h-24-gb-512-gb-ssd-windows-11-home-6-graphics-nvidia-geforce-rtx-3050-15-fa2556tx-gaming-laptop/p/itm5114b22280c2d,2026-10-06T11:39:02.277106+00:00
Flipkart,MSI,MSI GP66 Leopard Intel Core i7 11th Gen 11800H - (16 GB/1 TB SSD/Windows 10 Home/8 GB Graphics/NVIDIA ...,Notebook,15.6,,,0,,Intel,Core i7,Intel Core i7 Processor (11th Gen),11th Gen,,,16,DDR4,1000,SSD,,Intel,Intel Iris Xe Graphics,16,Integrated,Windows 10,,,2087.88,173990,INR,https://www.flipkart.com/msi-gp66-leopard-intel-core-i7-11th-gen-11800h-16-gb-1-tb-ssd-windows-10-home-8-gb-graphics-nvidia-geforce-rtx-3070-165-hz-11ug-693in-gaming-laptop/p/itm9f040fadefe89,2026-10-06T11:39:02.277106+00:00
Flipkart,MSI,MSI Cyborg 15 Intel Core i5 12th Gen 12450H - (16 GB/512 GB SSD/Windows 11 Home/4 GB Graphics/NVIDIA G...,Notebook,15,,,0,,Intel,Core i5,Intel Core i5 Processor (12th Gen),12th Gen,,,16,DDR5,512,SSD,,Intel,Intel Iris Xe Graphics,16,Integrated,Windows 11,,,1031.87,85989,INR,https://www.flipkart.com/msi-cyborg-15-intel-core-i5-12th-gen-12450h-16-gb-512-gb-ssd-windows-11-home-4-graphics-nvidia-geforce-rtx-2050-a12ucx-1469in-gaming-laptop/p/itm257a2ad2ffbb3,2026-10-06T11:39:02.277106+00:00
Flipkart,Lenovo,Lenovo Lenovo Legion 9 Intel Core i9 14th Gen 14900HX - (64 GB/2 TB SSD/Windows 11 Home/16 GB Graphics...,Notebook,16,,,0,,Intel,Core i9,Intel Core i9 Processor (14th Gen),14th Gen,,,64,DDR5,2000,SSD,,Intel,Intel Iris Xe Graphics,64,Integrated,Windows 11,,,4691.99,390999,INR,https://www.flipkart.com/lenovo-legion-9-intel-core-i9-14th-gen-14900hx-64-gb-2-tb-ssd-windows-11-home-16-gb-graphics-nvidia-geforce-rtx-4090-16irx9-gaming-laptop/p/itm83a82923ad378,2026-10-06T11:39:02.277106+00:00
Flipkart,MSI,MSI Stealth 17 Intel Core i7 13th Gen 13700H - (16 GB/2 TB SSD/Windows 11 Home/8 GB Graphics/NVIDIA Ge...,Notebook,17.3,,,0,,Intel,Core i7,Intel Core i7 Processor (13th Gen),13th Gen,,,16,DDR5,2000,SSD,,Intel,Intel Iris Xe Graphics,16,Integrated,Windows 11,,,4175.88,347990,INR,https://www.flipkart.com/msi-stealth-17-intel-core-i7-13th-gen-13700h-16-gb-2-tb-ssd-windows-11-home-8-gb-graphics-nvidia-geforce-rtx-4070-240-hz-studio-a13vg-029in-gaming-laptop/p/itm8dcc50d580dd9,2026-10-06T11:39:02.277106+00:00
Flipkart,ASUS,"ASUS ROG Flow Z13 (2025) for Creator with Touch Screen, MSO 2024 + M365 Basic ,AI PC AMD Ryzen AI Max ...",Notebook,13.4,,,1,,AMD,,AMD Ryzen AI Max Processor,,,,64,LPDDR5X,1000,SSD,,AMD,AMD Radeon Graphics,64,Integrated,Windows 11,,,3359.88,279990,INR,https://www.flipkart.com/asus-rog-flow-z13-2025-creator-touch-screen-mso-2024-m365-basic-ai-pc-amd-ryzen-ai-max-64-gb-1-tb-ssd-windows-11-home-amd-radeon-8060s-180-ghz-gz302ea-ru193ws-gaming-laptop/p/itm58205987c08ce,2026-10-06T11:39:02.277106+00:00
Flipkart,HP,HP Victus Gaming 15-With Backlit Intel Core i7 12th Gen - (16 GB/1 TB SSD/Windows 11 Home/4 GB Graphic...,Gaming,15.6,,,0,,Intel,Core i7,Intel Core i7 Processor (12th Gen),12th Gen,,,16,DDR4,1000,SSD,,Intel,Intel Iris Xe Graphics,16,Integrated,Windows 11,,,1355.87,112989,INR,https://www.flipkart.com/hp-victus-gaming-15-with-backlit-intel-core-i7-12th-gen-16-gb-1-tb-ssd-windows-11-home-4-gb-graphics-nvidia-geforce-rtx-nvidia-rtx-3050-fa0187tx-laptop/p/itmb70a19000da5e,2026-10-06T11:39:02.277106+00:00
Flipkart,Acer,Acer Predator Helios 16 Intel Core i9 14th Gen 14900HX - (16 GB/1 TB SSD/Windows 11 Home/8 GB Graphics...,Notebook,16,,,0,,Intel,Core i9,Intel Core i9 Processor (14th Gen),14th Gen,,,16,DDR5,1000,SSD,,Intel,Intel Iris Xe Graphics,16,Integrated,Windows 11,,,2423.99,201999,INR,https://www.flipkart.com/acer-predator-helios-16-intel-core-i9-14th-gen-14900hx-16-gb-1-tb-ssd-windows-11-home-8-gb-graphics-nvidia-geforce-rtx-4070-ph16-72-gaming-laptop/p/itm34f68c296ce65,2026-10-06T11:39:02.277106+00:00
Flipkart,Lenovo,Lenovo LOQ 2025 Intel Core i7 14th Gen 14700HX - (16 GB/1 TB SSD/Windows 11 Home/8 GB Graphics/NVIDIA ...,Notebook,15.6,,,0,,Intel,Core i7,Intel Core i7 Processor (14th Gen),14th Gen,,,16,DDR5,1000,SSD,,Intel,Intel Iris Xe Graphics,16,Integrated,Windows 11,,,2369.99,197499,INR,https://www.flipkart.com/lenovo-loq-2025-intel-core-i7-14th-gen-14700hx-16-gb-1-tb-ssd-windows-11-home-8-gb-graphics-nvidia-geforce-rtx-5060-15irx10-gaming-laptop/p/itmb91577b146ddb,2026-10-06T11:39:02.277106+00:00
Flipkart,Lenovo,Lenovo LOQ Intel Core i7 13th Gen 13645HX - (16 GB/512 GB SSD/Windows 11 Home/6 GB Graphics/NVIDIA GeF...,Notebook,15.6,,,0,,Intel,Core i7,Intel Core i7 Processor (13th Gen),13th Gen,,,16,DDR5,512,SSD,,Intel,Intel Iris Xe Graphics,16,Integrated,Windows 11,,,3238.68,269890,INR,https://www.flipkart.com/lenovo-loq-intel-core-i7-13th-gen-13645hx-16-gb-512-gb-ssd-windows-11-home-6-graphics-nvidia-geforce-rtx-4050-15irx9-gaming-laptop/p/itmaf58035c4d7bf,2026-10-06T11:39:02.277106+00:00
Flipkart,ASUS,ASUS ROG Strix SCAR 16 with 90WHr Battery Intel HX-Series Intel Core i9 13th Gen 13980HX - (32 GB/1 TB...,Notebook,16,,,0,,Intel,Core i9,Intel Core i9 Processor (13th Gen),13th Gen,,,32,DDR5,1000,SSD,,Intel,Intel Iris Xe Graphics,32,Integrated,Windows 11,,,3545.99,295499,INR,https://www.flipkart.com/asus-rog-strix-scar-16-90whr-battery-intel-hx-series-core-i9-13th-gen-13980hx-32-gb-1-tb-ssd-windows-11-home-12-gb-graphics-nvidia-geforce-rtx-4080-240-hz-175-tgp-g634jz-nm057ws-gaming-laptop/p/itm3fb7e1656ad58,2026-10-06T11:39:02.277106+00:00
Flipkart,ASUS,ASUS ROG Strix SCAR 18 (2026) Intel Core Ultra 9 290HX Plus - (32 GB/1 TB SSD/Windows 11 Home/16 GB Gr...,Notebook,18,,,0,,Intel,Core Ultra 9,290HX,Meteor Lake,,,32,DDR5,1000,SSD,,Intel,Intel UHD Graphics,32,Integrated,Windows 11,,,5879.88,489990,INR,https://www.flipkart.com/asus-rog-strix-scar-18-2026-intel-core-ultra-9-290hx-plus-32-gb-1-tb-ssd-windows-11-home-16-gb-graphics-nvidia-geforce-rtx-5080-240-hz-g835lwg-tq363ws-gaming-laptop/p/itm91355e99cc65a,2026-10-06T11:39:02.277106+00:00
Flipkart,Acer,Acer Predator Helios 300 Intel Core i7 10th Gen 10870H - (16 GB/2 TB SSD/Windows 10 Home/8 GB Graphics...,Notebook,15.6,,,0,,Intel,Core i7,Intel Core i7 Processor (10th Gen),10th Gen,,,16,DDR4,2000,SSD,,Intel,Intel Iris Xe Graphics,16,Integrated,Windows 10,,,1805.88,150490,INR,https://www.flipkart.com/acer-predator-helios-300-intel-core-i7-10th-gen-10870h-16-gb-2-tb-ssd-windows-10-home-8-gb-graphics-nvidia-geforce-rtx-2070-max-q-design-240-hz-ph315-53-7739-gaming-laptop/p/itmafb97fcd252d4,2026-10-06T11:39:02.277106+00:00
Flipkart,MSI,MSI Pulse 17 Intel Core i7 13th Gen 13700H - (16 GB/1 TB SSD/Windows 11 Home/8 GB Graphics/NVIDIA GeFo...,Notebook,17.3,,,0,,Intel,Core i7,Intel Core i7 Processor (13th Gen),13th Gen,,,16,DDR5,1000,SSD,,Intel,Intel Iris Xe Graphics,16,Integrated,Windows 11,,,2351.88,195990,INR,https://www.flipkart.com/msi-pulse-17-intel-core-i7-13th-gen-13700h-16-gb-1-tb-ssd-windows-11-home-8-gb-graphics-nvidia-geforce-rtx-4070-240-hz-b13vgk-666in-gaming-laptop/p/itm84c87f02469f3,2026-10-06T11:39:02.277106+00:00
Flipkart,MSI,MSI GS Intel Core i7 8th Gen 8750H - (16 GB/512 GB SSD/Windows 10 Home/6 GB Graphics/NVIDIA GeForce GT...,Gaming,15.6,,,0,,Intel,Core i7,Intel Core i7 Processor (8th Gen),8th Gen,,,16,DDR4,512,SSD,,Nvidia,GTX 1060,16,Pascal,Windows 10,,,2039.88,169990,INR,https://www.flipkart.com/msi-gs-intel-core-i7-8th-gen-8750h-16-gb-512-gb-ssd-windows-10-home-6-graphics-nvidia-geforce-gtx-1060-gs65-8re-084in-gaming-laptop/p/itm41d3a506706e8,2026-10-06T11:39:02.277106+00:00
Flipkart,MSI,MSI Katana 15 HX B14 Intel Core i5 14450HX - (16 GB/512 GB SSD/Windows 11 Home/8 GB Graphics/NVIDIA Ge...,Notebook,15.6,,,0,,Intel,Core i5,Intel Core i5 Processor,14th Gen,,,16,DDR5,512,SSD,,Intel,Intel Iris Xe Graphics,16,Integrated,Windows 11,,,1756.45,146371,INR,https://www.flipkart.com/msi-katana-15-hx-b14-intel-core-i5-14450hx-16-gb-512-gb-ssd-windows-11-home-8-graphics-nvidia-geforce-rtx-5050-144-hz-b14wek-438in-gaming-laptop/p/itm5380113e27259,2026-10-06T11:39:02.277106+00:00
Flipkart,Lenovo,Lenovo Legion 5 2025 AMD Ryzen 7 Octa Core 260 - (16 GB/1 TB SSD/Windows 11 Home/8 GB Graphics/NVIDIA ...,Notebook,15.3,,,0,,AMD,Ryzen 7,,,,8,16,DDR5,1000,SSD,,AMD,AMD Radeon Graphics,16,Integrated,Windows 11,,,2476.68,206390,INR,https://www.flipkart.com/lenovo-legion-5-2025-amd-ryzen-7-octa-core-260-16-gb-1-tb-ssd-windows-11-home-8-gb-graphics-nvidia-geforce-rtx-5060-165-hz-15ahp10-gaming-laptop/p/itm07fa55fee8239,2026-10-06T11:39:02.277106+00:00
Flipkart,Lenovo,Lenovo Legion 7 WQXGA OLED Intel Core Ultra 9 275HX - (32 GB/1 TB SSD/Windows 11 Home/8 GB Graphics/NV...,Notebook,16,2560x1600,OLED,0,,Intel,Core Ultra 9,275HX,Meteor Lake,,,32,DDR5,1000,SSD,,Intel,Intel UHD Graphics,32,Integrated,Windows 11,,,3434.28,286190,INR,https://www.flipkart.com/lenovo-legion-7-wqxga-oled-intel-core-ultra-9-275hx-32-gb-1-tb-ssd-windows-11-home-8-gb-graphics-nvidia-geforce-rtx-5060-16iax10-gaming-laptop/p/itmfec58f35c0189,2026-10-06T11:39:02.277106+00:00
Flipkart,Acer,Acer Aspire 7 Intel Core i5 13th Gen 13420H - (16 GB/512 GB SSD/Windows 11 Home/6 GB Graphics/NVIDIA G...,Notebook,15.6,,,0,,Intel,Core i5,Intel Core i5 Processor (13th Gen),13th Gen,,,16,DDR4,512,SSD,,Intel,Intel Iris Xe Graphics,16,Integrated,Windows 11,,,1165.09,97091,INR,https://www.flipkart.com/acer-aspire-7-intel-core-i5-13th-gen-13420h-16-gb-512-gb-ssd-windows-11-home-6-graphics-nvidia-geforce-rtx-3050-a715-79g-gaming-laptop/p/itm8208102c97f99,2026-10-06T11:39:02.277106+00:00
Flipkart,ASUS,ASUS ROG Strix G16 (2026) Intel Core Ultra 9 290HX Plus - (32 GB/1 TB SSD/Windows 11 Home/8 GB Graphic...,Notebook,16,,,0,,Intel,Core Ultra 9,290HX,Meteor Lake,,,32,DDR5,1000,SSD,,Intel,Intel UHD Graphics,32,Integrated,Windows 11,,,3875.88,322990,INR,https://www.flipkart.com/asus-rog-strix-g16-2026-intel-core-ultra-9-290hx-plus-32-gb-1-tb-ssd-windows-11-home-8-gb-graphics-nvidia-geforce-rtx-5070-300-hz-g615lp-ts210ws-gaming-laptop/p/itm2860e904214aa,2026-10-06T11:39:02.277106+00:00
Flipkart,ASUS,ASUS ROG Strix G16 Intel Core Ultra 9 275HX - (16 GB/1 TB SSD/Windows 11 Home/8 GB Graphics/NVIDIA GeF...,Notebook,16,,,0,,Intel,Core Ultra 9,275HX,Meteor Lake,,,16,DDR5,1000,SSD,,Intel,Intel UHD Graphics,16,Integrated,Windows 11,,,2399.88,199990,INR,https://www.flipkart.com/asus-rog-strix-g16-intel-core-ultra-9-275hx-16-gb-1-tb-ssd-windows-11-home-8-gb-graphics-nvidia-geforce-rtx-5060-240-hz-g615lm-s5128ws-gaming-laptop/p/itm9486b8549da35,2026-10-06T11:39:02.277106+00:00
Flipkart,HP,HP OMEN Intel Core i7 14th Gen 14700HX - (16 GB/1 TB SSD/Windows 11 Home/8 GB Graphics/NVIDIA GeForce ...,Notebook,16.1,,,0,,Intel,Core i7,Intel Core i7 Processor (14th Gen),14th Gen,,,16,DDR5,1000,SSD,,Intel,Intel Iris Xe Graphics,16,Integrated,Windows 11,,,2387.99,198999,INR,https://www.flipkart.com/hp-omen-intel-core-i7-14th-gen-14700hx-16-gb-1-tb-ssd-windows-11-home-8-gb-graphics-nvidia-geforce-rtx-4060-140-w-16-wf1025tx-gaming-laptop/p/itm4545e3c1ba1b6,2026-10-06T11:39:02.277106+00:00
Flipkart,HP,HP Intel Core i5 13th Gen 13420H - (16 GB/512 GB SSD/Windows 11 Home/6 GB Graphics/NVIDIA GeForce RTX ...,Notebook,15.6,,,0,,Intel,Core i5,Intel Core i5 Processor (13th Gen),13th Gen,,,16,DDR4,512,SSD,,Intel,Intel Iris Xe Graphics,16,Integrated,Windows 11,,,1331.88,110990,INR,https://www.flipkart.com/hp-intel-core-i5-13th-gen-13420h-16-gb-512-gb-ssd-windows-11-home-6-graphics-nvidia-geforce-rtx-4050-15-fa1319tx-gaming-laptop/p/itm1f6d5f6764840,2026-10-06T11:39:02.277106+00:00
Flipkart,ASUS,ASUS ROG Zephyrus Duo 16 OLED (2026) with Touch Screen Intel Core Ultra 9 386H - (64 GB/2 TB SSD/Windo...,Notebook,16,,OLED,1,,Intel,Core Ultra 9,386H,Meteor Lake,,,64,LPDDR5X,2000,SSD,,Intel,Intel UHD Graphics,64,Integrated,Windows 11,,,8759.88,729990,INR,https://www.flipkart.com/asus-rog-zephyrus-duo-16-oled-2026-touch-screen-intel-core-ultra-9-386h-64-gb-2-tb-ssd-windows-11-home-24-gb-graphics-nvidia-geforce-rtx-5090-120-hz-gx651ax-sr099ws-gaming-laptop/p/itm441b0ac6e5df0,2026-10-06T11:39:02.277106+00:00
Flipkart,HP,HP Omen AMD Ryzen 9 16 Core 8940HX - (24 GB/1 TB SSD/Windows 11 Home/8 GB Graphics/NVIDIA GeForce RTX ...,Notebook,16,,,0,,AMD,Ryzen 9,,,,16,24,DDR5,1000,SSD,,AMD,AMD Radeon Graphics,24,Integrated,Windows 11,,,2622.00,218500,INR,https://www.flipkart.com/hp-omen-amd-ryzen-9-16-core-8940hx-24-gb-1-tb-ssd-windows-11-home-8-gb-graphics-nvidia-geforce-rtx-5060-16-ap0181ax-gaming-laptop/p/itmf59dcb51a3993,2026-10-06T11:39:02.277106+00:00
Flipkart,Lenovo,Lenovo LOQ AMD Ryzen 7 Octa Core 7435HS - (24 GB/512 GB SSD/Windows 11 Home/8 GB Graphics/NVIDIA GeFor...,Notebook,15.6,,,0,,AMD,Ryzen 7,7435HS,Zen 4,,8,24,DDR5,512,SSD,,AMD,AMD Radeon Graphics,24,Integrated,Windows 11,,,1535.88,127990,INR,https://www.flipkart.com/lenovo-loq-amd-ryzen-7-octa-core-7435hs-24-gb-512-gb-ssd-windows-11-home-8-graphics-nvidia-geforce-rtx-4060-144-hz-105-w-15arp9-gaming-laptop/p/itmd3fbbdced2d6b,2026-10-06T11:39:02.277106+00:00
Flipkart,ASUS,ASUS TUF Gaming F16 (2025) with Office 2024 + M365 Basic* Intel Core i7 14th Gen 14650HX - (32 GB/1 TB...,Gaming,16,,,0,,Intel,Core i7,Intel Core i7 Processor (14th Gen),14th Gen,,,32,DDR5,1000,SSD,,Intel,Intel Iris Xe Graphics,32,Integrated,Windows 11,,,2688.24,224020,INR,https://www.flipkart.com/asus-tuf-gaming-f16-2025-office-2024-m365-basic-intel-core-i7-14th-gen-14650hx-32-gb-1-tb-ssd-windows-11-home-8-gb-graphics-nvidia-geforce-rtx-5070-165-hz-fx688jpr-qt043ws-laptop/p/itm8c23f3b4e57ad,2026-10-06T11:39:02.277106+00:00
Flipkart,Acer,Acer Nitro 5 Pro Intel Core i7 14th Gen 14650HX - (16 GB/1 TB SSD/Windows 11 Home/8 GB Graphics/NVIDIA...,Notebook,16,,,0,,Intel,Core i7,Intel Core i7 Processor (14th Gen),14th Gen,,,16,DDR5,1000,SSD,,Intel,Intel Iris Xe Graphics,16,Integrated,Windows 11,,,3407.88,283990,INR,https://www.flipkart.com/acer-nitro-5-pro-intel-core-i7-14th-gen-14650hx-16-gb-1-tb-ssd-windows-11-home-8-gb-graphics-nvidia-geforce-rtx-5050-an5p16-74g2-gaming-laptop/p/itm7f8651f0e0f53,2026-10-06T11:39:02.277106+00:00
Flipkart,ASUS,ASUS ROG Strix G16 (2026) AMD Ryzen 9 16 Core 8940HX - (16 GB/1 TB SSD/Windows 11 Home/8 GB Graphics/N...,Notebook,16,,,0,,AMD,Ryzen 9,,,,16,16,DDR5,1000,SSD,,AMD,AMD Radeon Graphics,16,Integrated,Windows 11,,,2684.18,223682,INR,https://www.flipkart.com/asus-rog-strix-g16-2026-amd-ryzen-9-16-core-8940hx-16-gb-1-tb-ssd-windows-11-home-8-gb-graphics-nvidia-geforce-rtx-5050-165-hz-g614ph-rv073ws-gaming-laptop/p/itm79a5501cd2465,2026-10-06T11:39:02.277106+00:00
Flipkart,Acer,Acer Nitro 5 Pro Intel Core i5 14th Gen 14450HX - (16 GB/1 TB SSD/Windows 11 Home/6 GB Graphics/NVIDIA...,Notebook,16,,,0,,Intel,Core i5,Intel Core i5 Processor (14th Gen),14th Gen,,,16,DDR5,1000,SSD,,Intel,Intel Iris Xe Graphics,16,Integrated,Windows 11,,,2987.88,248990,INR,https://www.flipkart.com/acer-nitro-5-pro-intel-core-i5-14th-gen-14450hx-16-gb-1-tb-ssd-windows-11-home-6-gb-graphics-nvidia-geforce-rtx-4050-an5p16-73g2-gaming-laptop/p/itm609add2d30ce8,2026-10-06T11:39:02.277106+00:00
Flipkart,ASUS,"ASUS ProArt P16 (2025) for Creator with Touch Screen, MSO 2024 + M365 Basic ,AI PC AMD Ryzen AI 9 HX 1...",Notebook,16,,,1,,AMD,Ryzen AI 9,HX,Zen 5 (Strix),,12,64,LPDDR5X,2000,SSD,,AMD,AMD Radeon Graphics,64,Integrated,Windows 11,,,6359.88,529990,INR,https://www.flipkart.com/asus-proart-p16-2025-creator-touch-screen-mso-2024-m365-basic-ai-pc-amd-ryzen-ai-9-hx-12-core-370hx-64-gb-2-tb-ssd-windows-11-home-24-gb-graphics-amd-radeon-nvidia-geforce-rtx-5090-120-ghz-h7606wx-se028ws-gaming-laptop/p/itm6cab5c71e1bca,2026-10-06T11:39:02.277106+00:00
Flipkart,Acer,Acer Aspire 7 Intel Core i5 12th Gen 1240P - (16 GB/512 GB SSD/Windows 11 Home/4 GB Graphics/NVIDIA Ge...,Notebook,15.6,,,0,,Intel,Core i5,Intel Core i5 Processor (12th Gen),12th Gen,,,16,DDR4,512,SSD,,Intel,Intel Iris Xe Graphics,16,Integrated,Windows 11,,,947.99,78999,INR,https://www.flipkart.com/acer-aspire-7-intel-core-i5-12th-gen-1240p-16-gb-512-gb-ssd-windows-11-home-4-graphics-nvidia-geforce-rtx-3050-a715-51g-gaming-laptop/p/itmd57f25c89d62e,2026-10-06T11:39:02.277106+00:00
Flipkart,ASUS,"ASUS ProArt P16 (2026) for Creator with Touch Screen,AI PC AMD Ryzen AI 9 12 Core 370HX - (32 GB/1 TB ...",Notebook,16,,,1,,AMD,Ryzen AI 9,12,Zen 5 (Strix),,12,32,LPDDR5X,1000,SSD,,AMD,AMD Radeon Graphics,32,Integrated,Windows 11,,,5639.88,469990,INR,https://www.flipkart.com/asus-proart-p16-2026-creator-touch-screen-ai-pc-amd-ryzen-ai-9-12-core-370hx-32-gb-1-tb-ssd-windows-11-home-16-gb-graphics-nvidia-geforce-rtx-5080-120-hz-h7606ww-se066ws-gaming-laptop/p/itm43e9473fd47e7,2026-10-06T11:39:02.277106+00:00
Flipkart,MSI,MSI Raider 18 HX Intel Core i9 14th Gen 14900HX - (32 GB/2 TB SSD/Windows 11 Home/12 GB Graphics/NVIDI...,Notebook,18,,,0,,Intel,Core i9,Intel Core i9 Processor (14th Gen),14th Gen,,,32,DDR5,2000,SSD,,Intel,Intel Iris Xe Graphics,32,Integrated,Windows 11,,,4559.88,379990,INR,https://www.flipkart.com/msi-raider-18-hx-intel-core-i9-14th-gen-14900hx-32-gb-2-tb-ssd-windows-11-home-12-gb-graphics-nvidia-geforce-rtx-4080-240-hz-a14vhg-254in-gaming-laptop/p/itm96d8f046994e0,2026-10-06T11:39:02.277106+00:00
Flipkart,ASUS,ASUS ROG Strix G18 (2026) Intel Core Ultra 9 290HX - (32 GB/1 TB SSD/Windows 11 Home/12 GB Graphics/NV...,Notebook,18,,,0,,Intel,Core Ultra 9,290HX,Meteor Lake,,,32,DDR5,1000,SSD,,Intel,Intel UHD Graphics,32,Integrated,Windows 11,,,4679.88,389990,INR,https://www.flipkart.com/asus-rog-strix-g18-2026-intel-core-ultra-9-290hx-32-gb-1-tb-ssd-windows-11-home-12-gb-graphics-nvidia-geforce-rtx-5070-ti-300-hz-g815lr-tt292ws-gaming-laptop/p/itm98d2dccea7436,2026-10-06T11:39:02.277106+00:00
Flipkart,Lenovo,Lenovo Legion Pro 7 Intel Core Ultra 9 9th Gen 275HX - (32 GB/1 TB SSD/Windows 11 Home/24 GB Graphics/...,Notebook,16,,,0,,Intel,Core Ultra 9,,9th Gen,,,32,DDR5,1000,SSD,,Intel,Intel UHD Graphics,32,Integrated,Windows 11,,,6424.68,535390,INR,https://www.flipkart.com/lenovo-legion-pro-7-intel-core-ultra-9-9th-gen-275hx-32-gb-1-tb-ssd-windows-11-home-24-gb-graphics-nvidia-geforce-rtx-5090-16iax10h-gaming-laptop/p/itm9f4829566a322,2026-10-06T11:39:02.277106+00:00
Flipkart,Dell,DELL Intel Core i5 13th Gen 13450HX - (16 GB/1 TB SSD/Windows 11 Home/6 GB Graphics/NVIDIA GeForce RTX...,Notebook,15.6,,,0,,Intel,Core i5,Intel Core i5 Processor (13th Gen),13th Gen,,,16,DDR5,1000,SSD,,Intel,Intel Iris Xe Graphics,16,Integrated,Windows 11,,,1493.99,124499,INR,https://www.flipkart.com/dell-intel-core-i5-13th-gen-13450hx-16-gb-1-tb-ssd-windows-11-home-6-gb-graphics-nvidia-geforce-rtx-3050-gn5530n7hy001orb1o-gaming-laptop/p/itm7e5ffde82dfda,2026-10-06T11:39:02.277106+00:00
Flipkart,,Colorful P15 Intel Core i7 13th Gen 13620H - (16 GB/512 GB SSD/Windows 11 Home/8 GB Graphics/NVIDIA Ge...,Notebook,15.6,,,0,,Intel,Core i7,Intel Core i7 Processor (13th Gen),13th Gen,,,16,DDR5,512,SSD,,Intel,Intel Iris Xe Graphics,16,Integrated,Windows 11,,,1439.99,119999,INR,https://www.flipkart.com/colorful-p15-intel-core-i7-13th-gen-13620h-16-gb-512-gb-ssd-windows-11-home-8-graphics-nvidia-geforce-rtx-4060-23-hj76b16512e-b-sa-23-hj76b16512e-b-ind-gaming-laptop/p/itm539c6f24a89a5,2026-10-06T11:39:02.277106+00:00
Flipkart,HP,HP OMEN Intel Core i5 13th Gen 13420H - (16 GB/512 GB SSD/Windows 11 Home/6 GB Graphics/NVIDIA GeForce...,Notebook,16.1,,,0,,Intel,Core i5,Intel Core i5 Processor (13th Gen),13th Gen,,,16,DDR5,512,SSD,,Intel,Intel Iris Xe Graphics,16,Integrated,Windows 11,,,1418.03,118169,INR,https://www.flipkart.com/hp-omen-intel-core-i5-13th-gen-13420h-16-gb-512-gb-ssd-windows-11-home-6-graphics-nvidia-geforce-rtx-4050-144-hz-120-w-16-wd0880tx-gaming-laptop/p/itmf78f7125cef63,2026-10-06T11:39:02.277106+00:00
Flipkart,ASUS,ASUS ROG Zephyrus G14 OLED (2026) Intel Core Ultra 9 386H - (32 GB/1 TB SSD/Windows 11 Home/8 GB Graph...,Notebook,14,,OLED,0,,Intel,Core Ultra 9,386H,Meteor Lake,,,32,LPDDR5X,1000,SSD,,Intel,Intel UHD Graphics,32,Integrated,Windows 11,,,4319.88,359990,INR,https://www.flipkart.com/asus-rog-zephyrus-g14-oled-2026-intel-core-ultra-9-386h-32-gb-1-tb-ssd-windows-11-home-8-gb-graphics-nvidia-geforce-rtx-5070-120-hz-gu405ap-sy041ws-gaming-laptop/p/itmb2318ae116edf,2026-10-06T11:39:02.277106+00:00
Flipkart,HP,HP Omen AI AMD Ryzen AI 7 Octa Core 350 - (24 GB/1 TB SSD/Windows 11 Home/8 GB Graphics/NVIDIA GeForce...,Notebook,16,,,0,,AMD,Ryzen AI 7,Octa,Zen 5 (Strix),,8,24,DDR5,1000,SSD,,AMD,AMD Radeon Graphics,24,Integrated,Windows 11,,,2090.84,174237,INR,https://www.flipkart.com/hp-omen-ai-amd-ryzen-7-octa-core-350-24-gb-1-tb-ssd-windows-11-home-8-gb-graphics-nvidia-geforce-rtx-5060-16-ap0183ax-gaming-laptop/p/itme140bc7778f30,2026-10-06T11:39:02.277106+00:00
Flipkart,ASUS,ASUS TUF Gaming A16 (2025) with Office 2024 + M365 Basic* AMD Ryzen 9 16 Core 8940HX - (16 GB/1 TB SSD...,Gaming,16,,,0,,AMD,Ryzen 9,,,,16,16,DDR5,1000,SSD,,AMD,AMD Radeon Graphics,16,Integrated,Windows 11,,,2879.88,239990,INR,https://www.flipkart.com/asus-tuf-gaming-a16-2025-office-2024-m365-basic-amd-ryzen-9-16-core-8940hx-16-gb-1-tb-ssd-windows-11-home-8-gb-graphics-nvidia-geforce-rtx-5070-165-hz-fa608pp-qt014ws-laptop/p/itm6438f9a1e531a,2026-10-06T11:39:02.277106+00:00
Flipkart,HP,HP Victus Intel Core i7 12th Gen 12650H - (16 GB/512 GB SSD/Windows 11 Home/6 GB Graphics/NVIDIA GeFor...,Notebook,15.6,,,0,,Intel,Core i7,Intel Core i7 Processor (12th Gen),12th Gen,,,16,DDR4,512,SSD,,Intel,Intel Iris Xe Graphics,16,Integrated,Windows 11,,,1439.88,119990,INR,https://www.flipkart.com/hp-victus-intel-core-i7-12th-gen-12650h-16-gb-512-gb-ssd-windows-11-home-6-graphics-nvidia-geforce-rtx-4050-15-fa1134tx-gaming-laptop/p/itmd066032884963,2026-10-06T11:39:02.277106+00:00
Flipkart,ASUS,ASUS TUF Gaming F16 (i5 14th Gen) Intel Core 5 210H - (16 GB/512 GB SSD/Windows 11 Home/6 GB Graphics/...,Gaming,16,,,0,,Intel,Core 5,210H,Raptor Lake Refresh,,,16,DDR5,512,SSD,,Intel,Intel UHD Graphics,16,Integrated,Windows 11,,,1625.04,135420,INR,https://www.flipkart.com/asus-tuf-gaming-f16-i5-14th-gen-intel-core-5-210h-16-gb-512-gb-ssd-windows-11-home-6-graphics-nvidia-geforce-rtx-4050-fx677vu-rl055ws-laptop/p/itm6ac895441fe92,2026-10-06T11:39:02.277106+00:00
Flipkart,MSI,MSI Raider GE66 Intel Core i7 12th Gen 12700H - (16 GB/1 TB SSD/Windows 11 Home/8 GB Graphics/NVIDIA G...,Notebook,15.6,,,0,,Intel,Core i7,Intel Core i7 Processor (12th Gen),12th Gen,,,16,DDR5,1000,SSD,,Intel,Intel Iris Xe Graphics,16,Integrated,Windows 11,,,3359.88,279990,INR,https://www.flipkart.com/msi-raider-ge66-intel-core-i7-12th-gen-12700h-16-gb-1-tb-ssd-windows-11-home-8-gb-graphics-nvidia-geforce-rtx-3070-ti-144-hz-12ugs-096in-gaming-laptop/p/itm7ff0df8b407e8,2026-10-06T11:39:02.277106+00:00
Flipkart,Acer,Acer Predator Helios 300 Intel Core i7 11th Gen 11800H - (16 GB/1 TB HDD/512 GB SSD/Windows 10 Home/6 ...,Notebook,15.6,,,0,,Intel,Core i7,Intel Core i7 Processor (11th Gen),11th Gen,,,16,DDR4,1000,HDD,512,Intel,HD Graphics,16,Integrated,Windows 10,,,1691.88,140990,INR,https://www.flipkart.com/acer-predator-helios-300-intel-core-i7-11th-gen-11800h-16-gb-1-tb-hdd-512-gb-ssd-windows-10-home-6-graphics-nvidia-geforce-rtx-3060-165-hz-ph315-54-gaming-laptop/p/itm43b35e2981046,2026-10-06T11:39:02.277106+00:00
Flipkart,Acer,Acer Predator Helios 300 Intel Core i5 7th Gen 7300HQ - (16 GB/1 TB HDD/128 GB SSD/Windows 10 Home/6 G...,Notebook,15.6,,,0,,Intel,Core i5,Intel Core i5 Processor (7th Gen),7th Gen,,,16,DDR4,1000,HDD,128,Nvidia,GTX 1060,16,Pascal,Windows 10,,,1319.88,109990,INR,https://www.flipkart.com/acer-predator-helios-300-intel-core-i5-7th-gen-7300hq-16-gb-1-tb-hdd-128-gb-ssd-windows-10-home-6-graphics-nvidia-geforce-gtx-1060-g3-572-gaming-laptop/p/itme6e3e1c3bee46,2026-10-06T11:39:02.277106+00:00
Flipkart,Lenovo,Lenovo LOQ Essential Intel Core i7 12650HX - (16 GB/512 GB SSD/Windows 11 Home/6 GB Graphics/NVIDIA Ge...,Notebook,15.6,,,0,,Intel,Core i7,Intel Core i7 Processor,12th Gen,,,16,DDR5,512,SSD,,Intel,Intel Iris Xe Graphics,16,Integrated,Windows 11,,,1679.88,139990,INR,https://www.flipkart.com/lenovo-loq-essential-intel-core-i7-12650hx-16-gb-512-gb-ssd-windows-11-home-6-graphics-nvidia-geforce-rtx-4050-15iax9e-gaming-laptop/p/itmd07e54ebaf097,2026-10-06T11:39:02.277106+00:00
Flipkart,HP,HP Victus Intel Core i5 12th Gen 12450H - (8 GB/512 GB SSD/Windows 11 Pro/4 GB Graphics/NVIDIA GeForce...,Notebook,15.6,,,0,,Intel,Core i5,Intel Core i5 Processor (12th Gen),12th Gen,,,8,DDR4,512,SSD,,Intel,Intel Iris Xe Graphics,8,Integrated,Windows 11,,,1139.88,94990,INR,https://www.flipkart.com/hp-victus-intel-core-i5-12th-gen-12450h-8-gb-512-gb-ssd-windows-11-pro-4-graphics-nvidia-geforce-rtx-2050-15-fa1312tx-gaming-laptop/p/itm3ef6fdacff19e,2026-10-06T11:39:02.277106+00:00
Flipkart,Dell,DELL G7 Intel Core i9 10th Gen 10885H - (16 GB/1 TB SSD/Windows 10 Home/8 GB Graphics/NVIDIA GeForce R...,Notebook,15.6,1920x1080,Anti-Glare,0,300,Intel,Core i9,Intel Core i9 Processor (10th Gen),10th Gen,,,16,DDR4,1000,SSD,,Nvidia,RTX 2070,16,Turing,Windows 10,,,2727.00,227250,INR,https://www.flipkart.com/dell-g7-intel-core-i9-10th-gen-10885h-16-gb-1-tb-ssd-windows-10-home-8-gb-graphics-nvidia-geforce-rtx-2070-300-hz-ins-7500-gaming-laptop/p/itm8d0757fa95660,2026-10-06T11:39:02.277106+00:00
Flipkart,MSI,MSI Stealth 18 Studio AI PC Intel Core Ultra 9 1st Gen 185H - (32 GB/2 TB SSD/Windows 11 Home/12 GB Gr...,Notebook,18,,,0,,Intel,Core Ultra 9,,1st Gen,,,32,DDR5,2000,SSD,,Intel,Intel UHD Graphics,32,Integrated,Windows 11,,,3899.88,324990,INR,https://www.flipkart.com/msi-stealth-18-studio-ai-pc-intel-core-ultra-9-1st-gen-185h-32-gb-2-tb-ssd-windows-11-home-12-gb-graphics-nvidia-geforce-rtx-4080-a1vhg-023in-gaming-laptop/p/itma5b2e8311ea09,2026-10-06T11:39:02.277106+00:00
Flipkart,ASUS,ASUS AMD Ryzen 7 Ryzen 7 7445HS - (16 GB/1 TB SSD/Windows 11 Home/4 GB Graphics/NVIDIA GeForce RTX RTX...,Notebook,15.6,,,0,,AMD,Ryzen 7,,,,,16,DDR5,1000,SSD,,AMD,AMD Radeon Graphics,16,Integrated,Windows 11,,,1241.99,103499,INR,https://www.flipkart.com/asus-amd-ryzen-7-7445hs-16-gb-1-tb-ssd-windows-11-home-4-gb-graphics-nvidia-geforce-rtx-30-series-fa506ncg-hn251ws-gaming-laptop/p/itmeb06a6b6ef443,2026-10-06T11:39:02.277106+00:00
Flipkart,HP,HP Victus AMD Ryzen 7 Hexa Core 7445HS - (16 GB/512 GB SSD/Windows 11 Home/4 GB Graphics/NVIDIA GeForc...,Notebook,15.6,,,0,,AMD,Ryzen 7,7445HS,Zen 4,,6,16,DDR5,512,SSD,,AMD,AMD Radeon Graphics,16,Integrated,Windows 11,,,1259.88,104990,INR,https://www.flipkart.com/hp-victus-amd-ryzen-7-hexa-core-7445hs-16-gb-512-gb-ssd-windows-11-home-4-graphics-nvidia-geforce-rtx-2050-15-fb3122ax-gaming-laptop/p/itm7389a8b4c5a14,2026-10-06T11:39:02.277106+00:00
Flipkart,MSI,MSI Stealth 16 Studio Intel Core i7 13th Gen 13700H - (32 GB/1 TB SSD/Windows 11 Home/8 GB Graphics/NV...,Notebook,16,,,0,,Intel,Core i7,Intel Core i7 Processor (13th Gen),13th Gen,,,32,DDR5,1000,SSD,,Intel,Intel Iris Xe Graphics,32,Integrated,Windows 11,,,4031.88,335990,INR,https://www.flipkart.com/msi-stealth-16-studio-intel-core-i7-13th-gen-13700h-32-gb-1-tb-ssd-windows-11-home-8-gb-graphics-nvidia-geforce-rtx-4070-240-hz-a13vg-030in-gaming-laptop/p/itm245bf0891225e,2026-10-06T11:39:02.277106+00:00
Flipkart,MSI,MSI GF65 Thin Intel Hexa Core i5 10th Gen 10500H - (16 GB/512 GB SSD/Windows 10 Home/6 GB Graphics/NVI...,Gaming,15.6,,,0,,Intel,Core i5,Intel Hexa Core i5 Processor (10th Gen),10th Gen,,6,16,DDR4,512,SSD,,Intel,Intel Iris Xe Graphics,16,Integrated,Windows 10,,,1283.88,106990,INR,https://www.flipkart.com/msi-gf65-thin-intel-hexa-core-i5-10th-gen-10500h-16-gb-512-gb-ssd-windows-10-home-6-graphics-nvidia-geforce-rtx-3060-144-hz-75-w-10ue-290in-gaming-laptop/p/itm9ef4e6e2e9d76,2026-10-06T11:39:02.277106+00:00
Flipkart,Dell,DELL G15-5530 Intel Core i5 13th Gen 13450HX - (8 GB/512 GB SSD/Windows 11 Pro/6 GB Graphics/NVIDIA Ge...,Notebook,15.6,,,0,,Intel,Core i5,Intel Core i5 Processor (13th Gen),13th Gen,,,8,DDR5,512,SSD,,Intel,Intel Iris Xe Graphics,8,Integrated,Windows 11,,,1198.68,99890,INR,https://www.flipkart.com/dell-g15-5530-intel-core-i5-13th-gen-13450hx-8-gb-512-gb-ssd-windows-11-pro-6-graphics-nvidia-geforce-rtx-3050-120-hz-gaming-laptop/p/itmc1f7106e2ce85,2026-10-06T11:39:02.277106+00:00
Flipkart,MSI,MSI GP76 Intel Core i7 11th Gen 11800H - (16 GB/1 TB SSD/Windows 10 Home/8 GB Graphics/NVIDIA GeForce ...,Gaming,17.3,,,0,240,Intel,Core i7,Intel Core i7 Processor (11th Gen),11th Gen,,,16,DDR4,1000,SSD,,Intel,Intel Iris Xe Graphics,16,Integrated,Windows 10,,,2423.88,201990,INR,https://www.flipkart.com/msi-gp76-intel-core-i7-11th-gen-11800h-16-gb-1-tb-ssd-windows-10-home-8-gb-graphics-nvidia-geforce-rtx-3070-240-hz-140-w-leopard-11ug-609in-gaming-laptop/p/itm178adaf780bf9,2026-10-06T11:39:02.277106+00:00
Flipkart,MSI,MSI Katana GF66 Intel Core i5 12th Gen 12450H - (8 GB/512 GB SSD/Windows 11 Home/4 GB Graphics/NVIDIA ...,Notebook,15.6,,,0,,Intel,Core i5,Intel Core i5 Processor (12th Gen),12th Gen,,,8,DDR4,512,SSD,,Intel,Intel Iris Xe Graphics,8,Integrated,Windows 11,,,1151.88,95990,INR,https://www.flipkart.com/msi-katana-gf66-intel-core-i5-12th-gen-12450h-8-gb-512-gb-ssd-windows-11-home-4-graphics-nvidia-geforce-rtx-3050-144-hz-12uc-881in-gaming-laptop/p/itmc06b80d60da57,2026-10-06T11:39:02.277106+00:00
Flipkart,MSI,MSI GP Intel Core i7 7th Gen 7700HQ - (16 GB/1 TB HDD/128 GB SSD/Windows 10 Home/4 GB Graphics/NVIDIA ...,Gaming,15.6,,,0,,Intel,Core i7,Intel Core i7 Processor (7th Gen),7th Gen,,,16,DDR4,1000,HDD,128,Intel,Intel Iris Xe Graphics,16,Integrated,Windows 10,,,1355.88,112990,INR,https://www.flipkart.com/msi-gp-intel-core-i7-7th-gen-7700hq-16-gb-1-tb-hdd-128-gb-ssd-windows-10-home-4-graphics-nvidia-geforce-gtx-1050-gp62-7rdx-gaming-laptop/p/itm1d1ed5a320ce6,2026-10-06T11:39:02.277106+00:00
Flipkart,ASUS,ASUS ROG Strix Scar 16 Intel Core i9 14th Gen 14900HX - (32 GB/2 TB SSD/Windows 11 Home/12 GB Graphics...,Notebook,16,,,0,,Intel,Core i9,Intel Core i9 Processor (14th Gen),14th Gen,,,32,DDR5,2000,SSD,,Intel,Intel Iris Xe Graphics,32,Integrated,Windows 11,,,3359.88,279990,INR,https://www.flipkart.com/asus-rog-strix-scar-16-intel-core-i9-14th-gen-14900hx-32-gb-2-tb-ssd-windows-11-home-12-gb-graphics-nvidia-geforce-rtx-4080-g634jzr-cm932ws-gaming-laptop/p/itm51c647c5f1bcb,2026-10-06T11:39:02.277106+00:00
Flipkart,MSI,MSI Crosshair A16 HX AMD Ryzen 9 16 Core 8940 - (16 GB/1 TB SSD/Windows 11 Home/8 GB Graphics/NVIDIA G...,Notebook,16,,,0,,AMD,Ryzen 9,,,,16,16,DDR5,1000,SSD,,AMD,AMD Radeon Graphics,16,Integrated,Windows 11,,,2687.88,223990,INR,https://www.flipkart.com/msi-crosshair-a16-hx-amd-ryzen-9-16-core-8940-16-gb-1-tb-ssd-windows-11-home-8-gb-graphics-nvidia-geforce-rtx-5070-240-hz-d8wgkg-046in-gaming-laptop/p/itm2203a6a3f9a7d,2026-10-06T11:39:02.277106+00:00
Flipkart,Acer,Acer Aspire 3D 15 SpatialLabs Edition Intel Core i5 13th Gen 13420H - (16 GB/512 GB SSD/Windows 11 Hom...,Notebook,15.6,,,0,,Intel,Core i5,Intel Core i5 Processor (13th Gen),13th Gen,,,16,DDR5,512,SSD,,Intel,Intel Iris Xe Graphics,16,Integrated,Windows 11,,,1811.99,150999,INR,https://www.flipkart.com/acer-aspire-3d-15-spatiallabs-intel-core-i5-13th-gen-13420h-16-gb-512-gb-ssd-windows-11-home-4-graphics-nvidia-geforce-rtx-2050-a3d15-71gm-gaming-laptop/p/itm4dd8ce8dcf5b5,2026-10-06T11:39:02.277106+00:00
Flipkart,MSI,MSI GS66 Intel Core i7 11th Gen 11800H - (16 GB/1 TB SSD/Windows 10 Home/8 GB Graphics/NVIDIA GeForce ...,Notebook,15.6,,,0,,Intel,Core i7,Intel Core i7 Processor (11th Gen),11th Gen,,,16,DDR4,1000,SSD,,Intel,Intel Iris Xe Graphics,16,Integrated,Windows 10,,,2831.88,235990,INR,https://www.flipkart.com/msi-gs66-intel-core-i7-11th-gen-11800h-16-gb-1-tb-ssd-windows-10-home-8-gb-graphics-nvidia-geforce-rtx-3070-165-hz-95-w-stealth-11ug-418in-gaming-laptop/p/itm23201a6b09b16,2026-10-06T11:39:02.277106+00:00
Flipkart,HP,HP Victus (i7 14th Gen) Intel Core 7 240H - (24 GB/1 TB SSD/Windows 11 Home/8 GB Graphics/NVIDIA GeFor...,Notebook,15.6,,,0,,Intel,Core 7,240H,Raptor Lake Refresh,,,24,DDR5,1000,SSD,,Intel,Intel UHD Graphics,24,Integrated,Windows 11,,,1883.88,156990,INR,https://www.flipkart.com/hp-victus-i7-14th-gen-intel-core-7-240h-24-gb-1-tb-ssd-windows-11-home-8-gb-graphics-nvidia-geforce-rtx-5060-15-fa2405tx-gaming-laptop/p/itmb9213a2559591,2026-10-06T11:39:02.277106+00:00
Flipkart,Acer,Acer Aspire 7 Intel Core i5 9th Gen 9300H - (8 GB/512 GB SSD/Windows 11 Home/4 GB Graphics/NVIDIA GeFo...,Notebook,15.6,,,0,,Intel,Core i5,Intel Core i5 Processor (9th Gen),9th Gen,,,8,DDR4,512,SSD,,Intel,Intel Iris Xe Graphics,8,Integrated,Windows 11,,,959.99,79999,INR,https://www.flipkart.com/acer-aspire-7-intel-core-i5-9th-gen-9300h-8-gb-512-gb-ssd-windows-11-home-4-graphics-nvidia-geforce-gtx-1650-60-hz-a715-75g-50sa-gaming-laptop/p/itm46034d1af5b73,2026-10-06T11:39:02.277106+00:00
Flipkart,Dell,DELL Alienware 16 Aurora (i7 14th Gen) Microsoft Office Home 2024 Intel Core 7 240H - (16 GB/1 TB SSD/...,Notebook,,,,0,,Intel,Core 7,240H,Raptor Lake Refresh,,,16,DDR5,1000,SSD,,Intel,Intel UHD Graphics,16,Integrated,Windows 11,,,1979.88,164990,INR,https://www.flipkart.com/dell-alienware-16-aurora-i7-14th-gen-microsoft-office-home-2024-intel-core-7-240h-16-gb-1-tb-ssd-windows-11-home-8-gb-graphics-nvidia-geforce-rtx-5050-ac-16250-gaming-laptop/p/itm656eae0ef1b7d,2026-10-06T11:39:02.277106+00:00
Flipkart,MSI,MSI Stealth 15 Intel Core i7 13th Gen 13620H - (16 GB/1 TB SSD/Windows 11 Home/8 GB Graphics/NVIDIA Ge...,Notebook,15.6,,,0,,Intel,Core i7,Intel Core i7 Processor (13th Gen),13th Gen,,,16,DDR5,1000,SSD,,Intel,Intel Iris Xe Graphics,16,Integrated,Windows 11,,,2519.88,209990,INR,https://www.flipkart.com/msi-stealth-15-intel-core-i7-13th-gen-13620h-16-gb-1-tb-ssd-windows-11-home-8-gb-graphics-nvidia-geforce-rtx-4060-240-hz-a13vf-074in-gaming-laptop/p/itmab1138336e039,2026-10-06T11:39:02.277106+00:00
Flipkart,ASUS,ASUS TUF Gaming A15 AMD Ryzen 7 Octa Core 7435HS - (16 GB/512 GB SSD/Windows 11 Home/4 GB Graphics/NVI...,Gaming,15.6,,,0,,AMD,Ryzen 7,7435HS,Zen 4,,8,16,DDR5,512,SSD,,AMD,AMD Radeon Graphics,16,Integrated,Windows 11,,,1067.88,88990,INR,https://www.flipkart.com/asus-tuf-gaming-a15-amd-ryzen-7-octa-core-7435hs-16-gb-512-gb-ssd-windows-11-home-4-graphics-nvidia-geforce-rtx-2050-fa566nfr-hn259w-laptop/p/itm2748ea7538c50,2026-10-06T11:39:02.277106+00:00
Flipkart,Dell,DELL Alienware Intel Core Ultra 9 185H - (32 GB/1 TB SSD/Windows 11 Home/16 GB Graphics/NVIDIA GeForce...,Notebook,16,,,0,,Intel,Core Ultra 9,185H,Meteor Lake,,,32,LPDDR5X,1000,SSD,,Intel,Intel UHD Graphics,32,Integrated,Windows 11,,,6867.80,572317,INR,https://www.flipkart.com/dell-alienware-intel-core-ultra-9-185h-32-gb-1-tb-ssd-windows-11-home-16-gb-graphics-nvidia-geforce-rtx-4090-240-hz-x16-r2-gaming-laptop/p/itm71946ee091faa,2026-10-06T11:39:02.277106+00:00
Flipkart,Acer,Acer Predator Helios Neo 14 AI PC Intel Core Ultra 7 155H - (16 GB/1 TB SSD/Windows 11 Home/6 GB Graph...,Notebook,14.5,,,0,,Intel,Core Ultra 7,155H,Meteor Lake,,,16,LPDDR5X,1000,SSD,,Intel,Intel UHD Graphics,16,Integrated,Windows 11,,,1943.99,161999,INR,https://www.flipkart.com/acer-predator-helios-neo-14-ai-pc-intel-core-ultra-7-155h-16-gb-1-tb-ssd-windows-11-home-6-gb-graphics-nvidia-geforce-rtx-4050-phn14-51-gaming-laptop/p/itm58591f005936b,2026-10-06T11:39:02.277106+00:00
Flipkart,ASUS,"ASUS Vivobook 14X OLED For Creator, Intel H Series Intel Core i5 13th Gen 13500H - (16 GB/512 GB SSD/W...",Notebook,14,,OLED,0,,Intel,Core i5,Intel Core i5 Processor (13th Gen),13th Gen,,,16,DDR4,512,SSD,,Intel,Intel Iris Xe Graphics,16,Integrated,Windows 11,,,1331.88,110990,INR,https://www.flipkart.com/asus-vivobook-14x-oled-creator-intel-h-series-core-i5-13th-gen-13500h-16-gb-512-gb-ssd-windows-11-home-4-graphics-nvidia-geforce-rtx-2050-90-hz-50-tgp-k3405vfb-km542ws-gaming-laptop/p/itma72b0983f42ec,2026-10-06T11:39:02.277106+00:00
Flipkart,ASUS,ASUS TUF Gaming 16 (2026) Intel Core i7 14th Gen 14650HX - (16 GB/512 GB SSD/Windows 11 Home/8 GB Grap...,Gaming,16,,,0,,Intel,Core i7,Intel Core i7 Processor (14th Gen),14th Gen,,,16,DDR5,512,SSD,,Intel,Intel Iris Xe Graphics,16,Integrated,Windows 11,,,2519.88,209990,INR,https://www.flipkart.com/asus-tuf-gaming-16-2026-intel-core-i7-14th-gen-14650hx-16-gb-512-gb-ssd-windows-11-home-8-graphics-nvidia-geforce-rtx-5060-144-hz-fx610jm-tu105ws-laptop/p/itm74aafa8d0d891,2026-10-06T11:39:02.277106+00:00
Flipkart,Acer,Acer 3 Years Warranty ALG Gaming (2026) Intel Core i5 13th Gen 13420H - (16 GB/512 GB SSD/Windows 11 H...,Gaming,15.6,,,0,,Intel,Core i5,Intel Core i5 Processor (13th Gen),13th Gen,,,16,DDR4,512,SSD,,Intel,Intel Iris Xe Graphics,16,Integrated,Windows 11,,,1192.08,99340,INR,https://www.flipkart.com/acer-3-years-warranty-alg-gaming-2026-intel-core-i5-13th-gen-13420h-16-gb-512-gb-ssd-windows-11-home-6-graphics-nvidia-geforce-rtx-3050-144-hz-al15g-53-laptop/p/itm5afbf4ffea214,2026-10-06T11:39:02.277106+00:00
Flipkart,ASUS,ASUS AMD Ryzen 7 Octa Core 7435HS - (16 GB/512 GB SSD/Windows 11 Home/4 GB Graphics/NVIDIA GeForce RTX...,Notebook,15.6,,,0,,AMD,Ryzen 7,7435HS,Zen 4,,8,16,DDR5,512,SSD,,AMD,AMD Radeon Graphics,16,Integrated,Windows 11,,,1153.08,96090,INR,https://www.flipkart.com/asus-amd-ryzen-7-octa-core-7435hs-16-gb-512-gb-ssd-windows-11-home-4-graphics-nvidia-geforce-rtx-3050-fa506ncr-hn075ws-gaming-laptop/p/itm024475e7d24d3,2026-10-06T11:39:02.277106+00:00
Flipkart,Infinix,Infinix GT Book Intel Core i5 12th Gen 12450H - (16 GB/512 GB SSD/Windows 11 Home/6 GB Graphics/NVIDIA...,Notebook,16,,,0,,Intel,Core i5,Intel Core i5 Processor (12th Gen),12th Gen,,,16,LPDDR5X,512,SSD,,Intel,Intel Iris Xe Graphics,16,Integrated,Windows 11,,,1199.88,99990,INR,https://www.flipkart.com/infinix-gt-book-intel-core-i5-12th-gen-12450h-16-gb-512-gb-ssd-windows-11-home-6-graphics-nvidia-geforce-rtx-3050-80-w-gl613-gaming-laptop/p/itmc9e44d5a9f6c4,2026-10-06T11:39:02.277106+00:00
Flipkart,Dell,DELL Intel Core i7 12th Gen 12650H - (16 GB/512 GB SSD/Windows 11 Home/6 GB Graphics/NVIDIA GeForce RT...,Notebook,14.9,,,0,,Intel,Core i7,Intel Core i7 Processor (12th Gen),12th Gen,,,16,DDR5,512,SSD,,Intel,Intel Iris Xe Graphics,16,Integrated,Windows 11,,,1938.37,161531,INR,https://www.flipkart.com/dell-intel-core-i7-12th-gen-12650h-16-gb-512-gb-ssd-windows-11-home-6-graphics-nvidia-geforce-rtx-3060-165-hz-new-gaming-g15-laptop/p/itm4e4968b5bbb49,2026-10-06T11:39:02.277106+00:00
Flipkart,Dell,DELL AMD Ryzen 5 220 - (16 GB/512 GB SSD/Windows 11 Home/6 GB Graphics/NVIDIA GeForce RTX 3050/165 Hz)...,Notebook,15.3,,,0,165,AMD,Ryzen 5,,,,,16,DDR5,512,SSD,,Nvidia,RTX 3050,16,Ampere,Windows 11,,,1894.67,157889,INR,https://www.flipkart.com/dell-amd-ryzen-5-220-16-gb-512-gb-ssd-windows-11-home-6-graphics-nvidia-geforce-rtx-3050-165-hz-can15265cto01mino-gaming-laptop/p/itmcf4a00de01601,2026-10-06T11:39:02.277106+00:00
Flipkart,Dell,DELL Alienware Intel Core Ultra 9 185H - (32 GB/1 TB SSD/Windows 11 Home/8 GB Graphics/NVIDIA GeForce ...,Notebook,16,,,0,,Intel,Core Ultra 9,185H,Meteor Lake,,,32,DDR5,1000,SSD,,Intel,Intel UHD Graphics,32,Integrated,Windows 11,,,3155.42,262952,INR,https://www.flipkart.com/dell-alienware-intel-core-ultra-9-185h-32-gb-1-tb-ssd-windows-11-home-8-gb-graphics-nvidia-geforce-rtx-4070-240-hz-m16-r2-gaming-laptop/p/itm466ad74d8f93c,2026-10-06T11:39:02.277106+00:00
Flipkart,MSI,MSI Creator Z16 Intel Core i9 11th Gen 11900H - (16 GB/1 TB SSD/Windows 10 Home/6 GB Graphics/NVIDIA G...,Notebook,16,,,0,,Intel,Core i9,Intel Core i9 Processor (11th Gen),11th Gen,,,16,DDR4,1000,SSD,,Intel,Intel Iris Xe Graphics,16,Integrated,Windows 10,,,3095.88,257990,INR,https://www.flipkart.com/msi-creator-z16-intel-core-i9-11th-gen-11900h-16-gb-1-tb-ssd-windows-10-home-6-gb-graphics-nvidia-geforce-rtx-3060-a11uet-272in-gaming-laptop/p/itm3240ed19c1acc,2026-10-06T11:39:02.277106+00:00
Flipkart,HP,HP OMEN Intel Core i7 13th Gen 13700HX - (16 GB/512 GB SSD/Windows 11 Home/8 GB Graphics/NVIDIA GeForc...,Notebook,16.1,,,0,,Intel,Core i7,Intel Core i7 Processor (13th Gen),13th Gen,,,16,DDR5,512,SSD,,Intel,Intel Iris Xe Graphics,16,Integrated,Windows 11,,,2113.30,176108,INR,https://www.flipkart.com/hp-omen-intel-core-i7-13th-gen-13700hx-16-gb-512-gb-ssd-windows-11-home-8-graphics-nvidia-geforce-rtx-4060-16-wf0055tx-gaming-laptop/p/itmf8ab1adff347c,2026-10-06T11:39:02.277106+00:00
Flipkart,Microsoft,ALIENWARE Intel Core i7 10th Gen 10750H - (16 GB/512 GB SSD/Windows 10 Home/6 GB Graphics/NVIDIA GeFor...,Notebook,15.6,1920x1080,IPS,0,300,Intel,Core i7,Intel Core i7 Processor (10th Gen),10th Gen,,,16,DDR4,512,SSD,,Nvidia,GTX 1660 Ti,16,Turing,Windows 10,,,2679.86,223322,INR,https://www.flipkart.com/alienware-intel-core-i7-10th-gen-10750h-16-gb-512-gb-ssd-windows-10-home-6-graphics-nvidia-geforce-gtx-1660-ti-m15r3-gaming-laptop/p/itm026c3f18c350d,2026-10-06T11:39:02.277106+00:00
Flipkart,MSI,MSI Stealth 14 AI Studio Intel Core Ultra 7 155H - (32 GB/1 TB SSD/Windows 11 Home/8 GB Graphics/NVIDI...,Notebook,14,,,0,,Intel,Core Ultra 7,155H,Meteor Lake,,,32,DDR5,1000,SSD,,Intel,Intel UHD Graphics,32,Integrated,Windows 11,,,2519.88,209990,INR,https://www.flipkart.com/msi-stealth-14-ai-studio-intel-core-ultra-7-155h-32-gb-1-tb-ssd-windows-11-home-8-gb-graphics-nvidia-geforce-rtx-4070-120-hz-a1vgg-054in-gaming-laptop/p/itmfd997dfcb8b77,2026-10-06T11:39:02.277106+00:00
Flipkart,ASUS,ASUS TUF Gaming A15 (2026) AMD Ryzen 7 155 - (16 GB/1 TB SSD/Windows 11 Home/4 GB Graphics/NVIDIA GeFo...,Gaming,15.6,,,0,,AMD,Ryzen 7,,,,,16,DDR5,1000,SSD,,AMD,AMD Radeon Graphics,16,Integrated,Windows 11,,,1403.88,116990,INR,https://www.flipkart.com/asus-tuf-gaming-a15-2026-amd-ryzen-7-155-16-gb-1-tb-ssd-windows-11-home-4-gb-graphics-nvidia-geforce-rtx-3050-144-hz-fa506ncg-hn447w-laptop/p/itma75cc0876f522,2026-10-06T11:39:02.277106+00:00
Flipkart,Lenovo,Lenovo LOQ Essential AMD Ryzen 7 Octa Core 7735HS - (16 GB/512 GB SSD/Windows 11 Home/6 GB Graphics/NV...,Notebook,15.6,,,0,,AMD,Ryzen 7,7735HS,Zen 4,,8,16,DDR5,512,SSD,,AMD,AMD Radeon Graphics,16,Integrated,Windows 11,,,1606.68,133890,INR,https://www.flipkart.com/lenovo-loq-essential-amd-ryzen-7-octa-core-7735hs-16-gb-512-gb-ssd-windows-11-home-6-graphics-nvidia-geforce-rtx-4050-15arp10e-gaming-laptop/p/itm399bfa20e0e93,2026-10-06T11:39:02.277106+00:00
Flipkart,ASUS,ASUS TUF Gaming Intel Core i5 9th Gen 9300H - (8 GB/512 GB SSD/Windows 10 Home/4 GB Graphics/NVIDIA Ge...,Gaming,15.6,,,0,,Intel,Core i5,Intel Core i5 Processor (9th Gen),9th Gen,,,8,DDR4,512,SSD,,Intel,Intel Iris Xe Graphics,8,Integrated,Windows 10,,,1067.88,88990,INR,https://www.flipkart.com/asus-tuf-gaming-intel-core-i5-9th-gen-9300h-8-gb-512-gb-ssd-windows-10-home-4-graphics-nvidia-geforce-gtx-1650-144-hz-fx505gt-hn101t-laptop/p/itmd1cfbef0ddcbc,2026-10-06T11:39:02.277106+00:00
Flipkart,ASUS,ASUS TUF Gaming F16 (2026) Intel Core i7 14th Gen 14650HX - (16 GB/1 TB SSD/Windows 11 Home/8 GB Graph...,Gaming,16,,,0,,Intel,Core i7,Intel Core i7 Processor (14th Gen),14th Gen,,,16,DDR5,1000,SSD,,Intel,Intel Iris Xe Graphics,16,Integrated,Windows 11,,,3239.88,269990,INR,https://www.flipkart.com/asus-tuf-gaming-f16-2026-intel-core-i7-14th-gen-14650hx-16-gb-1-tb-ssd-windows-11-home-8-gb-graphics-nvidia-geforce-rtx-5070-165-hz-fx608jpr-qt073ws-laptop/p/itm4a94b60efda9c,2026-10-06T11:39:02.277106+00:00
Flipkart,Lenovo,Lenovo LOQ Intel Core i7 12th Gen 12650HX - (16 GB/512 GB SSD/Windows 11 Home/6 GB Graphics/NVIDIA GeF...,Notebook,15.6,,,0,,Intel,Core i7,Intel Core i7 Processor (12th Gen),12th Gen,,,16,DDR5,512,SSD,,Intel,Intel Iris Xe Graphics,16,Integrated,Windows 11,,,1686.97,140581,INR,https://www.flipkart.com/lenovo-loq-intel-core-i7-12th-gen-12650hx-16-gb-512-gb-ssd-windows-11-home-6-graphics-nvidia-geforce-rtx-4050-6gb-gddr6-144-hz-15iax9e-gaming-laptop/p/itm3c923dd73a353,2026-10-06T11:39:02.277106+00:00
Flipkart,HP,HP Victus 15 Intel Core i5 13th Gen 13420H - (16 GB/512 GB SSD/Windows 11 Home/6 GB Graphics/NVIDIA Ge...,Notebook,15.6,,,0,,Intel,Core i5,Intel Core i5 Processor (13th Gen),13th Gen,,,16,DDR4,512,SSD,,Intel,Intel Iris Xe Graphics,16,Integrated,Windows 11,,,1105.32,92110,INR,https://www.flipkart.com/hp-victus-15-intel-core-i5-13th-gen-13420h-16-gb-512-gb-ssd-windows-11-home-6-graphics-nvidia-geforce-rtx-3050-144-hz-75-w-15-fa1327tx-gaming-laptop/p/itmb08f154f265d7,2026-10-06T11:39:02.277106+00:00
Flipkart,ASUS,ASUS AMD Ryzen 7 170 Processor AMD Ryzen 7 Octa Core AMD Ryzen™ 7 170 Processor 3.2GHz - (16 GB/1 TB S...,Notebook,15.6,,,0,,AMD,Ryzen 7,,,3.2,8,16,DDR5,1000,SSD,,AMD,AMD Radeon Graphics,16,Integrated,Windows 11,,,1332.00,111000,INR,https://www.flipkart.com/asus-amd-ryzen-7-170-processor-octa-core-ryzen-3-2ghz-16-gb-1-tb-ssd-windows-11-home-4-gb-graphics-nvidia-geforce-rtx-4gb-gddr6-optimus-nvidia-rtx-3050-144-hz-75-w-fa506ncq-hn009ws-gaming-laptop/p/itm71d2529ad6073,2026-10-06T11:39:02.277106+00:00
Flipkart,Acer,Acer Nitro 5 Intel Core i5 8th Gen 8300H - (8 GB/1 TB HDD/Windows 10 Home/4 GB Graphics/NVIDIA GeForce...,Notebook,15.6,,,0,,Intel,Core i5,Intel Core i5 Processor (8th Gen),8th Gen,,,8,DDR4,1000,HDD,,Intel,Intel Iris Xe Graphics,8,Integrated,Windows 10,,,1055.88,87990,INR,https://www.flipkart.com/acer-nitro-5-intel-core-i5-8th-gen-8300h-8-gb-1-tb-hdd-windows-10-home-4-gb-graphics-nvidia-geforce-gtx-1050-ti-an515-52-gaming-laptop/p/itm6f29fd69ce6a0,2026-10-06T11:39:02.277106+00:00
Flipkart,Dell,DELL AMD Ryzen 7 Octa Core 6800H - (16 GB/512 GB SSD/Windows 11 Home/4 GB Graphics/NVIDIA GeForce RTX ...,Notebook,14.9,1920x1080,,0,120,AMD,Ryzen 7,6800H,2nd Gen,3.20,8,16,DDR5,512,SSD,,Nvidia,RTX 3050,16,Ampere,Windows 11,,,1573.72,131143,INR,https://www.flipkart.com/dell-amd-ryzen-7-octa-core-6800h-16-gb-512-gb-ssd-windows-11-home-4-graphics-nvidia-geforce-rtx-3050-120-hz-g15-5525-gaming-laptop/p/itm42542dc07c436,2026-10-06T11:39:02.277106+00:00
Flipkart,ASUS,ASUS TUF Gaming A14 (2026) AMD Ryzen AI 9 10 Core 465 - (16 GB/512 GB SSD/Windows 11 Home/8 GB Graphic...,Gaming,14,,,0,,AMD,Ryzen AI 9,10,Zen 5 (Strix),,10,16,LPDDR5X,512,SSD,,AMD,AMD Radeon Graphics,16,Integrated,Windows 11,,,2399.88,199990,INR,https://www.flipkart.com/asus-tuf-gaming-a14-2026-amd-ryzen-ai-9-10-core-465-16-gb-512-gb-ssd-windows-11-home-8-graphics-nvidia-geforce-rtx-5060-165-hz-fa401gm-rg038ws-laptop/p/itm0a76f938f855a,2026-10-06T11:39:02.277106+00:00
Flipkart,Lenovo,Lenovo IdeaPad Gaming 3 AMD Ryzen 7 Octa Core 7735HS - (16 GB/512 GB SSD/Windows 11 Home/6 GB Graphics...,Gaming,15.6,,,0,,AMD,Ryzen 7,7735HS,Zen 4,,8,16,DDR5,512,SSD,,AMD,AMD Radeon Graphics,16,Integrated,Windows 11,,,1214.15,101179,INR,https://www.flipkart.com/lenovo-ideapad-gaming-3-amd-ryzen-7-octa-core-7735hs-16-gb-512-gb-ssd-windows-11-home-6-graphics-nvidia-geforce-rtx-3050-15arh7-laptop/p/itmb9bd6a559e686,2026-10-06T11:39:02.277106+00:00
Flipkart,ASUS,ASUS ROG Zephyrus G16 OLED (2026) Intel Core Ultra 9 386H - (32 GB/2 TB SSD/Windows 11 Home/12 GB Grap...,Notebook,16,,OLED,0,,Intel,Core Ultra 9,386H,Meteor Lake,,,32,LPDDR5X,2000,SSD,,Intel,Intel UHD Graphics,32,Integrated,Windows 11,,,5879.88,489990,INR,https://www.flipkart.com/asus-rog-zephyrus-g16-oled-2026-intel-core-ultra-9-386h-32-gb-2-tb-ssd-windows-11-home-12-gb-graphics-nvidia-geforce-rtx-5070-ti-240-hz-gu606ar-tb039ws-gaming-laptop/p/itmdee0c1001d6a1,2026-10-06T11:39:02.277106+00:00
Flipkart,Lenovo,Lenovo LOQ Intel Core i7 13th Gen 13645HX - (16 GB/1 TB SSD/Windows 11 Home/8 GB Graphics/NVIDIA GeFor...,Notebook,15.6,,,0,,Intel,Core i7,Intel Core i7 Processor (13th Gen),13th Gen,,,16,DDR5,1000,SSD,,Intel,Intel Iris Xe Graphics,16,Integrated,Windows 11,,,2106.48,175540,INR,https://www.flipkart.com/lenovo-loq-intel-core-i7-13th-gen-13645hx-16-gb-1-tb-ssd-windows-11-home-8-gb-graphics-nvidia-geforce-rtx-5050-15irx10-gaming-laptop/p/itm6237d27fd02f9,2026-10-06T11:39:02.277106+00:00
Flipkart,HP,HP Intel Core i7 13th Gen 13700HX - (16 GB/512 GB SSD/Windows 11 Home/8 GB Graphics/NVIDIA GeForce RTX...,Notebook,17.3,,,0,,Intel,Core i7,Intel Core i7 Processor (13th Gen),13th Gen,,,16,DDR5,512,SSD,,Intel,Intel Iris Xe Graphics,16,Integrated,Windows 11,,,2090.72,174227,INR,https://www.flipkart.com/hp-intel-core-i7-13th-gen-13700hx-16-gb-512-gb-ssd-windows-11-home-8-graphics-nvidia-geforce-rtx-4060-17-cm2002tx-gaming-laptop/p/itm4e49e3b1265b4,2026-10-06T11:39:02.277106+00:00
Flipkart,ASUS,"ASUS TUF Gaming A14 (2026) with Office 2024 + M365 Basic, AI PC NPU upto 50TOPS AMD Ryzen AI Max+ - (3...",Gaming,14,,,0,,AMD,A14,AMD Ryzen AI Max+ Processor,AMD Budget,,,32,LPDDR5X,1000,SSD,,AMD,AMD Radeon Graphics,32,Integrated,Windows 11,,,2879.88,239990,INR,https://www.flipkart.com/asus-tuf-gaming-a14-2026-office-2024-m365-basic-ai-pc-npu-upto-50tops-amd-ryzen-max-32-gb-1-tb-ssd-windows-11-home-amd-radeon-8060s-165-hz-fa401ea-rg019ws-laptop/p/itm221160b7173a6,2026-10-06T11:39:02.277106+00:00
Flipkart,HP,HP Victus AMD Ryzen 7 7840HS Ai Powered AMD Ryzen 7 Hexa Core - (16 GB/1 TB SSD/Windows 11 Home/6 GB G...,Notebook,16.1,,,0,,AMD,Ryzen 7,7840HS,Zen 4,,6,16,DDR5,1000,SSD,,AMD,AMD Radeon Graphics,16,Integrated,Windows 11,,,1319.88,109990,INR,https://www.flipkart.com/hp-victus-amd-ryzen-7-7840hs-ai-powered-hexa-core-16-gb-1-tb-ssd-windows-11-home-6-gb-graphics-nvidia-geforce-rtx-3050-144-hz-16-s0089ax-gaming-laptop/p/itm17663e2ec2128,2026-10-06T11:39:02.277106+00:00
Flipkart,HP,HP Victus Intel Core i5 13th Gen 13420H - (16 GB/1 TB SSD/Windows 11 Home/4 GB Graphics/NVIDIA GeForce...,Notebook,15.6,,,0,,Intel,Core i5,Intel Core i5 Processor (13th Gen),13th Gen,,,16,DDR4,1000,SSD,,Intel,Intel Iris Xe Graphics,16,Integrated,Windows 11,,,1307.88,108990,INR,https://www.flipkart.com/hp-victus-intel-core-i5-13th-gen-13420h-16-gb-1-tb-ssd-windows-11-home-4-gb-graphics-nvidia-geforce-rtx-2050-144-hz-15-fa1307tx-gaming-laptop/p/itmdc1c4e71b1064,2026-10-06T11:39:02.277106+00:00
Flipkart,Dell,DELL G7 Intel Core i7 10th Gen 10750H - (16 GB/1 TB SSD/Windows 10 Home/6 GB Graphics/NVIDIA GeForce R...,Notebook,15.6,,,0,,Intel,Core i7,Intel Core i7 Processor (10th Gen),10th Gen,,,16,DDR4,1000,SSD,,Intel,Intel Iris Xe Graphics,16,Integrated,Windows 10,,,2039.88,169990,INR,https://www.flipkart.com/dell-g7-intel-core-i7-10th-gen-10750h-16-gb-1-tb-ssd-windows-10-home-6-gb-graphics-nvidia-geforce-rtx-2060-120-hz-7500-gaming-laptop/p/itma17847748bd1d,2026-10-06T11:39:02.277106+00:00
Flipkart,ASUS,ASUS VIvobook 16X {2026} Intel Core i5 13th Gen 13620H - (16 GB/512 GB SSD/Windows 11 Home/4 GB Graphi...,Notebook,16,,,0,,Intel,Core i5,Intel Core i5 Processor (13th Gen),13th Gen,,,16,DDR5,512,SSD,,Intel,Intel Iris Xe Graphics,16,Integrated,Windows 11,,,1073.88,89490,INR,https://www.flipkart.com/asus-vivobook-16x-2026-intel-core-i5-13th-gen-13620h-16-gb-512-gb-ssd-windows-11-home-4-graphics-nvidia-geforce-rtx-3050-144-hz-k3605vc-rp517ws-gaming-laptop/p/itmc087884b19f8b,2026-10-06T11:39:02.277106+00:00
Flipkart,ASUS,ASUS TUF Gaming A16 (2026) with Office 2024 + M365 Basic AMD Ryzen 7 170 - (16 GB/512 GB SSD/Windows 1...,Gaming,16,,,0,,AMD,Ryzen 7,,,,,16,DDR5,512,SSD,,AMD,AMD Radeon Graphics,16,Integrated,Windows 11,,,1703.99,141999,INR,https://www.flipkart.com/asus-tuf-gaming-a16-2026-office-2024-m365-basic-amd-ryzen-7-170-16-gb-512-gb-ssd-windows-11-home-6-graphics-nvidia-geforce-rtx-4050-144-hz-fa607nuq-rl047ws-laptop/p/itmcac2714aed5d9,2026-10-06T11:39:02.277106+00:00
Flipkart,Lenovo,Lenovo LOQ Essential AMD Ryzen 7 Octa Core 170 - (16 GB/512 GB SSD/Windows 11 Home/4 GB Graphics/NVIDI...,Notebook,15.6,,,0,,AMD,Ryzen 7,,,,8,16,DDR5,512,SSD,,AMD,AMD Radeon Graphics,16,Integrated,Windows 11,,,1432.68,119390,INR,https://www.flipkart.com/lenovo-loq-essential-amd-ryzen-7-octa-core-170-16-gb-512-gb-ssd-windows-11-home-4-graphics-nvidia-geforce-rtx-3050a-15arp10e-gaming-laptop/p/itm0a9d904bbbda4,2026-10-06T11:39:02.277106+00:00
Flipkart,ASUS,ASUS ASUS V16 (2026) Intel Core 5 210H - (16 GB/512 GB SSD/Windows 11 Home/6 GB Graphics/NVIDIA GeForc...,Notebook,16,,,0,,Intel,Core 5,210H,Raptor Lake Refresh,,,16,DDR5,512,SSD,,Intel,Intel UHD Graphics,16,Integrated,Windows 11,,,1559.88,129990,INR,https://www.flipkart.com/asus-v16-2026-intel-core-5-210h-16-gb-512-gb-ssd-windows-11-home-6-graphics-nvidia-geforce-rtx-3050-144-hz-v3607vj-tk227ws-gaming-laptop/p/itm18ab4b518e284,2026-10-06T11:39:02.277106+00:00
Flipkart,Acer,Acer Aspire 7 Intel Core i5 13th Gen - (8 GB/512 GB SSD/Windows 11 Home/4 GB Graphics/NVIDIA GeForce R...,Notebook,15.6,,,0,,Intel,Core i5,Intel Core i5 Processor (13th Gen),13th Gen,,,8,DDR4,512,SSD,,Intel,Intel Iris Xe Graphics,8,Integrated,Windows 11,,,1079.88,89990,INR,https://www.flipkart.com/acer-aspire-7-intel-core-i5-13th-gen-8-gb-512-gb-ssd-windows-11-home-4-graphics-nvidia-geforce-rtx-2050-a715-79g-gaming-laptop/p/itmad408797502e0,2026-10-06T11:39:02.277106+00:00
Flipkart,ASUS,"ASUS Vivobook 16X for Creator, Intel Core i7 12th Gen 12700H - (16 GB/512 GB SSD/Windows 11 Home/4 GB ...",Notebook,16,,,0,,Intel,Core i7,Intel Core i7 Processor (12th Gen),12th Gen,,,16,DDR4,512,SSD,,Intel,Intel Iris Xe Graphics,16,Integrated,Windows 11,,,1112.16,92680,INR,https://www.flipkart.com/asus-vivobook-16x-creator-intel-core-i7-12th-gen-12700h-16-gb-512-gb-ssd-windows-11-home-4-graphics-nvidia-geforce-rtx-3050-k3605zc-rp628ws-gaming-laptop/p/itme304c469918e6,2026-10-06T11:39:02.277106+00:00
Flipkart,Lenovo,Lenovo LOQ AMD Ryzen 7 Octa Core 7435HS - (24 GB/512 GB SSD/Windows 11 Home/4 GB Graphics/NVIDIA GeFor...,Notebook,15.6,,,0,,AMD,Ryzen 7,7435HS,Zen 4,,8,24,DDR5,512,SSD,,AMD,AMD Radeon Graphics,24,Integrated,Windows 11,,,1379.88,114990,INR,https://www.flipkart.com/lenovo-loq-amd-ryzen-7-octa-core-7435hs-24-gb-512-gb-ssd-windows-11-home-4-graphics-nvidia-geforce-rtx-3050a-15arp9d2-gaming-laptop/p/itm86f5086acbf1d,2026-10-06T11:39:02.277106+00:00
Flipkart,ASUS,ASUS TUF Gaming A15 (2026) AMD Ryzen 7 Octa Core 170 - (32 GB/1 TB SSD/Windows 11 Home/4 GB Graphics/N...,Gaming,15.6,,,0,,AMD,Ryzen 7,,,,8,32,DDR5,1000,SSD,,AMD,AMD Radeon Graphics,32,Integrated,Windows 11,,,1199.88,99990,INR,https://www.flipkart.com/asus-tuf-gaming-a15-2026-amd-ryzen-7-octa-core-170-32-gb-1-tb-ssd-windows-11-home-4-gb-graphics-nvidia-geforce-rtx-3050-fa506ncq-hn010ws-laptop/p/itm986ae2bd93630,2026-10-06T11:39:02.277106+00:00
Flipkart,HP,HP Omen Intel Core i5 7th Gen 7300HQ - (8 GB/1 TB HDD/128 GB SSD/Windows 10 Home/4 GB Graphics/NVIDIA ...,Notebook,15.6,,,0,,Intel,Core i5,Intel Core i5 Processor (7th Gen),7th Gen,,,8,DDR4,1000,HDD,128,Intel,Intel Iris Xe Graphics,8,Integrated,Windows 10,,,1230.61,102551,INR,https://www.flipkart.com/hp-omen-intel-core-i5-7th-gen-7300hq-8-gb-1-tb-hdd-128-gb-ssd-windows-10-home-4-graphics-nvidia-geforce-gtx-1050-15-ce071tx-gaming-laptop/p/itm207d623b0c897,2026-10-06T11:39:02.277106+00:00
Flipkart,ASUS,ASUS TUF Intel Core i7 8th Gen 8750H - (8 GB/1 TB HDD/128 GB SSD/Windows 10 Home/4 GB Graphics/NVIDIA ...,Notebook,15.6,1920x1080,,0,120,Intel,Core i7,Intel Core i7 Processor (8th Gen),8th Gen,,,8,DDR4,1000,HDD,128,Intel,Intel Iris Xe Graphics,8,Integrated,Windows 10,,,1151.88,95990,INR,https://www.flipkart.com/asus-tuf-intel-core-i7-8th-gen-8750h-8-gb-1-tb-hdd-128-gb-ssd-windows-10-home-4-graphics-nvidia-geforce-gtx-1050ti-fx504ge-en224t-gaming-laptop/p/itm8136ea68f953b,2026-10-06T11:39:02.277106+00:00
Flipkart,Lenovo,Lenovo LOQ Intel Core i7 13th Gen 13650HX - (16 GB/1 TB SSD/Windows 11 Home/8 GB Graphics/NVIDIA GeFor...,Notebook,15.6,,,0,,Intel,Core i7,Intel Core i7 Processor (13th Gen),13th Gen,,,16,DDR5,1000,SSD,,Intel,Intel Iris Xe Graphics,16,Integrated,Windows 11,,,3238.68,269890,INR,https://www.flipkart.com/lenovo-loq-intel-core-i7-13th-gen-13650hx-16-gb-1-tb-ssd-windows-11-home-8-gb-graphics-nvidia-geforce-rtx-5060-15irx10-gaming-laptop/p/itm925bbd4318d74,2026-10-06T11:39:02.277106+00:00
Flipkart,Lenovo,Lenovo Legion 7i Intel Core i7 10th Gen 10875H - (16 GB/1 TB SSD/Windows 10 Home/8 GB Graphics/NVIDIA ...,Notebook,15.6,,,0,,Intel,Core i7,Intel Core i7 Processor (10th Gen),10th Gen,,,16,DDR4,1000,SSD,,Intel,Intel Iris Xe Graphics,16,Integrated,Windows 10,,,4198.68,349890,INR,https://www.flipkart.com/lenovo-legion-7i-intel-core-i7-10th-gen-10875h-16-gb-1-tb-ssd-windows-10-home-8-gb-graphics-nvidia-geforce-rtx-2080-super-max-q-144-hz-15imhg05-gaming-laptop/p/itm48b72e2122ecd,2026-10-06T11:39:02.277106+00:00
Flipkart,Acer,Acer Aspire 7 Intel Core i5 12th Gen 12450H - (8 GB/512 GB SSD/Windows 11 Home/4 GB Graphics/NVIDIA Ge...,Notebook,15.6,,,0,,Intel,Core i5,Intel Core i5 Processor (12th Gen),12th Gen,,,8,DDR4,512,SSD,,Intel,Intel Iris Xe Graphics,8,Integrated,Windows 11,,,1007.99,83999,INR,https://www.flipkart.com/acer-aspire-7-intel-core-i5-12th-gen-12450h-8-gb-512-gb-ssd-windows-11-home-4-graphics-nvidia-geforce-rtx-nvidia-2050-144-hz-a715-76g-59wg-gaming-laptop/p/itm45fad0c290245,2026-10-06T11:39:02.277106+00:00
Flipkart,HP,HP OMEN 16 Intel Core i7 13th Gen 13700HX - (16 GB/1 TB SSD/Windows 11 Home/8 GB Graphics/NVIDIA GeFor...,Notebook,16,,,0,,Intel,Core i7,Intel Core i7 Processor (13th Gen),13th Gen,,,16,DDR5,1000,SSD,,Intel,Intel Iris Xe Graphics,16,Integrated,Windows 11,,,2787.77,232314,INR,https://www.flipkart.com/hp-omen-16-intel-core-i7-13th-gen-13700hx-16-gb-1-tb-ssd-windows-11-home-8-gb-graphics-nvidia-geforce-rtx-4070-16-u0005tx-gaming-laptop/p/itm241c1b3501072,2026-10-06T11:39:02.277106+00:00
Flipkart,Dell,DELL G3 Intel Core i7 10th Gen 10750H - (16 GB/512 GB SSD/Windows 10 Home/6 GB Graphics/NVIDIA GeForce...,Notebook,15.6,,,0,,Intel,Core i7,Intel Core i7 Processor (10th Gen),10th Gen,,,16,DDR4,512,SSD,,Intel,Intel Iris Xe Graphics,16,Integrated,Windows 10,,,1350.19,112516,INR,https://www.flipkart.com/dell-g3-intel-core-i7-10th-gen-10750h-16-gb-512-gb-ssd-windows-10-home-6-graphics-nvidia-geforce-gtx-1660-ti-120-hz-3500-gaming-laptop/p/itm0cfee258589f8,2026-10-06T11:39:02.277106+00:00
Flipkart,HP,HP Victus AMD Ryzen 7 Octa Core 5800H - (8 GB/512 GB SSD/Windows 11 Home/4 GB Graphics/NVIDIA GeForce ...,Notebook,15.6,,,0,,AMD,Ryzen 7,5800H,Zen 3,,8,8,DDR4,512,SSD,,AMD,AMD Radeon Graphics,8,Integrated,Windows 11,,,1031.99,85999,INR,https://www.flipkart.com/hp-victus-amd-ryzen-7-octa-core-5800h-8-gb-512-gb-ssd-windows-11-home-4-graphics-nvidia-geforce-rtx-3050-15-fb0052ax-gaming-laptop/p/itm86ca62161fd3f,2026-10-06T11:39:02.277106+00:00
Flipkart,MSI,MSI WF65 Intel Core i7 10th Gen 10750H - (16 GB/1 TB HDD/256 GB SSD/Windows 10 Pro/4 GB Graphics/NVIDI...,Notebook,15.6,,,0,,Intel,Core i7,Intel Core i7 Processor (10th Gen),10th Gen,,,16,DDR4,1000,HDD,256,Intel,HD Graphics,16,Integrated,Windows 10,,,2159.88,179990,INR,https://www.flipkart.com/msi-wf65-intel-core-i7-10th-gen-10750h-16-gb-1-tb-hdd-256-gb-ssd-windows-10-pro-4-graphics-nvidia-quadro-t1000-10ti-1073in-gaming-laptop/p/itm3af8516d01ea7,2026-10-06T11:39:02.277106+00:00
Flipkart,Dell,DELL Alienware Intel Core Ultra 7 155H - (16 GB/1 TB SSD/Windows 11 Home/6 GB Graphics/NVIDIA GeForce ...,Notebook,16,,,0,,Intel,Core Ultra 7,155H,Meteor Lake,,,16,DDR5,1000,SSD,,Intel,Intel UHD Graphics,16,Integrated,Windows 11,,,2368.14,197345,INR,https://www.flipkart.com/dell-alienware-intel-core-ultra-7-155h-16-gb-1-tb-ssd-windows-11-home-6-gb-graphics-nvidia-geforce-rtx-4050-240-hz-m16-r2-gaming-laptop/p/itm2e355e4aea9b7,2026-10-06T11:39:02.277106+00:00
Flipkart,ASUS,ASUS ROG Intel Core i7 7th Gen 7700HQ - (8 GB/1 TB HDD/256 GB SSD/Windows 10 Home/6 GB Graphics/NVIDIA...,Gaming,15.6,,,0,,Intel,Core i7,Intel Core i7 Processor (7th Gen),7th Gen,,,8,DDR4,1000,HDD,256,Intel,Intel Iris Xe Graphics,8,Integrated,Windows 10,,,1757.88,146490,INR,https://www.flipkart.com/asus-rog-intel-core-i7-7th-gen-7700hq-8-gb-1-tb-hdd-256-gb-ssd-windows-10-home-6-graphics-nvidia-geforce-gtx-1060-gl502vm-fy230t-gaming-laptop/p/itma0ca0daa10396,2026-10-06T11:39:02.277106+00:00
Flipkart,ASUS,ASUS ROG Zephyrus G14 with 76WHr Battery AMD Ryzen 9 Octa Core 5900HS - (16 GB/1 TB SSD/Windows 10 Hom...,Notebook,14,,,0,,AMD,Ryzen 9,5900HS,Zen 3,,8,16,DDR4,1000,SSD,,AMD,AMD Radeon Graphics,16,Integrated,Windows 10,,,2387.63,198969,INR,https://www.flipkart.com/asus-rog-zephyrus-g14-76whr-battery-amd-ryzen-9-octa-core-5900hs-16-gb-1-tb-ssd-windows-10-home-6-gb-graphics-nvidia-geforce-rtx-3060-120-hz-80-tgp-ga401qm-k2331ts-gaming-laptop/p/itm651aaff86db13,2026-10-06T11:39:02.277106+00:00
Flipkart,ASUS,ASUS TUF Gaming AMD Ryzen 7 Octa Core 7435HS - (16 GB/512 GB SSD/Windows 11 Home/4 GB Graphics/NVIDIA ...,Gaming,15.6,,,0,,AMD,Ryzen 7,7435HS,Zen 4,,8,16,DDR5,512,SSD,,AMD,AMD Radeon Graphics,16,Integrated,Windows 11,,,1199.99,99999,INR,https://www.flipkart.com/asus-tuf-gaming-amd-ryzen-7-octa-core-7435hs-16-gb-512-gb-ssd-windows-11-home-4-graphics-nvidia-geforce-rtx-3050-144-hz-fa506ncr-hn275ws-laptop/p/itmcc8fa5b257dbc,2026-10-06T11:39:02.277106+00:00
Flipkart,HP,HP Intel Core i5 13th Gen - (16 GB/512 GB SSD/Windows 11 Home/6 GB Graphics/NVIDIA GeForce RTX NVIDIA ...,Notebook,15.6,,,0,,Intel,Core i5,Intel Core i5 Processor (13th Gen),13th Gen,,,16,DDR4,512,SSD,,Intel,Intel Iris Xe Graphics,16,Integrated,Windows 11,,,1428.10,119008,INR,https://www.flipkart.com/hp-intel-core-i5-13th-gen-16-gb-512-gb-ssd-windows-11-home-6-graphics-nvidia-geforce-rtx-nvidia-40-series-15-fa1319tx-gaming-laptop/p/itmd553e1f0942ed,2026-10-06T11:39:02.277106+00:00
Flipkart,ASUS,ASUS ROG Strix G15 AMD Ryzen 7 Octa Core 6800HS - (16 GB/1 TB SSD/Windows 11 Home/4 GB Graphics/NVIDIA...,Notebook,15.6,,,0,,AMD,Ryzen 7,6800HS,Zen 3+,,8,16,DDR5,1000,SSD,,AMD,AMD Radeon Graphics,16,Integrated,Windows 11,,,1751.99,145999,INR,https://www.flipkart.com/asus-rog-strix-g15-amd-ryzen-7-octa-core-6800hs-16-gb-1-tb-ssd-windows-11-home-4-gb-graphics-nvidia-geforce-rtx-3050-144-hz-g513rc-hn083w-gaming-laptop/p/itm6c78207201c3f,2026-10-06T11:39:02.277106+00:00
Flipkart,HP,HP OMEN Intel Core i7 12th Gen 12700H - (16 GB/1 TB SSD/Windows 11 Home/8 GB Graphics/NVIDIA GeForce R...,Notebook,16.1,,,0,,Intel,Core i7,Intel Core i7 Processor (12th Gen),12th Gen,,,16,DDR5,1000,SSD,,Intel,Intel Iris Xe Graphics,16,Integrated,Windows 11,,,2278.80,189900,INR,https://www.flipkart.com/hp-omen-intel-core-i7-12th-gen-12700h-16-gb-1-tb-ssd-windows-11-home-8-gb-graphics-nvidia-geforce-rtx-3070-16-b1370tx-gaming-laptop/p/itm5b316c4d48921,2026-10-06T11:39:02.277106+00:00
Flipkart,HP,HP Victus AMD Ryzen 5 5600H - (8 GB/512 GB SSD/Windows 11 Home/4 GB Graphics/AMD Radeon RX 6500M) FB01...,Notebook,15.6,,,0,,AMD,Ryzen 5,5600H,Zen 3,,,8,DDR4,512,SSD,,AMD,RX 6500 M,8,RDNA 2,Windows 11,,,934.54,77878,INR,https://www.flipkart.com/hp-victus-amd-ryzen-5-5600h-8-gb-512-gb-ssd-windows-11-home-4-graphics-amd-radeon-rx-6500m-fb0184ax-gaming-laptop/p/itm9687851e16cba,2026-10-06T11:39:02.277106+00:00
Flipkart,ASUS,ASUS TUF Gaming A16 (2026) AMD Ryzen 7 170 - (8 GB/512 GB SSD/Windows 11 Home/6 GB Graphics/NVIDIA GeF...,Gaming,16,,,0,,AMD,Ryzen 7,,,,,8,DDR5,512,SSD,,AMD,AMD Radeon Graphics,8,Integrated,Windows 11,,,1523.88,126990,INR,https://www.flipkart.com/asus-tuf-gaming-a16-2026-amd-ryzen-7-170-8-gb-512-gb-ssd-windows-11-home-6-graphics-nvidia-geforce-rtx-4050-144-hz-fa607nuq-rl208w-laptop/p/itmc6c7105da4a0a,2026-10-06T11:39:02.277106+00:00
Flipkart,ASUS,ASUS TUF Gaming F15 with 90Whr Battery Intel Core i7 12th Gen 12700H - (16 GB/1 TB SSD/Windows 11 Home...,Gaming,15.6,,,0,,Intel,Core i7,Intel Core i7 Processor (12th Gen),12th Gen,,,16,DDR4,1000,SSD,,Intel,Intel Iris Xe Graphics,16,Integrated,Windows 11,,,1349.99,112499,INR,https://www.flipkart.com/asus-tuf-gaming-f15-90whr-battery-intel-core-i7-12th-gen-12700h-16-gb-1-tb-ssd-windows-11-home-4-gb-graphics-nvidia-geforce-rtx-3050-144-hz-95-w-fx577zc-hn192ws-laptop/p/itmf0fbfc79e4f61,2026-10-06T11:39:02.277106+00:00
Flipkart,Lenovo,Lenovo Intel Core i5 13th Gen - (24 GB/512 GB SSD/Windows 11 Home/NVIDIA GeForce RTX RTX 3050 6GB) 83D...,Notebook,15.6,,,0,,Intel,Core i5,Intel Core i5 Processor (13th Gen),13th Gen,,,24,DDR5,512,SSD,,Nvidia,RTX 3050,24,Ampere,Windows 11,,,1559.88,129990,INR,https://www.flipkart.com/lenovo-intel-core-i5-13th-gen-24-gb-512-gb-ssd-windows-11-home-nvidia-geforce-rtx-3050-6gb-83dv00x6in-gaming-laptop/p/itmeecae88789330,2026-10-06T11:39:02.277106+00:00
Flipkart,ASUS,"ASUS TUF Gaming F16 (2026) with MSO 2024+M365 Basic,(i5 14th Gen) Intel Core 5 210H - (16 GB/1 TB SSD/...",Gaming,16,,,0,,Intel,Core 5,210H,Raptor Lake Refresh,,,16,DDR5,1000,SSD,,Intel,Intel UHD Graphics,16,Integrated,Windows 11,,,1428.12,119010,INR,https://www.flipkart.com/asus-tuf-gaming-f16-2026-mso-2024-m365-basic-i5-14th-gen-intel-core-5-210h-16-gb-1-tb-ssd-windows-11-home-6-gb-graphics-nvidia-geforce-rtx-3050-144-hz-fx607vjb-rl215ws-laptop/p/itm206df5e4da94e,2026-10-06T11:39:02.277106+00:00
Flipkart,Lenovo,Lenovo AMD Ryzen 7 Octa Core - (24 GB/512 GB SSD/Windows 11 Home/4 GB Graphics/NVIDIA GeForce RTX 3050...,Notebook,15.6,,,0,,AMD,Ryzen 7,,,,8,24,DDR5,512,SSD,,Nvidia,RTX 3050,24,Ampere,Windows 11,,,1427.88,118990,INR,https://www.flipkart.com/lenovo-amd-ryzen-7-octa-core-24-gb-512-gb-ssd-windows-11-home-4-graphics-nvidia-geforce-rtx-3050a-loq-15arp9d2-gaming-laptop/p/itmf0d7200015d85,2026-10-06T11:39:02.277106+00:00
Flipkart,ASUS,ASUS TUF Gaming F15 Intel Core i5 12th Gen 12500H - (16 GB/512 GB SSD/Windows 11 Home/4 GB Graphics/NV...,Gaming,15.6,,,0,,Intel,Core i5,Intel Core i5 Processor (12th Gen),12th Gen,,,16,DDR4,512,SSD,,Intel,Intel Iris Xe Graphics,16,Integrated,Windows 11,,,779.88,64990,INR,https://www.flipkart.com/asus-tuf-gaming-f15-intel-core-i5-12th-gen-12500h-16-gb-512-gb-ssd-windows-11-home-4-graphics-nvidia-geforce-rtx-3050-144-hz-95-w-fx507zc4-hn116w-laptop/p/itm18565b89ac405,2026-10-06T11:39:02.277106+00:00
Flipkart,Lenovo,Lenovo LOQ 15IRX9. Intel Core i5 13th Gen 13450HX - (16 GB/512 GB SSD/Windows 11 Home/6 GB Graphics/NV...,Notebook,15.6,,,0,,Intel,Core i5,Intel Core i5 Processor (13th Gen),13th Gen,,,16,DDR5,512,SSD,,Intel,Intel Iris Xe Graphics,16,Integrated,Windows 11,,,1559.88,129990,INR,https://www.flipkart.com/lenovo-loq-15irx9-intel-core-i5-13th-gen-13450hx-16-gb-512-gb-ssd-windows-11-home-6-graphics-nvidia-geforce-rtx-4050-83dv01aain-gaming-laptop/p/itm69f9d9a3e34f9,2026-10-06T11:39:02.277106+00:00
Flipkart,HP,HP AMD Ryzen AI 7 Octa Core Ryzen AI 7 350 - (16 GB/512 GB SSD/Windows 11 Home) ag1048au Laptop,Notebook,16,,,1,,AMD,Ryzen AI 7,Octa,Zen 5 (Strix),,8,16,LPDDR5X,512,SSD,,AMD,AMD Radeon Graphics,16,Integrated,Windows 11,,,1068.01,89001,INR,https://www.flipkart.com/hp-amd-ryzen-ai-7-octa-core-350-16-gb-512-gb-ssd-windows-11-home-ag1048au-laptop/p/itmb8d045b4da089,2026-10-06T11:39:02.277106+00:00
Flipkart,HP,HP Intel Celeron Dual Core N4500 - (8 GB/512 GB SSD/Windows 11 Home) 15s- fq3066TU Thin and Light Lapt...,Ultrabook,15.6,,,0,,Intel,Celeron,Dual,Budget,,2,8,DDR4,512,SSD,,Intel,Intel UHD Graphics,8,Integrated,Windows 11,,,560.95,46746,INR,https://www.flipkart.com/hp-intel-celeron-dual-core-n4500-8-gb-512-gb-ssd-windows-11-home-15s-fq3066tu-thin-light-laptop/p/itm973a47e6377c8,2026-10-06T11:39:02.277106+00:00
Flipkart,HP,HP AMD Ryzen 5 Quad Core 7520U - (8 GB/512 GB SSD/Windows 11 Home) 15-fc0155AU Thin and Light Laptop,Ultrabook,15.6,,,0,,AMD,Ryzen 5,7520U,Zen 4,,4,8,LPDDR5,512,SSD,,AMD,AMD Radeon Graphics,8,Integrated,Windows 11,,,718.68,59890,INR,https://www.flipkart.com/hp-amd-ryzen-5-quad-core-7520u-8-gb-512-gb-ssd-windows-11-home-15-fc0155au-thin-light-laptop/p/itmd9ac5762d7458,2026-10-06T11:39:02.277106+00:00
Flipkart,HP,HP MS Office 2024 Intel Core i5 13th Gen 13420H - (16 GB/512 GB SSD/Windows 11 Home) 15-fr0045TU Thin ...,Notebook,15.6,,,0,,Intel,Core i5,Intel Core i5 Processor (13th Gen),13th Gen,,,16,DDR4,512,SSD,,Intel,Intel Iris Xe Graphics,16,Integrated,Windows 11,,,828.28,69023,INR,https://www.flipkart.com/hp-ms-office-2024-intel-core-i5-13th-gen-13420h-16-gb-512-gb-ssd-windows-11-home-15-fr0045tu-thin-light-laptop/p/itm5a4df44828227,2026-10-06T11:39:02.277106+00:00
Flipkart,HP,HP 15 with MSO'2024 AMD Ryzen 3 Quad Core 7320U - (8 GB/512 GB SSD/Windows 11 Home) 15-fc0025AU | 15-f...,Notebook,15.6,,,0,,AMD,Ryzen 3,7320U,Zen 4,,4,8,DDR4,512,SSD,,AMD,AMD Radeon Graphics,8,Integrated,Windows 11,,,609.48,50790,INR,https://www.flipkart.com/hp-15-mso-2024-amd-ryzen-3-quad-core-7320u-8-gb-512-gb-ssd-windows-11-home-15-fc0025au-15-fc0500au-thin-light-laptop/p/itm3f21e9fdfc42f,2026-10-06T11:39:02.277106+00:00
Flipkart,HP,HP 15s Metal Intel Core i3 13th Gen 1315U - (8 GB/512 GB SSD/Windows 11 Home) 15-hr0005TU Thin and Lig...,Notebook,15.6,,,0,,Intel,Core i3,Intel Core i3 Processor (13th Gen),13th Gen,,,8,DDR4,512,SSD,,Intel,Intel Iris Xe Graphics,8,Integrated,Windows 11,,,640.68,53390,INR,https://www.flipkart.com/hp-15s-metal-intel-core-i3-13th-gen-1315u-8-gb-512-gb-ssd-windows-11-home-15-hr0005tu-thin-light-laptop/p/itmb433fd9435785,2026-10-06T11:39:02.277106+00:00
Flipkart,HP,HP Intel Core i3 13th Gen 1315U - (8 GB/512 GB SSD/Windows 11 Home) 15-fd0568TU Thin and Light Laptop,Ultrabook,15.6,,,0,,Intel,Core i3,Intel Core i3 Processor (13th Gen),13th Gen,,,8,DDR4,512,SSD,,Intel,Intel Iris Xe Graphics,8,Integrated,Windows 11,,,671.88,55990,INR,https://www.flipkart.com/hp-intel-core-i3-13th-gen-1315u-8-gb-512-gb-ssd-windows-11-home-15-fd0568tu-thin-light-laptop/p/itm033c840630887,2026-10-06T11:39:02.277106+00:00
Flipkart,HP,HP 14s Intel Core i3 10th Gen 1005G1 - (8 GB/512 GB SSD/Windows 10 Home) 14s-dr1001tu Thin and Light L...,Ultrabook,14,,,0,,Intel,Core i3,Intel Core i3 Processor (10th Gen),10th Gen,,,8,DDR4,512,SSD,,Intel,Intel Iris Xe Graphics,8,Integrated,Windows 10,,,578.77,48231,INR,https://www.flipkart.com/hp-14s-intel-core-i3-10th-gen-1005g1-8-gb-512-gb-ssd-windows-10-home-14s-dr1001tu-thin-light-laptop/p/itme477843104167,2026-10-06T11:39:02.277106+00:00
Flipkart,HP,HP AMD Ryzen 5 Quad Core 7th Gen - (8 GB/512 GB SSD/Windows 11 Home) 245 G10 Laptop,Notebook,14,,,0,,AMD,Ryzen 5,,7th Gen,,4,8,LPDDR4,512,SSD,,AMD,AMD Radeon Graphics,8,Integrated,Windows 11,,,719.88,59990,INR,https://www.flipkart.com/hp-amd-ryzen-5-quad-core-7th-gen-8-gb-512-gb-ssd-windows-11-home-245-g10-laptop/p/itmb5cef80feed7b,2026-10-06T11:39:02.277106+00:00
Flipkart,HP,HP G8 Intel Core i3 12th Gen - (16 GB/512 GB SSD/Windows 11 Pro) 250G8 Business Laptop,Notebook,15.6,,,0,,Intel,Core i3,Intel Core i3 Processor (12th Gen),12th Gen,,,16,DDR4,512,SSD,,Intel,Intel Iris Xe Graphics,16,Integrated,Windows 11,,,706.68,58890,INR,https://www.flipkart.com/hp-g8-intel-core-i3-12th-gen-16-gb-512-gb-ssd-windows-11-pro-250g8-business-laptop/p/itmf8dced187ae27,2026-10-06T11:39:02.277106+00:00
Flipkart,HP,HP 250R G10 (2025) (i3 14th Gen) Intel Core 3 14th Gen 100U - (8 GB/512 GB SSD/Windows 11 Home) 250R G...,Notebook,15.6,,,0,,Intel,Core 3,,14th Gen,,,8,DDR4,512,SSD,,Intel,Intel UHD Graphics,8,Integrated,Windows 11,,,640.68,53390,INR,https://www.flipkart.com/hp-250r-g10-2025-i3-14th-gen-intel-core-3-gen-100u-8-gb-512-gb-ssd-windows-11-home-thin-light-laptop/p/itm21dd6a1b267a9,2026-10-06T11:39:02.277106+00:00
Flipkart,HP,HP 15 AMD Ryzen 5 Quad Core 7520U - (8 GB/512 GB SSD/Windows 11 Home) 15-fc0805AU Thin and Light Lapto...,Ultrabook,15.6,,,0,,AMD,Ryzen 5,7520U,Zen 4,,4,8,DDR5,512,SSD,,AMD,AMD Radeon Graphics,8,Integrated,Windows 11,,,707.65,58971,INR,https://www.flipkart.com/hp-15-amd-ryzen-5-quad-core-7520u-8-gb-512-gb-ssd-windows-11-home-15-fc0805au-thin-light-laptop/p/itm044828973e180,2026-10-06T11:39:02.277106+00:00
Flipkart,HP,"HP Professional 14, Intel Core i5 13th Gen 1334U - (16 GB/512 GB SSD/Windows 11 Pro) 240 G10 Thin and ...",Notebook,14,,,0,,Intel,Core i5,Intel Core i5 Processor (13th Gen),13th Gen,,,16,DDR4,512,SSD,,Intel,Intel Iris Xe Graphics,16,Integrated,Windows 11,,,959.88,79990,INR,https://www.flipkart.com/hp-professional-14-intel-core-i5-13th-gen-1334u-16-gb-512-gb-ssd-windows-11-pro-240-g10-thin-light-laptop/p/itm84e8fe2d61b08,2026-10-06T11:39:02.277106+00:00
Flipkart,HP,HP 255 G10 AMD Ryzen 5 Quad Core 7520U - (8 GB/512 GB SSD/Windows 11 Home) 255 G10 Thin and Light Lapt...,Ultrabook,15.6,,,0,,AMD,Ryzen 5,7520U,Zen 4,,4,8,DDR4,512,SSD,,AMD,AMD Radeon Graphics,8,Integrated,Windows 11,,,695.41,57951,INR,https://www.flipkart.com/hp-255-g10-amd-ryzen-5-quad-core-7520u-8-gb-512-gb-ssd-windows-11-home-thin-light-laptop/p/itm7518784ff76c4,2026-10-06T11:39:02.277106+00:00
Flipkart,HP,HP Laptop Intel Core i3 13th Gen 1315U - (8 GB/512 GB SSD/Windows 11 Home) 15-fd0129TU / 15-fd0568TU T...,Notebook,15.6,,,0,,Intel,Core i3,Intel Core i3 Processor (13th Gen),13th Gen,,,8,DDR4,512,SSD,,Intel,Intel Iris Xe Graphics,8,Integrated,Windows 11,,,670.68,55890,INR,https://www.flipkart.com/hp-laptop-intel-core-i3-13th-gen-1315u-8-gb-512-gb-ssd-windows-11-home-15-fd0129tu-15-fd0568tu-thin-light/p/itmcf7c16556a324,2026-10-06T11:39:02.277106+00:00
Flipkart,HP,HP 15s Intel Core i3 13th Gen 1315U - (8 GB/512 GB SSD/Windows 11 Home) 15-fd0006TU / 15-fd0569TU Thin...,Notebook,15.6,,,0,,Intel,Core i3,Intel Core i3 Processor (13th Gen),13th Gen,,,8,DDR4,512,SSD,,Intel,Intel Iris Xe Graphics,8,Integrated,Windows 11,,,640.68,53390,INR,https://www.flipkart.com/hp-15s-intel-core-i3-13th-gen-1315u-8-gb-512-gb-ssd-windows-11-home-15-fd0006tu-15-fd0569tu-thin-light-laptop/p/itm5978c19db874e,2026-10-06T11:39:02.277106+00:00
Flipkart,HP,HP Intel Core i3 12th Gen 1215U - (8 GB/512 GB SSD/Windows 11 Home) 14s-dq5138tu Thin and Light Laptop,Ultrabook,15.6,,,0,,Intel,Core i3,Intel Core i3 Processor (12th Gen),12th Gen,,,8,DDR4,512,SSD,,Intel,Intel Iris Xe Graphics,8,Integrated,Windows 11,,,669.60,55800,INR,https://www.flipkart.com/hp-intel-core-i3-12th-gen-1215u-8-gb-512-gb-ssd-windows-11-home-14s-dq5138tu-thin-light-laptop/p/itmc59bc54234261,2026-10-06T11:39:02.277106+00:00
Flipkart,HP,HP {2026} AMD Ryzen 5 Hexa Core 7535U - (8 GB/512 GB SSD/Windows 11 Home) 255R G10 Laptop,Notebook,15.6,,,0,,AMD,Ryzen 5,7535U,Zen 4,,6,8,DDR5,512,SSD,,AMD,AMD Radeon Graphics,8,Integrated,Windows 11,,,682.68,56890,INR,https://www.flipkart.com/hp-2026-amd-ryzen-5-hexa-core-7535u-8-gb-512-gb-ssd-windows-11-home-255r-g10-laptop/p/itm1f7ad53b95048,2026-10-06T11:39:02.277106+00:00
Flipkart,HP,HP 15s Backlit Keyboard AMD Ryzen 3 Quad Core 7320U - (8 GB/512 GB SSD/Windows 11 Home) 15-fc0026AU Th...,Notebook,15.6,,,0,,AMD,Ryzen 3,7320U,Zen 4,,4,8,LPDDR5,512,SSD,,AMD,AMD Radeon Graphics,8,Integrated,Windows 11,,,659.88,54990,INR,https://www.flipkart.com/hp-15s-backlit-keyboard-amd-ryzen-3-quad-core-7320u-8-gb-512-gb-ssd-windows-11-home-15-fc0026au-thin-light-laptop/p/itm4e6d85f618393,2026-10-06T11:39:02.277106+00:00
Flipkart,HP,HP 15 Intel Core i5 13th Gen 13420H - (16 GB/512 GB SSD/Windows 11 Home) 15-fr0028TU | 15-fr0045TU Thi...,Notebook,15.6,,,0,,Intel,Core i5,Intel Core i5 Processor (13th Gen),13th Gen,,,16,DDR4,512,SSD,,Intel,Intel Iris Xe Graphics,16,Integrated,Windows 11,,,959.88,79990,INR,https://www.flipkart.com/hp-15-intel-core-i5-13th-gen-13420h-16-gb-512-gb-ssd-windows-11-home-15-fr0028tu-15-fr0045tu-thin-light-laptop/p/itma36ceee31e597,2026-10-06T11:39:02.277106+00:00
Flipkart,HP,HP 14R (2025) Intel Core i3 13th Gen 1315U - (8 GB/512 GB SSD/Windows 11 Pro) 14R G9 Thin and Light La...,Ultrabook,14,,,0,,Intel,Core i3,Intel Core i3 Processor (13th Gen),13th Gen,,,8,DDR4,512,SSD,,Intel,Intel Iris Xe Graphics,8,Integrated,Windows 11,,,671.88,55990,INR,https://www.flipkart.com/hp-14r-2025-intel-core-i3-13th-gen-1315u-8-gb-512-gb-ssd-windows-11-pro-g9-thin-light-laptop/p/itm7d491b238bc7b,2026-10-06T11:39:02.277106+00:00
Flipkart,HP,HP AMD Ryzen 5 Hexa Core 5500U - (8 GB/512 GB SSD/Windows 11 Home) 15s- eq2304au Thin and Light Laptop,Ultrabook,15.6,,,0,,AMD,Ryzen 5,5500U,Zen 3,,6,8,DDR4,512,SSD,,AMD,AMD Radeon Graphics,8,Integrated,Windows 11,,,677.50,56458,INR,https://www.flipkart.com/hp-amd-ryzen-5-hexa-core-5500u-8-gb-512-gb-ssd-windows-11-home-15s-eq2304au-thin-light-laptop/p/itm79cd7879eb1f2,2026-10-06T11:39:02.277106+00:00
Flipkart,HP,HP Touch Chromebook MediaTek MT8183 - (4 GB/32 GB EMMC Storage/Chrome OS) 11MK G9 Chromebook,Chromebook,11.6,,,1,,,,MediaTek MT8183 Processor,,,,4,LPDDR4X,32,EMMC,,,,4,,Chrome OS,,,258.00,21500,INR,https://www.flipkart.com/hp-touch-chromebook-mediatek-mt8183-4-gb-32-gb-emmc-storage-chrome-os-11mk-g9/p/itmbcfcbc0ab424f,2026-10-06T11:39:02.277106+00:00
Flipkart,HP,HP MS Office 2024 Intel Core i3 13th Gen 1315U - (8 GB/512 GB SSD/Windows 11 Home) fd0465TU Thin and L...,Notebook,15.6,,,0,,Intel,Core i3,Intel Core i3 Processor (13th Gen),13th Gen,,,8,DDR4,512,SSD,,Intel,Intel Iris Xe Graphics,8,Integrated,Windows 11,,,640.68,53390,INR,https://www.flipkart.com/hp-ms-office-2024-intel-core-i3-13th-gen-1315u-8-gb-512-gb-ssd-windows-11-home-fd0465tu-thin-light-laptop/p/itm4fc6159aa1303,2026-10-06T11:39:02.277106+00:00
Flipkart,HP,HP Laptop Intel Core i3 13th Gen 1315U - (8 GB/512 GB SSD/Windows 11 Home) 14-gr0000TU Thin and Light ...,Ultrabook,14,,,0,,Intel,Core i3,Intel Core i3 Processor (13th Gen),13th Gen,,,8,DDR4,512,SSD,,Intel,Intel Iris Xe Graphics,8,Integrated,Windows 11,,,671.36,55947,INR,https://www.flipkart.com/hp-laptop-intel-core-i3-13th-gen-1315u-8-gb-512-gb-ssd-windows-11-home-14-gr0000tu-thin-light/p/itm033a2153736a2,2026-10-06T11:39:02.277106+00:00
Flipkart,HP,HP 255 G10 (2025) AMD Athlon Dual Core 7120U - (8 GB/256 GB SSD/Windows 11 Home) 255 G10 Thin and Ligh...,Notebook,15.6,,,0,,AMD,ATHLON,Dual,AMD Budget,,2,8,DDR4,256,SSD,,AMD,AMD Radeon Graphics,8,Integrated,Windows 11,,,541.19,45099,INR,https://www.flipkart.com/hp-255-g10-2025-amd-athlon-dual-core-7120u-8-gb-256-gb-ssd-windows-11-home-thin-light-laptop/p/itm524366a2a8dd0,2026-10-06T11:39:02.277106+00:00
Flipkart,HP,HP Laptop Intel Core i3 12th Gen 1215U - (8 GB/256 GB SSD/Windows 11 Home) 15s-fy5010TU Thin and Light...,Ultrabook,15.6,,,0,,Intel,Core i3,Intel Core i3 Processor (12th Gen),12th Gen,,,8,DDR4,256,SSD,,Intel,Intel Iris Xe Graphics,8,Integrated,Windows 11,,,670.80,55900,INR,https://www.flipkart.com/hp-laptop-intel-core-i3-12th-gen-1215u-8-gb-256-gb-ssd-windows-11-home-15s-fy5010tu-thin-light/p/itm513a135df4d30,2026-10-06T11:39:02.277106+00:00
Flipkart,HP,HP AMD Ryzen 5 Hexa Core 7530U - (8 GB/512 GB SSD/Windows 11 Home) 15-fc0388AU Thin and Light Laptop,Ultrabook,15.6,,,0,,AMD,Ryzen 5,7530U,Zen 4,,6,8,DDR4,512,SSD,,AMD,AMD Radeon Graphics,8,Integrated,Windows 11,,,706.68,58890,INR,https://www.flipkart.com/hp-amd-ryzen-5-hexa-core-7530u-8-gb-512-gb-ssd-windows-11-home-15-fc0388au-thin-light-laptop/p/itmb763294e17b16,2026-10-06T11:39:02.277106+00:00
Flipkart,HP,HP 240 G8 Intel Core i3 11th Gen - (8 GB/512 GB SSD/DOS) 4K5D5PA Laptop,Notebook,14,,,0,,Intel,Core i3,Intel Core i3 Processor (11th Gen),11th Gen,,,8,DDR4,512,SSD,,Intel,Intel Iris Xe Graphics,8,Integrated,DOS,,,576.28,48023,INR,https://www.flipkart.com/hp-240-g8-intel-core-i3-11th-gen-8-gb-512-gb-ssd-dos-4k5d5pa-laptop/p/itm428c09678993b,2026-10-06T11:39:02.277106+00:00
Flipkart,HP,HP 15 Intel Core 5 120U - (24 GB/512 GB SSD/Windows 11 Home) 15-fd0262TU Thin and Light Laptop,Ultrabook,15.6,,,0,,Intel,Core 5,120U,Raptor Lake Refresh,,,24,DDR5,512,SSD,,Intel,Intel UHD Graphics,24,Integrated,Windows 11,,,989.88,82490,INR,https://www.flipkart.com/hp-15-intel-core-5-120u-24-gb-512-gb-ssd-windows-11-home-15-fd0262tu-thin-light-laptop/p/itm027a3317f4ff9,2026-10-06T11:39:02.277106+00:00
Flipkart,HP,HP Pavilion x360 Intel Core i5 12th Gen 1235U - (16 GB/512 GB SSD/Windows 11 Home) 14-ek0074TU 2 in 1 ...,2-in-1,14,,,1,,Intel,Core i5,Intel Core i5 Processor (12th Gen),12th Gen,,,16,DDR4,512,SSD,,Intel,Intel Iris Xe Graphics,16,Integrated,Windows 11,,,1091.99,90999,INR,https://www.flipkart.com/hp-pavilion-x360-intel-core-i5-12th-gen-1235u-16-gb-512-gb-ssd-windows-11-home-14-ek0074tu-2-1-laptop/p/itm84df74e5ba8c3,2026-10-06T11:39:02.277106+00:00
Flipkart,HP,HP OmniBook 5(Previously Pavilion) Intel Core i5 13th Gen 1334U - (16 GB/512 GB SSD/Windows 11 Home) 1...,Notebook,16,,,0,,Intel,Core i5,Intel Core i5 Processor (13th Gen),13th Gen,,,16,LPDDR5X,512,SSD,,Intel,Intel Iris Xe Graphics,16,Integrated,Windows 11,,,945.34,78778,INR,https://www.flipkart.com/hp-omnibook-5-previously-pavilion-intel-core-i5-13th-gen-1334u-16-gb-512-gb-ssd-windows-11-home-16-ba1123tu-thin-light-laptop/p/itm17c7ddcf83e55,2026-10-06T11:39:02.277106+00:00
Flipkart,HP,HP Omnibook 3 Next Gen AI PC Snapdragon X - (16 GB/512 GB SSD/Windows 11 Home) Omnibook 3 14-hz0024QU ...,Notebook,14,,,0,,Qualcomm,Snapdragon X,Processor,Snapdragon,,,16,DDR5,512,SSD,,,,16,,Windows 11,,,860.28,71690,INR,https://www.flipkart.com/hp-omnibook-3-next-gen-ai-pc-snapdragon-x-16-gb-512-gb-ssd-windows-11-home-14-hz0024qu-laptop/p/itmbd5346cd09abc,2026-10-06T11:39:02.277106+00:00
Flipkart,HP,HP 15s Intel Core i3 11th Gen 1115G4 - (8 GB/256 GB SSD/Windows 11 Home) 15s-FQ2075TU Thin and Light L...,Ultrabook,15.6,,,0,,Intel,Core i3,Intel Core i3 Processor (11th Gen),11th Gen,,,8,DDR4,256,SSD,,Intel,Intel Iris Xe Graphics,8,Integrated,Windows 11,,,671.88,55990,INR,https://www.flipkart.com/hp-15s-intel-core-i3-11th-gen-1115g4-8-gb-256-gb-ssd-windows-11-home-15s-fq2075tu-thin-light-laptop/p/itmdce6afa2e1b0d,2026-10-06T11:39:02.277106+00:00
Flipkart,HP,HP 15 with Office 2024 Intel Core 3 14th Gen 100U - (8 GB/512 GB SSD/Windows 11 Home) 15-FD0883TU Lapt...,Notebook,15.6,,,0,,Intel,Core 3,,14th Gen,,,8,DDR5,512,SSD,,Intel,Intel UHD Graphics,8,Integrated,Windows 11,,,683.88,56990,INR,https://www.flipkart.com/hp-15-office-2024-intel-core-3-14th-gen-100u-8-gb-512-gb-ssd-windows-11-home-15-fd0883tu-laptop/p/itmc40f050c45530,2026-10-06T11:39:02.277106+00:00
Flipkart,HP,HP Intel Core i3 - (8 GB/512 GB SSD/Windows 11 Home) 14-ep0343TU Thin and Light Laptop,Ultrabook,14,,,0,,Intel,Core i3,Intel Core i3 Processor,,,,8,DDR4,512,SSD,,Intel,Intel Iris Xe Graphics,8,Integrated,Windows 11,,,663.35,55279,INR,https://www.flipkart.com/hp-intel-core-i3-8-gb-512-gb-ssd-windows-11-home-14-ep0343tu-thin-light-laptop/p/itm969302fdd4cf1,2026-10-06T11:39:02.277106+00:00
Flipkart,HP,HP Pavilion Aero AMD Ryzen 5 Hexa Core 7535U - (16 GB/512 GB SSD/Windows 11 Home) 13-BE2056AU Thin and...,Notebook,13.3,,,0,,AMD,Ryzen 5,7535U,Zen 4,,6,16,LPDDR5,512,SSD,,AMD,AMD Radeon Graphics,16,Integrated,Windows 11,,,923.88,76990,INR,https://www.flipkart.com/hp-pavilion-aero-amd-ryzen-5-hexa-core-7535u-16-gb-512-gb-ssd-windows-11-home-13-be2056au-thin-light-laptop/p/itm1d02741b7e06e,2026-10-06T11:39:02.277106+00:00
Flipkart,HP,HP 255 G9 AMD Ryzen 3 Dual Core 3250 - (8 GB/512 GB SSD/Windows 11 Home) 255 G8 Thin and Light Laptop,Ultrabook,15.6,,,0,,AMD,Ryzen 3,3250,Zen 2,,2,8,DDR4,512,SSD,,AMD,AMD Radeon Graphics,8,Integrated,Windows 11,,,610.68,50890,INR,https://www.flipkart.com/hp-255-g9-amd-ryzen-3-dual-core-3250-8-gb-512-gb-ssd-windows-11-home-g8-thin-light-laptop/p/itm087b6d1981ee8,2026-10-06T11:39:02.277106+00:00
Flipkart,HP,HP 15s Intel Core i3 11th Gen 1115G4 - (8 GB/512 GB SSD/Windows 11 Home) 15s-fr2511TU Thin and Light L...,Ultrabook,15.6,,,0,,Intel,Core i3,Intel Core i3 Processor (11th Gen),11th Gen,,,8,DDR4,512,SSD,,Intel,Intel Iris Xe Graphics,8,Integrated,Windows 11,,,671.88,55990,INR,https://www.flipkart.com/hp-15s-intel-core-i3-11th-gen-1115g4-8-gb-512-gb-ssd-windows-11-home-15s-fr2511tu-thin-light-laptop/p/itm129db83c32a71,2026-10-06T11:39:02.277106+00:00
Flipkart,HP,HP Laptop Intel Core i5 12th Gen 1235U - (8 GB/512 GB SSD/Windows 11 Home) 15s-fq5329TU Thin and Light...,Ultrabook,15.6,,,0,,Intel,Core i5,Intel Core i5 Processor (12th Gen),12th Gen,,,8,DDR4,512,SSD,,Intel,Intel Iris Xe Graphics,8,Integrated,Windows 11,,,820.15,68346,INR,https://www.flipkart.com/hp-laptop-intel-core-i5-12th-gen-1235u-8-gb-512-gb-ssd-windows-11-home-15s-fq5329tu-thin-light/p/itm7d7024d1947e9,2026-10-06T11:39:02.277106+00:00
Flipkart,HP,HP Intel Intel Core i3 11th Gen 1115G4 - (8 GB/256 GB SSD/Windows 10 Home) 14s- DY2501TU Thin and Ligh...,Notebook,14,,,0,,Intel,Core i3,Intel Core i3 Processor (11th Gen),11th Gen,,,8,DDR4,256,SSD,,Intel,Intel Iris Xe Graphics,8,Integrated,Windows 10,,,671.88,55990,INR,https://www.flipkart.com/hp-intel-core-i3-11th-gen-1115g4-8-gb-256-gb-ssd-windows-10-home-14s-dy2501tu-thin-light-laptop/p/itmce5a821881f83,2026-10-06T11:39:02.277106+00:00
Flipkart,HP,HP 255 G10 (2024) AMD Ryzen 3 Quad Core 7320U - (8 GB/512 GB SSD/Windows 11 Home) 250 G10 Thin and Lig...,Notebook,15.6,,,0,,AMD,Ryzen 3,7320U,Zen 4,,4,8,DDR4,512,SSD,,AMD,AMD Radeon Graphics,8,Integrated,Windows 11,,,605.88,50490,INR,https://www.flipkart.com/hp-255-g10-2024-amd-ryzen-3-quad-core-7320u-8-gb-512-gb-ssd-windows-11-home-250-thin-light-laptop/p/itmac0cd52f844ae,2026-10-06T11:39:02.277106+00:00
Flipkart,HP,HP 15s Intel Core i3 11th Gen 1115G4 - (8 GB/512 GB SSD/Windows 10 Home) 15s-FQ2072TU Thin and Light L...,Ultrabook,15.6,,,0,,Intel,Core i3,Intel Core i3 Processor (11th Gen),11th Gen,,,8,DDR4,512,SSD,,Intel,Intel Iris Xe Graphics,8,Integrated,Windows 10,,,670.68,55890,INR,https://www.flipkart.com/hp-15s-intel-core-i3-11th-gen-1115g4-8-gb-512-gb-ssd-windows-10-home-15s-fq2072tu-thin-light-laptop/p/itmdce6afa2e1b0d,2026-10-06T11:39:02.277106+00:00
Flipkart,HP,HP Pavilion Aero AMD Ryzen 7 Octa Core 7735U - (16 GB/1 TB SSD/Windows 11 Home) 13-BE2048AU Thin and L...,Notebook,13.3,,,0,,AMD,Ryzen 7,7735U,Zen 4,,8,16,LPDDR5,1000,SSD,,AMD,AMD Radeon Graphics,16,Integrated,Windows 11,,,1199.26,99938,INR,https://www.flipkart.com/hp-pavilion-aero-amd-ryzen-7-octa-core-7735u-16-gb-1-tb-ssd-windows-11-home-13-be2048au-thin-light-laptop/p/itmdf8679efc5053,2026-10-06T11:39:02.277106+00:00
Flipkart,HP,HP Intel Core i5 13th Gen 1334U - (16 GB/1 TB SSD/Windows 11 Home) 15-fd0552TU Thin and Light Laptop,Ultrabook,15.6,,,0,,Intel,Core i5,Intel Core i5 Processor (13th Gen),13th Gen,,,16,DDR4,1000,SSD,,Intel,Intel Iris Xe Graphics,16,Integrated,Windows 11,,,935.88,77990,INR,https://www.flipkart.com/hp-intel-core-i5-13th-gen-1334u-16-gb-1-tb-ssd-windows-11-home-15-fd0552tu-thin-light-laptop/p/itm5d04d46c7dd8c,2026-10-06T11:39:02.277106+00:00
Flipkart,HP,HP 15 (i3 14th Gen) Intel Core 3 100U - (16 GB/512 GB SSD/Windows 11 Home) 15-fd0885TU Thin and Light ...,Ultrabook,15.6,,,0,,Intel,Core 3,100U,Raptor Lake Refresh,,,16,DDR4,512,SSD,,Intel,Intel UHD Graphics,16,Integrated,Windows 11,,,839.82,69985,INR,https://www.flipkart.com/hp-15-i3-14th-gen-intel-core-3-100u-16-gb-512-gb-ssd-windows-11-home-15-fd0885tu-thin-light-laptop/p/itm661ed697fa9ca,2026-10-06T11:39:02.277106+00:00
Flipkart,HP,HP 250 G9 Intel Core i3 12th Gen 1215U - (8 GB/512 GB SSD/Windows 11 Home) 250 G9 Business Laptop,Notebook,15.6,,,0,,Intel,Core i3,Intel Core i3 Processor (12th Gen),12th Gen,,,8,DDR4,512,SSD,,Intel,Intel Iris Xe Graphics,8,Integrated,Windows 11,,,643.57,53631,INR,https://www.flipkart.com/hp-250-g9-intel-core-i3-12th-gen-1215u-8-gb-512-gb-ssd-windows-11-home-business-laptop/p/itmaeab3e70c465d,2026-10-06T11:39:02.277106+00:00
Flipkart,HP,HP 15s AMD Ryzen 5 Quad Core 7520U - (16 GB/512 GB SSD/Windows 11 Home) 15-fc0030AU | 15-fc0690AU Thin...,Notebook,15.6,,,0,,AMD,Ryzen 5,7520U,Zen 4,,4,16,LPDDR5,512,SSD,,AMD,AMD Radeon Graphics,16,Integrated,Windows 11,,,839.87,69989,INR,https://www.flipkart.com/hp-15s-amd-ryzen-5-quad-core-7520u-16-gb-512-gb-ssd-windows-11-home-15-fc0030au-15-fc0690au-thin-light-laptop/p/itm6ce58d3e95838,2026-10-06T11:39:02.277106+00:00
Flipkart,HP,HP 255 R G10 AMD Ryzen 5 Hexa Core 7535U - (8 GB/512 GB SSD/Windows 11 Home) 255 R G10 Business Laptop,Notebook,15.6,,,0,,AMD,Ryzen 5,7535U,Zen 4,,6,8,DDR5,512,SSD,,AMD,AMD Radeon Graphics,8,Integrated,Windows 11,,,694.80,57900,INR,https://www.flipkart.com/hp-255-r-g10-amd-ryzen-5-hexa-core-7535u-8-gb-512-gb-ssd-windows-11-home-business-laptop/p/itmfbb6f5232de2f,2026-10-06T11:39:02.277106+00:00
Flipkart,HP,HP Laptop AMD Ryzen 3 Quad Core 5300U - (8 GB/512 GB SSD/Windows 11 Home) 15s- eq2212AU Thin and Light...,Ultrabook,15.5,,,0,,AMD,Ryzen 3,5300U,Zen 3,,4,8,DDR4,512,SSD,,AMD,AMD Radeon Graphics,8,Integrated,Windows 11,,,668.20,55683,INR,https://www.flipkart.com/hp-laptop-amd-ryzen-3-quad-core-5300u-8-gb-512-gb-ssd-windows-11-home-15s-eq2212au-thin-light/p/itmd82eb9bd7fabe,2026-10-06T11:39:02.277106+00:00
Flipkart,HP,HP 14s Intel Core i7 13th Gen 1355U - (16 GB/512 GB SSD/Windows 11 Home) 14-ep0159TU Thin and Light La...,Ultrabook,14,,,0,,Intel,Core i7,Intel Core i7 Processor (13th Gen),13th Gen,,,16,DDR4,512,SSD,,Intel,Intel Iris Xe Graphics,16,Integrated,Windows 11,,,1139.88,94990,INR,https://www.flipkart.com/hp-14s-intel-core-i7-13th-gen-1355u-16-gb-512-gb-ssd-windows-11-home-14-ep0159tu-thin-light-laptop/p/itma87d15ac1dc92,2026-10-06T11:39:02.277106+00:00
Flipkart,HP,HP Omnibook 5 2K OLED Snapdragon X - (16 GB/1 TB SSD/Windows 11 Home) 16-fb0001QU Thin and Light Lapto...,Ultrabook,16,2560x1440,OLED,0,,Qualcomm,Snapdragon X,Processor,Snapdragon,,,16,LPDDR5X,1000,SSD,,,,16,,Windows 11,,,1263.59,105299,INR,https://www.flipkart.com/hp-omnibook-5-2k-oled-snapdragon-x-16-gb-1-tb-ssd-windows-11-home-16-fb0001qu-thin-light-laptop/p/itmb3931d2ae1ddf,2026-10-06T11:39:02.277106+00:00
Flipkart,HP,HP 14s AMD Ryzen 5 Hexa Core 5500U - (8 GB/512 GB SSD/Windows 10 Home) 14s-fq1030AU Thin and Light Lap...,Ultrabook,14,,,0,,AMD,Ryzen 5,5500U,Zen 3,,6,8,DDR4,512,SSD,,AMD,AMD Radeon Graphics,8,Integrated,Windows 10,,,669.00,55750,INR,https://www.flipkart.com/hp-14s-amd-ryzen-5-hexa-core-5500u-8-gb-512-gb-ssd-windows-10-home-14s-fq1030au-thin-light-laptop/p/itm9760b8956b2bd,2026-10-06T11:39:02.277106+00:00
Flipkart,HP,HP 245 G8 AMD Ryzen 3 Dual Core 3250U - (8 GB/1 TB HDD/Windows 11 Home) 245 G8 Thin and Light Laptop,Ultrabook,14,,,0,,AMD,Ryzen 3,3250U,Zen 2,,2,8,DDR4,1000,HDD,,AMD,AMD Radeon Graphics,8,Integrated,Windows 11,,,585.19,48766,INR,https://www.flipkart.com/hp-245-g8-amd-ryzen-3-dual-core-3250u-8-gb-1-tb-hdd-windows-11-home-thin-light-laptop/p/itm4bea4ae5c4254,2026-10-06T11:39:02.277106+00:00
Flipkart,HP,HP Pavilion Intel Core i5 13th Gen 1340P - (16 GB/512 GB SSD/Windows 11 Home) 15-eg3079TU Thin and Lig...,Notebook,15.6,,,0,,Intel,Core i5,Intel Core i5 Processor (13th Gen),13th Gen,,,16,DDR4,512,SSD,,Intel,Intel Iris Xe Graphics,16,Integrated,Windows 11,,,930.08,77507,INR,https://www.flipkart.com/hp-pavilion-intel-core-i5-13th-gen-1340p-16-gb-512-gb-ssd-windows-11-home-15-eg3079tu-thin-light-laptop/p/itm4ae6958287d36,2026-10-06T11:39:02.277106+00:00
Flipkart,HP,HP 15s Intel Core i5 11th Gen 1155G7 - (16 GB/512 GB SSD/Windows 11 Home) 15s-fr4001TU Thin and Light ...,Ultrabook,15.6,,,0,,Intel,Core i5,Intel Core i5 Processor (11th Gen),11th Gen,,,16,DDR4,512,SSD,,Intel,Intel Iris Xe Graphics,16,Integrated,Windows 11,,,874.58,72882,INR,https://www.flipkart.com/hp-15s-intel-core-i5-11th-gen-1155g7-16-gb-512-gb-ssd-windows-11-home-15s-fr4001tu-thin-light-laptop/p/itm4f450720f23b3,2026-10-06T11:39:02.277106+00:00
Flipkart,HP,HP 14s Backlit Intel Core i3 11th Gen 1115G4 - (8 GB/512 GB SSD/Windows 11 Home) 14s-dq2649tu Thin and...,Notebook,14,,,0,,Intel,Core i3,Intel Core i3 Processor (11th Gen),11th Gen,,,8,DDR4,512,SSD,,Intel,Intel Iris Xe Graphics,8,Integrated,Windows 11,,,671.88,55990,INR,https://www.flipkart.com/hp-14s-backlit-intel-core-i3-11th-gen-1115g4-8-gb-512-gb-ssd-windows-11-home-14s-dq2649tu-thin-light-laptop/p/itm6664edbe195a9,2026-10-06T11:39:02.277106+00:00
Flipkart,HP,HP Laptop with Backlit Keyboard Intel Core i5 11th Gen - (16 GB/512 GB SSD/Windows 11 Home) 15s-fq2510...,Notebook,15.6,,,0,,Intel,Core i5,Intel Core i5 Processor (11th Gen),11th Gen,,,16,DDR4,512,SSD,,Intel,Intel Iris Xe Graphics,16,Integrated,Windows 11,,,839.88,69990,INR,https://www.flipkart.com/hp-laptop-backlit-keyboard-intel-core-i5-11th-gen-16-gb-512-gb-ssd-windows-11-home-15s-fq2510tu-thin-light/p/itm7d4577134e5bc,2026-10-06T11:39:02.277106+00:00
Flipkart,HP,HP Intel Core i3 12th Gen 1215U - (8 GB/512 GB SSD/Windows 11 Home) 15-fd0063TU Thin and Light Laptop,Ultrabook,15.6,,,0,,Intel,Core i3,Intel Core i3 Processor (12th Gen),12th Gen,,,8,DDR4,512,SSD,,Intel,Intel Iris Xe Graphics,8,Integrated,Windows 11,,,671.88,55990,INR,https://www.flipkart.com/hp-intel-core-i3-12th-gen-1215u-8-gb-512-gb-ssd-windows-11-home-15-fd0063tu-thin-light-laptop/p/itmf386dd67694e5,2026-10-06T11:39:02.277106+00:00
Flipkart,HP,HP 15s Intel Core i5 11th Gen - (8 GB + 32 GB Optane/512 GB SSD/Windows 10 Home) 15s-FQ2071TU Thin and...,Notebook,15.6,,,0,,Intel,Core i5,Intel Core i5 Processor (11th Gen),11th Gen,,,8,DDR4,512,SSD,,Intel,Intel Iris Xe Graphics,8,Integrated,Windows 10,,,875.88,72990,INR,https://www.flipkart.com/hp-15s-intel-core-i5-11th-gen-8-gb-32-optane-512-ssd-windows-10-home-15s-fq2071tu-thin-light-laptop/p/itm7323545f1160d,2026-10-06T11:39:02.277106+00:00
Flipkart,HP,HP AMD Ryzen 5 Hexa Core 5500U - (8 GB/512 GB SSD/Windows 11 Home) 14s-fq1092au Thin and Light Laptop,Ultrabook,14,,,0,,AMD,Ryzen 5,5500U,Zen 3,,6,8,DDR4,512,SSD,,AMD,AMD Radeon Graphics,8,Integrated,Windows 11,,,681.52,56793,INR,https://www.flipkart.com/hp-amd-ryzen-5-hexa-core-5500u-8-gb-512-gb-ssd-windows-11-home-14s-fq1092au-thin-light-laptop/p/itm4e62c3eb74f7b,2026-10-06T11:39:02.277106+00:00
Flipkart,HP,HP 14s Intel Celeron Dual Core N4500 - (8 GB/256 GB SSD/Windows 11 Home) 14s- dq3032tu Thin and Light ...,Ultrabook,14,,,0,,Intel,Celeron,Dual,Budget,,2,8,DDR4,256,SSD,,Intel,Intel UHD Graphics,8,Integrated,Windows 11,,,599.99,49999,INR,https://www.flipkart.com/hp-14s-intel-celeron-dual-core-n4500-8-gb-256-gb-ssd-windows-11-home-14s-dq3032tu-thin-light-laptop/p/itmb3102840e38cc,2026-10-06T11:39:02.277106+00:00
Flipkart,HP,HP 15s AMD Ryzen 3 Quad Core 5300U - (8 GB/512 GB SSD/Windows 10 Home) 15s- EQ2042AU Thin and Light La...,Ultrabook,15.6,,,0,,AMD,Ryzen 3,5300U,Zen 3,,4,8,DDR4,512,SSD,,AMD,AMD Radeon Graphics,8,Integrated,Windows 10,,,610.68,50890,INR,https://www.flipkart.com/hp-15s-amd-ryzen-3-quad-core-5300u-8-gb-512-gb-ssd-windows-10-home-15s-eq2042au-thin-light-laptop/p/itmafa17a199da31,2026-10-06T11:39:02.277106+00:00
Flipkart,HP,HP 15 with Backlit Keyboard & Office 2024 AMD Ryzen 7 Octa Core 5825U - (16 GB/512 GB SSD/Windows 11 H...,Notebook,15.6,,,0,,AMD,Ryzen 7,5825U,Zen 3,,8,16,DDR4,512,SSD,,AMD,AMD Radeon Graphics,16,Integrated,Windows 11,,,959.36,79947,INR,https://www.flipkart.com/hp-15-backlit-keyboard-office-2024-amd-ryzen-7-octa-core-5825u-16-gb-512-gb-ssd-windows-11-home-15-fc0476au-15-fc0533au-thin-light-laptop/p/itm573d0be23b79c,2026-10-06T11:39:02.277106+00:00
Flipkart,HP,HP AMD Athlon Dual Core 3050U - (8 GB/256 GB SSD/Windows 11 Home) 14s-fq0568AU Thin and Light Laptop,Ultrabook,14,,,0,,AMD,ATHLON,Dual,AMD Budget,,2,8,DDR4,256,SSD,,AMD,AMD Radeon Graphics,8,Integrated,Windows 11,,,610.68,50890,INR,https://www.flipkart.com/hp-amd-athlon-dual-core-3050u-8-gb-256-gb-ssd-windows-11-home-14s-fq0568au-thin-light-laptop/p/itm251d7da4048ee,2026-10-06T11:39:02.277106+00:00
Flipkart,HP,HP Laptop Intel Core i3 11th Gen 1115G4 - (8 GB/512 GB SSD/Windows 11 Home) 15s-fq2672TU Thin and Ligh...,Notebook,15.6,,,0,,Intel,Core i3,Intel Core i3 Processor (11th Gen),11th Gen,,,8,DDR4,512,SSD,,Intel,Intel Iris Xe Graphics,8,Integrated,Windows 11,,,671.88,55990,INR,https://www.flipkart.com/hp-laptop-intel-core-i3-11th-gen-1115g4-8-gb-512-gb-ssd-windows-11-home-15s-fq2672tu-thin-light/p/itma5bc84556fdc9,2026-10-06T11:39:02.277106+00:00
Flipkart,HP,HP AMD Ryzen 5 Quad Core 7520U - (16 GB/512 GB SSD/Windows 11 Home) 15-fc0156AU / 15-fc0690AU Thin and...,Notebook,15.6,,,0,,AMD,Ryzen 5,7520U,Zen 4,,4,16,LPDDR5,512,SSD,,AMD,AMD Radeon Graphics,16,Integrated,Windows 11,,,833.88,69490,INR,https://www.flipkart.com/hp-amd-ryzen-5-quad-core-7520u-16-gb-512-gb-ssd-windows-11-home-15-fc0156au-15-fc0690au-thin-light-laptop/p/itma0fa438e7d192,2026-10-06T11:39:02.277106+00:00
Flipkart,HP,HP 14s AMD Ryzen 5 Quad Core 3450U - (8 GB/512 GB SSD/Windows 10 Home) 14s-fr0012AU Thin and Light Lap...,Ultrabook,14,,,0,,AMD,Ryzen 5,3450U,Zen 2,,4,8,DDR4,512,SSD,,AMD,AMD Radeon Graphics,8,Integrated,Windows 10,,,707.88,58990,INR,https://www.flipkart.com/hp-14s-amd-ryzen-5-quad-core-3450u-8-gb-512-gb-ssd-windows-10-home-14s-fr0012au-thin-light-laptop/p/itm9760b8956b2bd,2026-10-06T11:39:02.277106+00:00
Flipkart,HP,HP 15s Intel Core i7 12th Gen 1255U - (16 GB/512 GB SSD/Windows 11 Home) 15s-fq5190tu Thin and Light L...,Ultrabook,15.6,,,0,,Intel,Core i7,Intel Core i7 Processor (12th Gen),12th Gen,,,16,DDR4,512,SSD,,Intel,Intel Iris Xe Graphics,16,Integrated,Windows 11,,,896.28,74690,INR,https://www.flipkart.com/hp-15s-intel-core-i7-12th-gen-1255u-16-gb-512-gb-ssd-windows-11-home-15s-fq5190tu-thin-light-laptop/p/itma831720ef30c2,2026-10-06T11:39:02.277106+00:00
Flipkart,HP,HP 250 G9 Intel Core i3 12th Gen 1215U - (8 GB/512 GB SSD/Windows 11 Home) 7M657PA Thin and Light Lapt...,Ultrabook,15.6,,,0,,Intel,Core i3,Intel Core i3 Processor (12th Gen),12th Gen,,,8,DDR4,512,SSD,,Intel,Intel Iris Xe Graphics,8,Integrated,Windows 11,,,641.54,53462,INR,https://www.flipkart.com/hp-250-g9-intel-core-i3-12th-gen-1215u-8-gb-512-gb-ssd-windows-11-home-7m657pa-thin-light-laptop/p/itmaeab3e70c465d,2026-10-06T11:39:02.277106+00:00
Flipkart,HP,HP 15s Intel Core i3 11th Gen 1125G4 - (8 GB/512 GB SSD/Windows 11 Home) 15s-dy3501TU Thin and Light L...,Ultrabook,15.6,,,0,,Intel,Core i3,Intel Core i3 Processor (11th Gen),11th Gen,,,8,DDR4,512,SSD,,Intel,Intel Iris Xe Graphics,8,Integrated,Windows 11,,,671.99,55999,INR,https://www.flipkart.com/hp-15s-intel-core-i3-11th-gen-1125g4-8-gb-512-gb-ssd-windows-11-home-15s-dy3501tu-thin-light-laptop/p/itm8a058adbb8764,2026-10-06T11:39:02.277106+00:00
Flipkart,HP,HP Victus Intel Core i5 13th Gen 13420H - (16 GB/512 GB SSD/Windows 11 Home/4 GB Graphics/NVIDIA GeFor...,Notebook,15.6,,,0,,Intel,Core i5,Intel Core i5 Processor (13th Gen),13th Gen,,,16,DDR4,512,SSD,,Intel,Intel Iris Xe Graphics,16,Integrated,Windows 11,,,1103.88,91990,INR,https://www.flipkart.com/hp-victus-intel-core-i5-13th-gen-13420h-16-gb-512-gb-ssd-windows-11-home-4-graphics-nvidia-geforce-rtx-2050-144-hz-15-fa2703tx-gaming-laptop/p/itm280d703c08614,2026-10-06T11:39:02.277106+00:00
Flipkart,HP,HP Pavilion AMD Ryzen 5 Hexa Core 5625U - (16 GB/512 GB SSD/Windows 11 Home) 14-EC1005AU Thin and Ligh...,Notebook,14,,,0,,AMD,Ryzen 5,5625U,Zen 3,,6,16,DDR4,512,SSD,,AMD,AMD Radeon Graphics,16,Integrated,Windows 11,,,887.99,73999,INR,https://www.flipkart.com/hp-pavilion-amd-ryzen-5-hexa-core-5625u-16-gb-512-gb-ssd-windows-11-home-14-ec1005au-thin-light-laptop/p/itm912983975b3d8,2026-10-06T11:39:02.277106+00:00
Flipkart,HP,HP 15s Intel Core i5 11th Gen 1135G7 - (8 GB/512 GB SSD/Windows 10 Home) 15s-FQ2535TU Thin and Light L...,Ultrabook,15.6,,,0,,Intel,Core i5,Intel Core i5 Processor (11th Gen),11th Gen,,,8,DDR4,512,SSD,,Intel,Intel Iris Xe Graphics,8,Integrated,Windows 10,,,739.91,61659,INR,https://www.flipkart.com/hp-15s-intel-core-i5-11th-gen-1135g7-8-gb-512-gb-ssd-windows-10-home-15s-fq2535tu-thin-light-laptop/p/itm129db83c32a71,2026-10-06T11:39:02.277106+00:00
Flipkart,HP,HP Victus Intel Core i5 14th Gen 14450HX - (24 GB/512 GB SSD/Windows 11 Home/6 GB Graphics/NVIDIA GeFo...,Notebook,15.6,,,0,,Intel,Core i5,Intel Core i5 Processor (14th Gen),14th Gen,,,24,DDR5,512,SSD,,Intel,Intel Iris Xe Graphics,24,Integrated,Windows 11,,,1506.92,125577,INR,https://www.flipkart.com/hp-victus-intel-core-i5-14th-gen-14450hx-24-gb-512-gb-ssd-windows-11-home-6-graphics-nvidia-geforce-rtx-4050-15-fa2382tx-gaming-laptop/p/itmc8b9497c77521,2026-10-06T11:39:02.277106+00:00
Flipkart,ASUS,ASUS Vivobook 16 Snapdragon X - (8 GB/256 GB SSD/Windows 11 Home) X1607QA-MB190WS Thin and Light Lapto...,Ultrabook,16,,,0,,Qualcomm,Snapdragon X,Processor,Snapdragon,,,8,LPDDR5X,256,SSD,,,,8,,Windows 11,,,755.88,62990,INR,https://www.flipkart.com/asus-vivobook-16-snapdragon-x-8-gb-256-gb-ssd-windows-11-home-x1607qa-mb190ws-thin-light-laptop/p/itmf77d6073d6c75,2026-10-06T11:39:02.277106+00:00
Flipkart,HP,HP Pavilion 14 Touchscreen Intel Core i5 12th Gen 1235U - (16 GB/512 GB SSD/Windows 11 Home) Pavilion ...,Notebook,14,,,1,,Intel,Core i5,Intel Core i5 Processor (12th Gen),12th Gen,,,16,DDR4,512,SSD,,Intel,Intel Iris Xe Graphics,16,Integrated,Windows 11,,,1144.79,95399,INR,https://www.flipkart.com/hp-pavilion-14-touchscreen-intel-core-i5-12th-gen-1235u-16-gb-512-gb-ssd-windows-11-home-14-dv2041tu-laptop/p/itm5b68c71d614ff,2026-10-06T11:39:02.277106+00:00
Flipkart,HP,HP HyperX Omen Intel Core 7 240H - (24 GB/1 TB SSD/Windows 11 Home/8 GB Graphics/NVIDIA GeForce RTX 50...,Notebook,15.3,,,0,,Intel,Core 7,240H,Raptor Lake Refresh,,,24,DDR5,1000,SSD,,Intel,Intel UHD Graphics,24,Integrated,Windows 11,,,2219.88,184990,INR,https://www.flipkart.com/hp-hyperx-omen-intel-core-7-240h-24-gb-1-tb-ssd-windows-11-home-8-gb-graphics-nvidia-geforce-rtx-5050-15-ga0054tx-gaming-laptop/p/itmd3b06c0e5a615,2026-10-06T11:39:02.277106+00:00
Flipkart,HP,HP Victus Intel Core i7 12th Gen 12650H - (16 GB/512 GB SSD/Windows 11 Home/4 GB Graphics/NVIDIA GeFor...,Notebook,15.6,,,0,,Intel,Core i7,Intel Core i7 Processor (12th Gen),12th Gen,,,16,DDR4,512,SSD,,Intel,Intel Iris Xe Graphics,16,Integrated,Windows 11,,,1199.88,99990,INR,https://www.flipkart.com/hp-victus-intel-core-i7-12th-gen-12650h-16-gb-512-gb-ssd-windows-11-home-4-graphics-nvidia-geforce-rtx-3050-15-fa0188tx-gaming-laptop/p/itm236b5aaa84afc,2026-10-06T11:39:02.277106+00:00
Flipkart,HP,HP AMD Ryzen 3 Quad Core - (8 GB/512 GB SSD/Windows 11 Home) 15-fc0025AU Thin and Light Laptop,Ultrabook,15.6,,,0,,AMD,Ryzen 3,,,,4,8,DDR4,512,SSD,,AMD,AMD Radeon Graphics,8,Integrated,Windows 11,,,634.69,52891,INR,https://www.flipkart.com/hp-amd-ryzen-3-quad-core-8-gb-512-gb-ssd-windows-11-home-15-fc0025au-thin-light-laptop/p/itm3f21e9fdfc42f,2026-10-06T11:39:02.277106+00:00
Flipkart,ASUS,ASUS Vivobook 15 (2026) Intel Core 3 100U - (16 GB/512 GB SSD/Windows 11 Home) X1504VAP-IN007WS Thin a...,Notebook,15.6,,,0,,Intel,Core 3,100U,Raptor Lake Refresh,,,16,DDR5,512,SSD,,Intel,Intel UHD Graphics,16,Integrated,Windows 11,,,1223.88,101990,INR,https://www.flipkart.com/asus-vivobook-15-2026-intel-core-3-100u-16-gb-512-gb-ssd-windows-11-home-x1504vap-in007ws-thin-light-laptop/p/itm8108c177e7037,2026-10-06T11:39:02.277106+00:00
Flipkart,Dell,DELL 15 AMD Ryzen 5 Quad Core 7520U - (8 GB/512 GB SSD/Windows 11 Home) DC15255 / 15 D15260 Thin and L...,Notebook,15.6,,,0,,AMD,Ryzen 5,7520U,Zen 4,,4,8,LPDDR5,512,SSD,,AMD,AMD Radeon Graphics,8,Integrated,Windows 11,,,641.88,53490,INR,https://www.flipkart.com/dell-15-amd-ryzen-5-quad-core-7520u-8-gb-512-gb-ssd-windows-11-home-dc15255-d15260-thin-light-laptop/p/itm8f051647982f9,2026-10-06T11:39:02.277106+00:00
Flipkart,HP,HP Pavilion AI PC Intel Core Ultra 5 125U - (16 GB/1 TB SSD/Windows 11 Home) 16-af0056TU Thin and Ligh...,Notebook,16,,,0,,Intel,Core Ultra 5,125U,Meteor Lake,,,16,LPDDR5,1000,SSD,,Intel,Intel UHD Graphics,16,Integrated,Windows 11,,,1105.00,92083,INR,https://www.flipkart.com/hp-pavilion-ai-pc-intel-core-ultra-5-125u-16-gb-1-tb-ssd-windows-11-home-16-af0056tu-thin-light-laptop/p/itmb12a25b64f62b,2026-10-06T11:39:02.277106+00:00
Flipkart,HP,HP Pavilion Eyesafe Intel Core i5 12th Gen 1240P - (16 GB/512 GB SSD/Windows 11 Home) EG2035TU/ 15-EG2...,Notebook,15.6,,,0,,Intel,Core i5,Intel Core i5 Processor (12th Gen),12th Gen,,,16,DDR4,512,SSD,,Intel,Intel Iris Xe Graphics,16,Integrated,Windows 11,,,959.99,79999,INR,https://www.flipkart.com/hp-pavilion-eyesafe-intel-core-i5-12th-gen-1240p-16-gb-512-gb-ssd-windows-11-home-eg2035tu-15-eg2035tu-thin-light-laptop/p/itmeb684934c1db3,2026-10-06T11:39:02.277106+00:00
Flipkart,ASUS,ASUS Vivobook Go 15 (2026) with Office 2024 + M365 Basic* AMD Ryzen 3 Quad Core 30 - (16 GB/512 GB SSD...,Notebook,15.6,,,0,,AMD,Ryzen 3,,,,4,16,DDR5,512,SSD,,AMD,AMD Radeon Graphics,16,Integrated,Windows 11,,,707.88,58990,INR,https://www.flipkart.com/asus-vivobook-go-15-2026-office-2024-m365-basic-amd-ryzen-3-quad-core-30-16-gb-512-gb-ssd-windows-11-home-e1504fa-bq3468ws-thin-light-laptop/p/itma87dd7c7161b4,2026-10-06T11:39:02.277106+00:00
Flipkart,HP,HP Omnibook 3 with MS Office 2024 AMD Ryzen 3 Quad Core 30 - (8 GB/512 GB SSD/Windows 11 Home) 14-hy00...,Notebook,14,,,0,,AMD,Ryzen 3,,,,4,8,LPDDR5,512,SSD,,AMD,AMD Radeon Graphics,8,Integrated,Windows 11,,,755.88,62990,INR,https://www.flipkart.com/hp-omnibook-3-ms-office-2024-amd-ryzen-quad-core-30-8-gb-512-gb-ssd-windows-11-home-14-hy0030au-laptop/p/itm5181e9120ddde,2026-10-06T11:39:02.277106+00:00
Flipkart,HP,HP 240 G10 (2025) Professional Intel Core i3 13th Gen 1315U - (8 GB/512 GB SSD/Windows 11 Home) 240 G1...,Notebook,14,,,0,,Intel,Core i3,Intel Core i3 Processor (13th Gen),13th Gen,,,8,DDR4,512,SSD,,Intel,Intel Iris Xe Graphics,8,Integrated,Windows 11,,,670.68,55890,INR,https://www.flipkart.com/hp-240-g10-2025-professional-intel-core-i3-13th-gen-1315u-8-gb-512-gb-ssd-windows-11-home-thin-light-laptop/p/itm18544aec3fcd1,2026-10-06T11:39:02.277106+00:00
Flipkart,HP,HP AMD Ryzen 5 Hexa Core - (8 GB/512 GB SSD/Windows 11 Home/8 GB Graphics) 15s- eq2182AU Thin and Ligh...,Notebook,39.62156,,,1,,AMD,Ryzen 5,,,,6,8,DDR4,512,SSD,,AMD,AMD Radeon Graphics,8,Integrated,Windows 11,,,707.88,58990,INR,https://www.flipkart.com/hp-amd-ryzen-5-hexa-core-8-gb-512-gb-ssd-windows-11-home-8-graphics-15s-eq2182au-thin-light-laptop/p/itmcee05fbc399c5,2026-10-06T11:39:02.277106+00:00
Flipkart,Dell,DELL Inspiron 3530 (2026) Intel Core i5 13th Gen 1334U - (8 GB/512 GB SSD/Windows 11 Home) Inspiron 35...,Notebook,15.6,,,0,,Intel,Core i5,Intel Core i5 Processor (13th Gen),13th Gen,,,8,DDR4,512,SSD,,Intel,Intel Iris Xe Graphics,8,Integrated,Windows 11,,,994.02,82835,INR,https://www.flipkart.com/dell-inspiron-3530-2026-intel-core-i5-13th-gen-1334u-8-gb-512-gb-ssd-windows-11-home-15-dc-15250-thin-light-laptop/p/itm672bf7685863c,2026-10-06T11:39:02.277106+00:00
Flipkart,HP,HP Envy x360 Intel Core i5 13th Gen 1335U - (16 GB/512 GB SSD/Windows 11 Home) 15-fe0028TU Laptop,2-in-1,15.6,,,1,,Intel,Core i5,Intel Core i5 Processor (13th Gen),13th Gen,,,16,LPDDR5,512,SSD,,Intel,Intel Iris Xe Graphics,16,Integrated,Windows 11,,,1307.68,108973,INR,https://www.flipkart.com/hp-envy-x360-intel-core-i5-13th-gen-1335u-16-gb-512-gb-ssd-windows-11-home-15-fe0028tu-laptop/p/itm31dac27f786c9,2026-10-06T11:39:02.277106+00:00
Flipkart,HP,HP Envy13 x360 bf0121tu Intel Core i5 12th Gen 1230U - (16 GB + 16 GB Optane/512 GB SSD/Windows 11 Hom...,2-in-1,33.78,,,1,,Intel,Core i5,Intel Core i5 Processor (12th Gen),12th Gen,,,16,LPDDR4X,512,SSD,,Intel,Intel Iris Xe Graphics,16,Integrated,Windows 11,,,1092.65,91054,INR,https://www.flipkart.com/hp-envy13-x360-bf0121tu-intel-core-i5-12th-gen-1230u-16-gb-16-optane-512-ssd-windows-11-home-13-bf0121tu-2-1-laptop/p/itm7c472a05300e5,2026-10-06T11:39:02.277106+00:00
Flipkart,HP,HP 240R G10 (2026) Professional (i3 14th Gen) Intel Core 3 14th Gen 100U - (8 GB/512 GB SSD/Windows 11...,Notebook,14,,,0,,Intel,Core 3,,14th Gen,,,8,DDR4,512,SSD,,Intel,Intel UHD Graphics,8,Integrated,Windows 11,,,680.76,56730,INR,https://www.flipkart.com/hp-240r-g10-2026-professional-i3-14th-gen-intel-core-3-gen-100u-8-gb-512-gb-ssd-windows-11-home-thin-light-laptop/p/itmb4a02cfb0fcdb,2026-10-06T11:39:02.277106+00:00
Flipkart,HP,HP Pavilion Intel Core i5 11th Gen 1155G7 - (8 GB/512 GB SSD/Windows 11 Home) 14-dv1000TU Thin and Lig...,Notebook,14,,,0,,Intel,Core i5,Intel Core i5 Processor (11th Gen),11th Gen,,,8,DDR4,512,SSD,,Intel,Intel Iris Xe Graphics,8,Integrated,Windows 11,,,910.79,75899,INR,https://www.flipkart.com/hp-pavilion-intel-core-i5-11th-gen-1155g7-8-gb-512-gb-ssd-windows-11-home-14-dv1000tu-thin-light-laptop/p/itm899171d7dd511,2026-10-06T11:39:02.277106+00:00
Flipkart,HP,HP HP Laptop Intel Core i3 13th Gen 1315U - (8 GB/512 GB SSD/Windows 11 Home) 15-fd0186TU Thin and Lig...,Notebook,15.6,,,0,,Intel,Core i3,Intel Core i3 Processor (13th Gen),13th Gen,,,8,DDR4,512,SSD,,Intel,Intel Iris Xe Graphics,8,Integrated,Windows 11,,,659.88,54990,INR,https://www.flipkart.com/hp-laptop-intel-core-i3-13th-gen-1315u-8-gb-512-gb-ssd-windows-11-home-15-fd0186tu-thin-light/p/itm4fc6159aa1303,2026-10-06T11:39:02.277106+00:00
Flipkart,HP,HP Pavilion x360 Intel Core i5 13th Gen 1335U - (16 GB/1 TB SSD/Windows 11 Home) 14-ek1010TU 2 in 1 La...,2-in-1,14,,,1,,Intel,Core i5,Intel Core i5 Processor (13th Gen),13th Gen,,,16,DDR4,1000,SSD,,Intel,Intel Iris Xe Graphics,16,Integrated,Windows 11,,,1241.04,103420,INR,https://www.flipkart.com/hp-pavilion-x360-intel-core-i5-13th-gen-1335u-16-gb-1-tb-ssd-windows-11-home-14-ek1010tu-2-1-laptop/p/itm21fc353b17eed,2026-10-06T11:39:02.277106+00:00
Amazon,ASUS,"ASUS Zenbook S14 (2026),Smartchoice,Intel Core Ultra 7 355 (Series 3),16GB RAM,512GB SSD,3K OLED,Touchscreen, 14""(35.5 cm),Win 11,M365 Basic(1Y),Office 24, Gray,1.2 Kg,UX5406AA-SU361WS,Copilot+ PC",Ultrabook,14.0,,OLED,1,,Intel,Core Ultra 7,355,Panther Lake,,,16,,512,SSD,,Intel,Intel UHD Graphics,16,Integrated,Windows 11,1.2,,2015.88,167990,INR,https://www.amazon.in/dp/B0GTVQNFZP,2026-10-06T11:39:02.277106+00:00
Amazon,ASUS,"ASUS Zenbook 14 (2026),Smartchoice,Intel Core Ultra 9 285H,Intel Arc iGPU,16GB RAM,512GB SSD,OLED,Touch Screen,14""(35.5 cm),Win 11,M365 Basic(1Y),Office 24,Silver,1.28 Kg,UX3405CA-QL1692WS,AI Laptop",Ultrabook,14.0,,OLED,1,,Intel,Core Ultra 9,285H,Arrow Lake,,,16,,512,SSD,,Intel,Arc iGPU,16,Alchemist,Windows 11,1.28,,1763.88,146990,INR,https://www.amazon.in/dp/B0H8P96YRY,2026-10-06T11:39:02.277106+00:00
Amazon,HP,"HP 15, AMD Ryzen 3 7320U (8GB LPDDR4, 512GB SSD) FHD, Micro-Edge, 15.6""/39.6cm, Win 11, M365 Basic(1yr), Office24, Silver, 1.59kg, fc0499AU, AMD Radeon Graphics, 1080p FHD Camera Laptop",Notebook,15.6,1920x1080,,0,,AMD,Ryzen 3,7320U,Zen 4,,,8,LPDDR4,512,SSD,,AMD,Graphics,8,Integrated,Windows 11,1.59,,586.20,48850,INR,https://www.amazon.in/dp/B0D3HG5CMG,2026-10-06T11:39:02.277106+00:00
Amazon,HP,"HP Professional 15 (2026), Intel (i3 14th Gen) Core 3 100U - (8 GB DDR5/512 GB SSD/Intel UHD Graphics) - Thin & Light Business Laptop/15.6"" FHD/Fingerprint/Silver/1.5kg",Ultrabook,15.6,3840x2160,,0,,Intel,Core 3,100U,14th Gen,,,8,DDR5,512,SSD,,Intel,UHD Graphics,8,Integrated,,1.5,,571.80,47650,INR,https://www.amazon.in/dp/B0GHSYD43X,2026-10-06T11:39:02.277106+00:00
Amazon,Apple,"Apple 2026 MacBook Air 13″ Laptop with M5 chip: AI and Apple Intelligence, 34.46 cm (13.6″) Liquid Retina Display, 16GB Unified Memory, 1TB SSD Storage, 12MP Center Stage Camera, Touch ID; Silver",Ultrabook,,,Retina,1,,Intel,,,,,,16,,1000,SSD,,Intel,Intel UHD Graphics,16,Integrated,macOS,,,2069.88,172490,INR,https://www.amazon.in/dp/B0GR177QCS,2026-10-06T11:39:02.277106+00:00
Amazon,Apple,"Apple 2026 MacBook Neo 13″ Laptop with A18 Pro chip: Built for AI and Apple Intelligence, Liquid Retina Display, 8GB Unified Memory, 256GB SSD Storage, 1080p FaceTime HD Camera; Indigo",Ultrabook,,1366x768,Retina,0,,Intel,,,,,,8,,256,SSD,,Intel,HD Graphics,8,Integrated,macOS,,,911.88,75990,INR,https://www.amazon.in/dp/B0GR64G4H6,2026-10-06T11:39:02.277106+00:00
Amazon,Lenovo,Lenovo V15 G4 AMD Ryzen 5 7520U 15.6 inch FHD Laptop,Notebook,15.6,1920x1080,,0,,AMD,Ryzen 5,7520U,Zen 4,,,,,,,,AMD,AMD Radeon Graphics,,Integrated,,,,694.20,57850,INR,https://www.amazon.in/dp/B0F29HNJL1,2026-10-06T11:39:02.277106+00:00
Amazon,HP,"HP Victus, Intel Core 5 210H, 4GB RTX 3050 A (24GB DDR5, 512GB SSD) FHD, 144Hz, 300 nits, IPS, 15.6''/39.6 cm, Win11, M365* Office24, Mica Silver, 2.29kg, fa2500TX, Backlit, Gaming Laptop",Gaming,,1920x1080,IPS,0,144,Intel,Core 5,210H,Raptor Lake Refresh,,,24,DDR5,512,SSD,,Nvidia,RTX 3050,4,Ampere,,2.29,,1115.88,92990,INR,https://www.amazon.in/dp/B0GTV5WMSD,2026-10-06T11:39:02.277106+00:00
Amazon,HP,"HP 15,(i3 14th Gen) Intel Core 3 100U (8GB DDR5, 512GB SSD) Micro-edge, Anti-Glare, 15.6''/39.6cm, Win11, M365* Office24, Silver, 1.59kg, fd1225tu/fd1145/fd1668/fd1652, FHD Camera,Dual speakers Laptop",Notebook,,1920x1080,Anti-Glare,0,,Intel,Core 3,100U,14th Gen,,,8,DDR5,512,SSD,,Intel,HD Graphics,8,Integrated,,1.59,,743.88,61990,INR,https://www.amazon.in/dp/B0G8HBRT27,2026-10-06T11:39:02.277106+00:00
Amazon,ASUS,"ASUS Vivobook 16 (2026),Intel Core Ultra 5 225H,Intel iGPU,16GB RAM (Upgradeable),512GB SSD,FHD+,16""(40 cm),Windows 11 Home,M365 Basic(1 Year),Office 2024,Quiet Blue,1.88 kg,X1607CA-MB349WS,AI Laptop",Notebook,16.0,1920x1080,,0,,Intel,Core Ultra 5,225H,Arrow Lake,,,16,,512,SSD,,Intel,HD Graphics,16,Integrated,Windows 11,1.88,,1103.88,91990,INR,https://www.amazon.in/dp/B0H8P8M4VL,2026-10-06T11:39:02.277106+00:00
Amazon,Acer,"Acer Aspire Lite, AMD Ryzen 3-5400U, 8GB RAM/256GB SSD, Full HD IPS, 15.6""/39.62 cm, Windows 11 Home, Steel Gray, 1.59 KG, AL15-41, Metal Body, Premium Thin and Light Laptop",Ultrabook,15.6,1920x1080,IPS,0,,AMD,Ryzen 3,5400U,Zen 3,,,8,,256,SSD,,AMD,AMD Radeon Graphics,8,Integrated,Windows 11,1.59,,479.88,39990,INR,https://www.amazon.in/dp/B0H8NKM98J,2026-10-06T11:39:02.277106+00:00
Amazon,,"EBook 11.6"" HD Laptop | Best Student & Office Work Laptop | Celeron N4020 | 4GB DDR4 | 128GB eMMC + M.2 SSD Expandable Slot | Win 11 Home |31Wh Battery | UHD Graphics 600 | Black",Notebook,11.6,3840x2160,,0,,Intel,Celeron,N4020,Budget,,,4,DDR4,128,EMMC,,Intel,HD Graphics,4,Integrated,Windows 11,,,155.88,12990,INR,https://www.amazon.in/dp/B0G2MT8YVV,2026-10-06T11:39:02.277106+00:00
Amazon,Acer,"Acer Smartchoice Aspire One, Intel Core Celeron N4500, 8GB LPDDR4 RAM/ 256GB SSD, 14.0""/35.56cm WXGA Display, Intel UHD Graphics, Win 11 Home, Pure Silver, 1.3 Kg, A114-45, Thin and Light Laptop",Ultrabook,14.0,3840x2160,,0,,Intel,Celeron,N4500,Budget,,,8,LPDDR4,256,SSD,,Intel,UHD Graphics,8,Integrated,Windows 11,1.3,,407.88,33990,INR,https://www.amazon.in/dp/B0H8S8QYXF,2026-10-06T11:39:02.277106+00:00
Amazon,Lenovo,"Lenovo IdeaPad Slim 3 13th Gen Core i7-13620H 15.3"" (38.8cm) WUXGA IPS Laptop (16GB RAM/1TB SSD/Win 11/Office 2024/Backlit/1Yr ADP Free/Top Metal Cover & IR Camera/Grey/1.6Kg), 83K100TDIN",Ultrabook,15.3,1920x1200,IPS,0,,Intel,Core i7,13620H,13th Gen,,,16,,1000,SSD,,Intel,Intel Iris Xe Graphics,16,Integrated,Windows 11,1.6,,1199.88,99990,INR,https://www.amazon.in/dp/B0G48KV4YP,2026-10-06T11:39:02.277106+00:00
Amazon,Dell,"DELL PRO 15 (2026) AMD Ryzen 5 Quad Core 7520U - (8 GB LPDDR5/512 GB SSD/AMD Radeon 610M Graphics/Windows 11 Home) Thin & Light Business Laptop/15.6"" FHD Display/Backlit/Black/1.5 kg/MS Office 2024",Ultrabook,15.6,1920x1080,,0,,AMD,Ryzen 5,7520U,Zen 4,,4,8,LPDDR5,512,SSD,,AMD,610M Graphics,8,Integrated,Windows 11,1.5,,587.76,48980,INR,https://www.amazon.in/dp/B0HL4SWQLX,2026-10-06T11:39:02.277106+00:00
Amazon,HP,"HP Professional 14 (2026), Intel (i7 14th Gen) Core 7 150U - (32 GB/512 GB SSD/Intel Iris Xe Graphic/Windows 11 Pro) Business Laptop/14.0"" FHD/Backlit + Fingerprint/Silver/Copilot Key/1.4kg/MSO 2024",Notebook,14.0,1920x1080,,0,,Intel,Core 7,150U,14th Gen,,,32,,512,SSD,,Intel,Iris Xe,32,Integrated,Windows 11,1.4,,1108.68,92390,INR,https://www.amazon.in/dp/B0H93ZTLXN,2026-10-06T11:39:02.277106+00:00
Amazon,Lenovo,"Lenovo V15 Intel Core i7 13th Gen 13620H 15.6"" FHD Display Laptop",Notebook,15.6,1920x1080,,0,,Intel,Core i7,,13th Gen,,,,,,,,Intel,HD Graphics,,Integrated,,,,908.28,75690,INR,https://www.amazon.in/dp/B0H939ZZRM,2026-10-06T11:39:02.277106+00:00
Amazon,HP,"HP 15 (i5 14th Gen), Intel Core 5, 16GB RAM (Upgradeable), 512GB SSD, FHD, Anti-Glare, 15.6''/39.6cm, Win11, M365 Basic(1yr), Office24, Silver,1.59kg, fd0682tu, FHD Camera w/Shutter, Backlit Laptop",Notebook,,1920x1080,Anti-Glare,0,,Intel,Core 5,,14th Gen,,,16,,512,SSD,,Intel,HD Graphics,16,Integrated,,1.59,,899.88,74990,INR,https://www.amazon.in/dp/B0FFTLRYRV,2026-10-06T11:39:02.277106+00:00
Amazon,HP,"HP Professional 14 (2026), Intel (i5 14th Gen) Core 5 120U - (16 GB/512 GB SSD/Intel Iris Xe Graphics/Windows 11 Pro) Business Laptop/14.0"" FHD/Backlit + FingerPrint/Silver/Copilot Key/1.4kg/MS Office",Notebook,14.0,1920x1080,,0,,Intel,Core 5,120U,14th Gen,,,16,,512,SSD,,Intel,Iris Xe,16,Integrated,Windows 11,1.4,,897.24,74770,INR,https://www.amazon.in/dp/B0GQ1513LK,2026-10-06T11:39:02.277106+00:00
Amazon,Lenovo,"Lenovo 15 (2026), Intel Core i3 13th Gen 1315U - (8 GB DDR5/512 GB SSD/Intel UHD Graphics/Windows 11 Pro) Thin and Light Business Laptop/15.6"" FHD Display/Copilot Key/Luna Grey/1.6 kg/MS Office 2024",Ultrabook,15.6,3840x2160,,0,,Intel,Core i3,,13th Gen,,,8,DDR5,512,SSD,,Intel,UHD Graphics,8,Integrated,Windows 11,1.6,,598.20,49850,INR,https://www.amazon.in/dp/B0GHQ3F9MM,2026-10-06T11:39:02.277106+00:00
Amazon,Lenovo,"Lenovo IdeaPad 1 AMD Ryzen 5 5500U 15.6"" HD Thin and Light Laptop (8GB RAM/512GB SSD/Windows 11 Home/Office Home 2024/1 Year ADP Free/Grey/1.6Kg), 82R4011MIN",Ultrabook,15.6,1366x768,,0,,AMD,Ryzen 5,5500U,Zen 3,,,8,,512,SSD,,AMD,AMD Radeon Graphics,8,Integrated,Windows 11,1.6,,660.00,55000,INR,https://www.amazon.in/dp/B09MM58Y7Q,2026-10-06T11:39:02.277106+00:00
Amazon,ASUS,"ASUS Zenbook S14 (2026),Smartchoice,Intel Core Ultra 9 (Series 3),16GB RAM,512GB SSD, 3K OLED,Touchscreen, 14""(35.5 cm),Win 11,M365 Basic(1Y),Office 2024,Gray, 1.2 Kg, UX5406AA-SU362WS, Copilot+ PC",Ultrabook,14.0,,OLED,1,,Intel,Core Ultra 9,,Meteor Lake,,,16,,512,SSD,,Intel,Intel UHD Graphics,16,Integrated,Windows 11,1.2,,2231.88,185990,INR,https://www.amazon.in/dp/B0GTVH2R2Q,2026-10-06T11:39:02.277106+00:00
Amazon,Lenovo,"Lenovo V14, Intel Core i5-13420H, 8GB RAM, 512GB SSD, FHD 14” (35.56cm), Windows 11 Home, Luna Grey, 1.37Kg, 83GUA052IG, 250 Nits, 1Y Onsite Warranty, Laptop",Notebook,,1920x1080,,0,,Intel,Core i5,13420H,13th Gen,,,8,,512,SSD,,Intel,HD Graphics 14,8,Integrated,Windows 11,1.37,,696.00,58000,INR,https://www.amazon.in/dp/B0GN98J51X,2026-10-06T11:39:02.277106+00:00
Amazon,,"𝗟𝗲𝗻𝗼𝘃𝗼Model E495 𝗔𝗠𝗗𝗥𝗬𝗭𝗘𝗡 𝟱 |8GB DDR4 RAM |256GB SSD |14"" FHD Display | Win10 | A+ Condition Laptop (Refab)",Notebook,14.0,1920x1080,,0,,,,,,,,8,DDR4,256,SSD,,,,8,,,,,287.94,23995,INR,https://www.amazon.in/dp/B0HCVWNV8W,2026-10-06T11:39:02.277106+00:00
Amazon,HP,"HP 15, (i3 14th Gen) Intel Core 3 100U (8GB DDR5, 512GB SSD), Win11, M365* Office24, Micro-Edge, Anti-Glare,15.6''/39.6cm,Silver, 1.59kg,FHD Camera with Privact Shutter, Dual Speakers Laptop-fd0883TU",Notebook,,1920x1080,Anti-Glare,0,,Intel,Core 3,100U,14th Gen,,,8,DDR5,512,SSD,,Intel,HD Graphics,8,Integrated,,1.59,,664.91,55409,INR,https://www.amazon.in/dp/B0D2642MBF,2026-10-06T11:39:02.277106+00:00
Amazon,HP,"HP 15 Laptop | Intel Core i5-13420H,13th Gen |16GB RAM | 512GB SSD | Win 11 |M365 Basic(1yr)* Office24|Anti-Glare, Micro-Edge, 15.6''/39.6cm|Backlit KB|FHD Camera w/Shutter|1.65kg, Silver -FR0045TU",Notebook,,1920x1080,Anti-Glare,0,,Intel,Core i5,13420H,13th Gen,,,16,,512,SSD,,Intel,HD Graphics,16,Integrated,Windows 11,1.65,,899.88,74990,INR,https://www.amazon.in/dp/B0GD81XSSP,2026-10-06T11:39:02.277106+00:00
Amazon,Dell,"Dell 15 SmartChoice (Previously Inspiron), Intel 13th Gen Core i5-1334U, 16GB, 1TB SSD, FHD,15.6""/39.62cm, Win 11, MSO'24, Silver, 1.62kg, [Dell 15], 12 Month McAfee, Backlit KB, Thin & Light Laptop",Ultrabook,15.6,1920x1080,,0,,Intel,Core i5,1334U,13th Gen,,,16,,1000,SSD,,Intel,HD Graphics,16,Integrated,Windows 11,1.62,,923.88,76990,INR,https://www.amazon.in/dp/B0DSFQZTVW,2026-10-06T11:39:02.277106+00:00
Amazon,ASUS,"ASUS Zenbook S14 (2026),Smartchoice,Intel Core Ultra 5 226V,Intel Arc iGPU,16GB/512GB,3K OLED,Touchscreen,14""(35.5 cm),Windows 11,M365 Basic(1Y),Office 2024,Gray,1.2 Kg,UX5406SA-PZ658WS,Copilot+ PC",Ultrabook,14.0,,OLED,1,,Intel,Core Ultra 5,226V,Arrow Lake,,,16,,512,SSD,,Intel,Arc iGPU,16,Alchemist,Windows 11,1.2,,1619.88,134990,INR,https://www.amazon.in/dp/B0GXJYZ4X8,2026-10-06T11:39:02.277106+00:00
Amazon,HP,"HP Professional 15 (2026), Intel (i5 14th Gen) Core 5 120U - (8 GB DDR5/512 GB SSD/Intel Iris Xe Graphics/Windows 11 Pro) Business Laptop/15.6"" FHD/Backlit + Fingerprint/Silver/Copilot/1.5kg/MSO 2024",Notebook,15.6,1920x1080,,0,,Intel,Core 5,120U,14th Gen,,,8,DDR5,512,SSD,,Intel,Iris Xe,8,Integrated,Windows 11,1.5,,758.40,63200,INR,https://www.amazon.in/dp/B0HGS85ZXX,2026-10-06T11:39:02.277106+00:00
Amazon,,"𝗗𝗲𝗹𝗹ModeI 5400 Touch Laptop | i7 8th Gen | 8GB DDR4 RAM | 256GB SSD | 14"" FHD Touchscreen Display | Win 10 | A+ Condition (PRE-Owned & Tested)",Notebook,14.0,1920x1080,,1,,,,,8th Gen,,,8,DDR4,256,SSD,,,,8,,Windows 10,,,375.59,31299,INR,https://www.amazon.in/dp/B0HHHSPK32,2026-10-06T11:39:02.277106+00:00
Amazon,ASUS,"ASUS TUF A15 (2026),Smartchoice,AMD Ryzen 7 8845HS,RTX 3050,16GB RAM (Upgradeable Upto 64GB),512GB SSD,FHD,15.6""(39.6 cm),Win 11,M365 Basic(1Y),Office 24,Black,2.3 Kg,FA506NCG-HN192WS,Gaming Laptop",Gaming,15.6,1920x1080,,0,,Intel,,,,,,16,,64,SSD,512,Nvidia,RTX 3050,16,Ampere,Windows 11,2.3,,1259.88,104990,INR,https://www.amazon.in/dp/B0H25X3W7F,2026-10-06T11:39:02.277106+00:00
Amazon,Dell,"Dell Alienware 15 Gaming Laptop, AMD Ryzen R5 220 Processor, NVIDIA GeForce RTX 4050 6GB, 16GB RAM, 512GB SSD, 15.3"" WUXGA 300 nits Display, Alienware Backlit Keyboard, Win 11 + Office H&S'24, 2.25kg",Gaming,15.3,1920x1200,,0,,AMD,,,,,,16,,512,SSD,,Nvidia,RTX 4050,6,Ada Lovelace,Windows 11,2.25,,1547.88,128990,INR,https://www.amazon.in/dp/B0H4QMDD6J,2026-10-06T11:39:02.277106+00:00
Amazon,HP,"HP Professional 15 (2026), Intel (i7 14th Gen) Core 7 150U - (16 GB/512 GB SSD/Intel Iris Xe Graphic/Windows 11 Pro) Business Laptop/15.6"" FHD/Backlit + Fingerprint/Silver/Copilot Key/1.5kg/MSO 2024",Notebook,15.6,1920x1080,,0,,Intel,Core 7,150U,14th Gen,,,16,,512,SSD,,Intel,Iris Xe,16,Integrated,Windows 11,1.5,,949.08,79090,INR,https://www.amazon.in/dp/B0GFNW9S11,2026-10-06T11:39:02.277106+00:00
Amazon,,𝗟𝗲𝗻𝗼𝘃𝗼Model L490 Laptop | i5 8th Gen | 8GB RAM | Fast 256GB SSD | 14-inch FHD| Win 10 pro | A+ Condition Laptop (Tested & Pre-Owned),Notebook,,1920x1080,,0,,,,,8th Gen,,,8,,256,SSD,,,,8,,Windows 10,,,317.99,26499,INR,https://www.amazon.in/dp/B0HL4FCY44,2026-10-06T11:39:02.277106+00:00
Amazon,HP,"HP 14, Intel Core 5-120U (16GB DDR4, 512GB SSD), FHD, Micro -Edge, Anti-Glare, 14''/35.6cm, Win11, M365* Office24, Silver, 1.41kg, ep0385tu, FHD Camera, Iris Xe Graphics, Backlit Laptop",Notebook,,1920x1080,Anti-Glare,0,,Intel,Core 5,120U,Raptor Lake Refresh,,,16,DDR4,512,SSD,,Intel,Iris Xe,16,Integrated,,1.41,,875.88,72990,INR,https://www.amazon.in/dp/B0FPGGPPM7,2026-10-06T11:39:02.277106+00:00
Amazon,Dell,"DELL PRO 15 (2026), Intel (i3 14th Gen) Core 3 100U - (8 GB DDR5/512 GB SSD/Intel UHD Graphics/Windows 11 Pro) Thin & Light Business Laptop/15.6"" FHD Display/Black/1.5 kg/MS Office 2024",Ultrabook,15.6,3840x2160,,0,,Intel,Core 3,100U,14th Gen,,,8,DDR5,512,SSD,,Intel,UHD Graphics,8,Integrated,Windows 11,1.5,,597.36,49780,INR,https://www.amazon.in/dp/B0HKV7SHG3,2026-10-06T11:39:02.277106+00:00
Amazon,ASUS,"ASUS Vivobook Go 14 (2026),AMD Ryzen 3 30 Processor,AMD Radeon iGPU,8GB RAM,512GB SSD,FHD,14"" (35.5 cm),Windows 11,M365 Basic(1Y)* Office 2024,Mixed Black,1.38 Kg,E1404FA-EB1414WS,Thin & Light Laptop",Ultrabook,14.0,1920x1080,,0,,AMD,Ryzen 3,,,,,8,,512,SSD,,AMD,iGPU,8,Integrated,Windows 11,1.38,,587.88,48990,INR,https://www.amazon.in/dp/B09BB7XMWQ,2026-10-06T11:39:02.277106+00:00
Amazon,HP,"HP Omen Smartchoice, Intel Core Ultra 9 285H, 8GB RTX 5070, 32GB DDR5, 1TB SSD, 165Hz, 2k WUXGA, 3ms, 400 nits, 16''/40.6cm, Win11, Office24, Black, 2.42kg, an0012TX, Unleashed Mode, AI Gaming Laptop",Gaming,,2560x1440,,0,165,Intel,Core Ultra 9,285H,Arrow Lake,,,32,DDR5,1000,SSD,,Nvidia,RTX 5070,8,Blackwell,,2.42,,3119.88,259990,INR,https://www.amazon.in/dp/B0FMFMQZFX,2026-10-06T11:39:02.277106+00:00
Amazon,Acer,"Acer Aspire 3 Laptop Intel Core Celeron N4500 Processor Laptop (8 GB LPDDR4X SDRAM/256 GB SSD/Win11 Home/38 WHR/HD Webcam) A325-45 with 39.63 cm (15.6"") HD Display, Pure Silver, 1.5 KG",Notebook,15.6,1366x768,,0,,Intel,Celeron,N4500,Budget,,,8,LPDDR4X,256,SSD,,Intel,HD Graphics,8,Integrated,,1.5,,426.00,35500,INR,https://www.amazon.in/dp/B0D7PTFFZH,2026-10-06T11:39:02.277106+00:00
Amazon,,𝗟𝗲𝗻𝗼𝘃𝗼Model L490 Laptop| Core i5 8th Gen | 8GB Fast RAM |Fast 512GB SSD | 14-inch HD Display Win 10| (Pre-Owned & Tested),Notebook,,1366x768,,0,,Intel,Core i5,,8th Gen,,,8,,512,SSD,,Intel,Intel Iris Xe Graphics,8,Integrated,Windows 10,,,347.99,28999,INR,https://www.amazon.in/dp/B0HJCN4G51,2026-10-06T11:39:02.277106+00:00
Amazon,,"𝗗𝗲𝗹𝗹ModeI 5420 Touch Laptop | Core i5 11th Gen (1145g7) | Fast 8GB DDR4 RAM | 256GB SSD | 14"" Full HD| Win 10 Pro |UHD Graphics 620 | Seller Warranty | (Pre-Owned & Tested)",Notebook,14.0,3840x2160,,1,,Intel,Core i5,,11th Gen,,,8,DDR4,256,SSD,,Intel,HD Graphics,8,Integrated,Windows 10,,,415.19,34599,INR,https://www.amazon.in/dp/B0HGM9DT58,2026-10-06T11:39:02.277106+00:00
Amazon,ASUS,"ASUS Vivobook 14,Smartchoice,AMD Ryzen AI 5 330,16GB RAM,512GB SSD, FHD+ 14"", Win11,Office24,M365 Basic (1Yr)*, Cool Silver,1.46Kg,M1407KA-LY131WS, AMD Radeon iGPU, 50 Tops,Next-Gen AI Laptop,Copilot+",Notebook,14.0,1920x1080,,0,,AMD,Ryzen AI 5,330,Zen 5 (Strix),,,16,,512,SSD,,AMD,iGPU,16,Integrated,,1.46,,851.88,70990,INR,https://www.amazon.in/dp/B0FMRVXBRJ,2026-10-06T11:39:02.277106+00:00
Amazon,Dell,"Dell 15 Laptop DC15250-15.6-inch FHD 120Hz Display, 13th Gen Intel Core i7-1355U, 16GB DDR4 RAM, 512GB SSD, Intel UHD Graphics, Windows 11 Home, Onsite Service - Platinum Silver",Notebook,,3840x2160,,0,120,Intel,Core i7,1355U,13th Gen,,,16,DDR4,512,SSD,,Intel,HD Graphics 120,16,Integrated,Windows 11,,,1049.88,87490,INR,https://www.amazon.in/dp/B0FC2TJX5N,2026-10-06T11:39:02.277106+00:00
Amazon,HP,"HP Professional 15 (2026), Intel (i7 14th Gen) Core 7 150U - (32 GB/512 GB SSD/Intel Iris Xe Graphic/Windows 11 Pro) Business Laptop/15.6"" FHD/Backlit + Fingerprint/Silver/Copilot Key/1.5kg/MSO 2024",Notebook,15.6,1920x1080,,0,,Intel,Core 7,150U,14th Gen,,,32,,512,SSD,,Intel,Iris Xe,32,Integrated,Windows 11,1.5,,1118.28,93190,INR,https://www.amazon.in/dp/B0H93MYR9Z,2026-10-06T11:39:02.277106+00:00
Amazon,ASUS,"ASUS Vivobook S14, Intel Core Ultra 5 225H, Intel iGPU,16GB RAM,512GB SSD, FHD+,14"",60Hz,Windows 11,M365 Basic (1Year)*,Office Home 2024,Cool Silver,1.4 Kg, S3407CA-LY060WS, Metallic Design Laptop",Notebook,14.0,1920x1080,,0,60,Intel,Core Ultra 5,225H,Arrow Lake,,,16,,512,SSD,,Intel,HD Graphics,16,Integrated,Windows 11,1.4,,1115.88,92990,INR,https://www.amazon.in/dp/B0F9YFTS75,2026-10-06T11:39:02.277106+00:00
Amazon,HP,"HP 15, 13th Gen Intel Core i3-1315U Laptop (8GB DDR4, 512GB SSD) Anti-Glare, Micro-Edge, 15.6""/39.6cm, FHD, Win 11, MSO 21, Silver, 1.59kg, Intel UHD Graphics, 1080p FHD Camera, 15-fd0465TU",Notebook,15.6,3840x2160,Anti-Glare,0,,Intel,Core i3,1315U,13th Gen,,,8,DDR4,512,SSD,,Intel,HD Graphics,8,Integrated,Windows 11,1.59,,667.20,55600,INR,https://www.amazon.in/dp/B0D2KDCWJL,2026-10-06T11:39:02.277106+00:00
Amazon,Primebook,"Primebook 2 Pro (2026) | 8GB RAM, 128GB UFS Storage | 14.1-Inch FHD IPS Display | 14 Hours Battery | MediaTek Helio G99 | Android 15 (PrimeOS 3.0) | Backlit Keyboard | in-Built AI (Gray)",Notebook,,1920x1080,IPS,0,,,,,,,,8,,128,SSD,,,,8,,,,,323.87,26989,INR,https://www.amazon.in/dp/B0FFM8M9B5,2026-10-06T11:39:02.277106+00:00
Amazon,HP,"HP Smartchoice Victus, AMD Ryzen 7 7445HS, 6GB RTX 3050, 16GB DDR5(Upgradeable) 512GB SSD, 144Hz, 300 nits, 15.6''/39.6cm, Win 11, Office 24, Blue, 2.29kg, fb3134/20ax, Xbox Gamepass*, Gaming Laptop",Gaming,,,,0,144,AMD,Ryzen 7,7445HS,Zen 4,,,16,DDR5,512,SSD,,Nvidia,RTX 3050,6,Ampere,Windows 11,2.29,,1283.88,106990,INR,https://www.amazon.in/dp/B0GWQ7MQ1Q,2026-10-06T11:39:02.277106+00:00
Amazon,ASUS,"ASUS Vivobook 15 (2026),Intel Core 3 100U (i3-14th Gen), Intel iGPU, 8GB/512GB,FHD,15.6""(39.6 cm),Windows 11,M365 Basic(1 Year)* Office 2024,Cool Silver,1.7 Kg, X1504VAP-BQ1321WS,Thin & Light Laptop",Ultrabook,15.6,1920x1080,,0,,Intel,Core 3,100U,14th Gen,,,8,,512,SSD,,Intel,HD Graphics,8,Integrated,Windows 11,1.7,,651.60,54300,INR,https://www.amazon.in/dp/B09BB8DQKN,2026-10-06T11:39:02.277106+00:00
Amazon,ASUS,"ASUS Vivobook 16 (2026),Smartchoice,Intel Core Ultra 5 325 (Series 3),16GB RAM,512GB SSD,FHD+, 16""(40 cm),Win 11 Home,M365 Basic(1 Year),Office 2024,Cool Silver,1.88 kg, X1607AA-MB038WS, Copilot+ PC",Notebook,16.0,1920x1080,,0,,Intel,Core Ultra 5,325,Panther Lake,,,16,,512,SSD,,Intel,HD Graphics,16,Integrated,Windows 11,1.88,,1139.88,94990,INR,https://www.amazon.in/dp/B0GTW3GBTV,2026-10-06T11:39:02.277106+00:00
Amazon,Dell,"Dell 15 Ai Powered Laptop, Intel® Core™ Ultra 7 255H Processor, 16GB DDR5 RAM, 512GB SSD, 15.6"" FHD Anti-Glare Display, Backlit Keyboard, Dedicated Copilot Key, Silver, Win11 Home + MSO H&S'24, 1.66kg",Notebook,15.6,1920x1080,Anti-Glare,0,,Intel,,,,,,16,DDR5,512,SSD,,Intel,HD Graphics,16,Integrated,,1.66,,1247.88,103990,INR,https://www.amazon.in/dp/B0GWHFCN1H,2026-10-06T11:39:02.277106+00:00
Amazon,Acer,"Acer Aspire Lite, AMD Ryzen 3 7330U Processor, 8 GB RAM, 512 GB SSD, Full HD, 15.6""/39.62cm, Windows 11 Home, Steel Gray, 1.6KG, AL15-41, Metal Body, Premium Thin and Light Laptop",Ultrabook,15.6,1920x1080,,0,,AMD,Ryzen 3,7330U,Zen 4,,,8,,512,SSD,,AMD,AMD Radeon Graphics,8,Integrated,Windows 11,1.6,,538.68,44890,INR,https://www.amazon.in/dp/B0CWTSF1TK,2026-10-06T11:39:02.277106+00:00
Amazon,HP,"HP Professional 14 (2026), Intel (i7 14th Gen) Core 7 150U - (16 GB/512 GB SSD/Intel Iris Xe Graphic/Windows 11 Pro) Business Laptop/14.0"" FHD/Backlit + Fingerprint/Silver/Copilot Key/1.4kg/MSO 2024",Notebook,14.0,1920x1080,,0,,Intel,Core 7,150U,14th Gen,,,16,,512,SSD,,Intel,Iris Xe,16,Integrated,Windows 11,1.4,,953.88,79490,INR,https://www.amazon.in/dp/B0H93RDLJQ,2026-10-06T11:39:02.277106+00:00
Amazon,ASUS,"ASUS Vivobook 16, Snapdragon X, 16GB RAM, 512GB SSD, FHD+ 16"" (40 cm),Windows 11, Office Home 2024, Cool Silver, 1.88kg, Qualcomm Adreno iGPU, 45TOPS, M365 Basic(1Year),X1607QA-MB050WS,AI Laptop",Notebook,16.0,1920x1080,,0,,Apple,M3,M3,M3,,,16,,512,SSD,,Apple,M3  GPU,16,M3,Windows 11,1.88,,827.88,68990,INR,https://www.amazon.in/dp/B0DX1TJXRD,2026-10-06T11:39:02.277106+00:00
Amazon,Lenovo,"Lenovo ThinkBook 16, Intel Core Ultra 9 185H, 16GB RAM, 512GB SSD, WUXGA IPS 16” (40.64cm), Win 11 Home, Arctic Grey, 1.7Kg, 21SKA0J5IG, Fingerprint, Backlit, 300 Nits, 1Y Warranty, AI Powered Laptop",Notebook,,1920x1200,IPS,0,,Intel,Core Ultra 9,185H,Meteor Lake,,,16,,512,SSD,,Intel,Intel UHD Graphics,16,Integrated,Windows 11,1.7,,1187.88,98990,INR,https://www.amazon.in/dp/B0GRHZDJBJ,2026-10-06T11:39:02.277106+00:00
Amazon,HP,"HP 15, Intel Core Ultra 5 125H (16GB DDR5, 1TB SSD) FHD, IPS, 15.6''/39.6cm, Win11, M365 Basic(1yr)*Office24, Silver, 1.65kg, fd1255TU, Intel Arc Graphics, FHD Camera w/Shutter, AI Powered Laptop",Notebook,,1920x1080,IPS,0,,Intel,Core Ultra 5,125H,Meteor Lake,,,16,DDR5,1000,SSD,,Intel,Arc Graphics,16,Alchemist,,1.65,,1055.88,87990,INR,https://www.amazon.in/dp/B0GZWTMYV9,2026-10-06T11:39:02.277106+00:00
Amazon,,"𝗛𝗣𝗲𝗹𝗶𝘁𝗲𝗯𝗼𝗼𝗸 840 G8 Business Laptop | Core i5 11th Gen - 14"" FHD Display | 8GB RAM + 256GB SSD | Ultra Slim | Win 10 (Pre-Owned & Tested) Silver",Ultrabook,14.0,1920x1080,,0,,Intel,Core i5,,11th Gen,,,8,,256,SSD,,Intel,Intel Iris Xe Graphics,8,Integrated,Windows 10,,,411.59,34299,INR,https://www.amazon.in/dp/B0HJ228755,2026-10-06T11:39:02.277106+00:00
Amazon,Lenovo,"Lenovo V15 G6 AMD Ryzen 7 170 (Coequal 7735HS) 15.6"" FHD Thin- Light Laptop",Notebook,15.6,1920x1080,,0,,AMD,Ryzen 7,,,,,,,,,,AMD,AMD Radeon Graphics,,Integrated,,,,875.99,72999,INR,https://www.amazon.in/dp/B0GVYVWWZB,2026-10-06T11:39:02.277106+00:00
Amazon,Dell,"DELL PRO 14 (2026), Intel (i3 14th Gen) Core 3 100U - (8 GB DDR5/512 GB SSD/Intel UHD Graphics/Windows 11 Pro) Thin and Light Business Laptop/14.0"" FHD+ IPS Display/Black/Copilot Key/1.4 kg/MSO 2024",Ultrabook,14.0,3840x2160,IPS,0,,Intel,Core 3,100U,14th Gen,,,8,DDR5,512,SSD,,Intel,UHD Graphics,8,Integrated,Windows 11,1.4,,653.76,54480,INR,https://www.amazon.in/dp/B0HKV5NCF8,2026-10-06T11:39:02.277106+00:00
Amazon,Acer,"Acer Aspire 3, Intel Pentium N6000, 12GB LPDDR4X RAM, 512GB SSD, HD, 15.6""/39.62cm, Windows 11 Home, Pure Silver, 1.5KG, A325-45, Thin and Light Laptop",Ultrabook,15.6,1366x768,,0,,Intel,Pentium,N6000,Budget,,,12,LPDDR4X,512,SSD,,Intel,HD Graphics,12,Integrated,Windows 11,1.5,,478.68,39890,INR,https://www.amazon.in/dp/B0GLXWY8ZX,2026-10-06T11:39:02.277106+00:00
Amazon,,ALKETRON -15.6 Inch Full HD(2026 Model) Office/Business Laptop - Intel Processor with Built-in Graphics + 256GB SSD + 16GB RAM - Windows11 Pro & MS Office - 1Yr + 3Yr Warranty(Standard Edition),Notebook,15.6,1920x1080,,0,,Intel,,,,,,16,,256,SSD,,Intel,HD Graphics,256,Integrated,,,,395.94,32995,INR,https://www.amazon.in/dp/B0GYK2X4TP,2026-10-06T11:39:02.277106+00:00
Amazon,HP,"HP OmniBook 5 OLED (Previously Pavilion), Snapdragon X Processor 45 Tops (16GB LPDDR5x, 1 TB SSD), 2K 14''/35.6cm, Win11, Office24, Silver, 1.29kg, he0015QU, Multi-Day Battery, AI Laptop",Notebook,,2560x1440,OLED,0,,Qualcomm,Snapdragon X,Processor,Snapdragon,,,16,LPDDR5X,1000,SSD,,,,16,,,1.29,,1058.70,88225,INR,https://www.amazon.in/dp/B0F8P844W2,2026-10-06T11:39:02.277106+00:00
Amazon,Lenovo,"Lenovo ThinkBook 16 AMD Ryzen 5 7535HS (8GB RAM/512GB SSD/Win 11 Home/Office 2024/Backlit Keyboard/Fingerprint) 16"" WUXGA IPS 300 Nits Thin & Light Laptop/1Y Warranty/Aluminium Top/1.7kg, 21MWA0BRIN",Ultrabook,16.0,1920x1200,IPS,0,,AMD,Ryzen 5,7535HS,Zen 4,,,8,,512,SSD,,AMD,AMD Radeon Graphics,8,Integrated,Windows 11,1.7,,766.56,63880,INR,https://www.amazon.in/dp/B0DZJ1ZJG2,2026-10-06T11:39:02.277106+00:00
Amazon,HP,"HP Professional 15 (2026), Intel Core i5 13th Gen 1334U - (16 GB/512 GB SSD/Intel Iris Xe Graphics/Windows 11 Home) Thin and Light Business Laptop/15.6"" FHD Display/Backlit/Turbo Silver/1.5kg/MSO 2021",Ultrabook,15.6,1920x1080,,0,,Intel,Core i5,,13th Gen,,,16,,512,SSD,,Intel,Iris Xe,16,Integrated,Windows 11,1.5,,887.88,73990,INR,https://www.amazon.in/dp/B0FPBK86B8,2026-10-06T11:39:02.277106+00:00
Amazon,ASUS,"ASUS Vivobook 15 (2026),AMD Ryzen 7 170,Fingerprint Sensor,16GB RAM,512GB SSD,FHD, 15.6"",(39.6 cm),Windows 11,M365 Basic(1 Year)* Office 2024, Cool Silver,1.70 kg, M1502NAQ-BQ121WS,Thin & Light Laptop",Ultrabook,15.6,1920x1080,,0,,AMD,Ryzen 7,,,,,16,,512,SSD,,AMD,AMD Radeon Graphics,16,Integrated,Windows 11,1.70,,875.88,72990,INR,https://www.amazon.in/dp/B0GK1HZVDC,2026-10-06T11:39:02.277106+00:00
Amazon,,"𝗗𝗲𝗹𝗹Laptop Model 3410 Business Laptop | Core i5 10th Gen | 8GB DDR4 RAM | 256GB SSD | 14"" Full HD Display | Win 10 | A+Condition (Pre-Owned & Tested)",Notebook,14.0,1920x1080,,0,,Intel,Core i5,,10th Gen,,,8,DDR4,256,SSD,,Intel,Intel Iris Xe Graphics,8,Integrated,Windows 10,,,383.94,31995,INR,https://www.amazon.in/dp/B0H3ZY2GPR,2026-10-06T11:39:02.277106+00:00
Amazon,ASUS,"ASUS Vivobook Go 15 (2026),AMD Ryzen 5 40, AMD Radeon iGPU, 16GB RAM, 512GB SSD, FHD, 15.6""(39.6 cm),Windows 11,M365 Basic(1 Year)* Office 2024,Cool Silver,1.63 Kg,E1504FA-BQ2113WS,Thin & Light Laptop",Ultrabook,15.6,1920x1080,,0,,AMD,Ryzen 5,,,,,16,,512,SSD,,AMD,iGPU,16,Integrated,Windows 11,1.63,,756.00,63000,INR,https://www.amazon.in/dp/B09BB28TSC,2026-10-06T11:39:02.277106+00:00
Amazon,Dell,"Dell 15 (Previously Inspiron), Intel 14th Gen Core i3 / Core 3 100U, 16GB, 512GB SSD, FHD, 15.6"", Win 11, MSO'24, Carbon Black, 1.63Kg, [Dell 15], FHD 120Hz IPS 250 nit Display, Thin & Light Laptop",Ultrabook,15.6,1920x1080,IPS,0,120,Intel,Core 3,100U,14th Gen,,,16,,512,SSD,,Intel,HD Graphics,16,Integrated,Windows 11,1.63,,719.88,59990,INR,https://www.amazon.in/dp/B0FDWH5WTL,2026-10-06T11:39:02.277106+00:00
Amazon,HP,"HP 14 Laptop, Intel Core Ultra 7 155H (16GB DDR5, 512GB SSD) FHD, Anti-Glare, Micro-Edge, 14''/35.6cm, Win11, M365 Basic(1yr)* Office24, Silver, 1.4kg, EP1151TU, Backlit, HD Camera w/Shutter",Notebook,,1920x1080,Anti-Glare,0,,Intel,Core Ultra 7,155H,Meteor Lake,,,16,DDR5,512,SSD,,Intel,HD Graphics,16,Integrated,,1.4,,1061.40,88450,INR,https://www.amazon.in/dp/B0H5VXC1CZ,2026-10-06T11:39:02.277106+00:00
Amazon,Acer,"Acer ALG, Intel Core5-210H Processor, NVIDIA GeForceRTX 3050-4GB DDR6,16GB RAM/ 512GB SSD, FHD 15.6"", 144Hz, Win 11 Home, Titanium Gray, 1.99 KG, AL15G-53, Gaming Laptop",Gaming,15.6,1920x1080,,0,144,Intel,,,,,,4,,512,SSD,,Nvidia,RTX 3050,4,Ampere,Windows 11,1.99,,964.80,80400,INR,https://www.amazon.in/dp/B0H6J8QQDZ,2026-10-06T11:39:02.277106+00:00
Amazon,HP,"HP Victus,13th Gen Intel core i7-13650HX, 6GB RTX 4050, 24GB DDR5(Upgradeable), 512GB SSD, 144Hz, 300 nits, 15.6''/39.6cm, Win11, Office24, Mica Silver, 2.29kg, fa2531/2495tx, Xbox pass* Gaming Laptop",Gaming,,,,0,144,Intel,Core i7,13650HX,13th Gen,,,24,DDR5,512,SSD,,Nvidia,RTX 4050,6,Ada Lovelace,,2.29,,1715.88,142990,INR,https://www.amazon.in/dp/B0GT11NJ6T,2026-10-06T11:39:02.277106+00:00
Amazon,Lenovo,"Lenovo Legion Pro 5 2025 AMD Ryzen 9 9955HX | NVIDIA RTX 5060 8GB (32GB RAM/1TB SSD/WQXGA OLED/165Hz/16 (40.6cm)/Windows 11/Office 2024+AI Now/Black/2.3Kg), 83F2004CIN AI Powered Gaming Laptop",Gaming,,2560x1600,OLED,0,165,AMD,Ryzen 9,9955HX,Zen 5,,,32,,1000,SSD,,Nvidia,RTX 5060,8,Blackwell,Windows 11,2.3,,2843.88,236990,INR,https://www.amazon.in/dp/B0GSR3XGJB,2026-10-06T11:39:02.277106+00:00
Amazon,Dell,"Dell Inspiron 7640 Thin & Light Laptop, Intel Core i5-13420H Processor, 16GB DDR5 + 512GB SSD, 16"" (40.64cm) FHD+ 250nits Display, Backlit KB + FPR, Win 11 + MSO'21, 15 Months McAfee, Ice Blue, 1.90kg",Ultrabook,16.0,1920x1080,,0,,Intel,Core i5,13420H,13th Gen,,,16,DDR5,512,SSD,,Intel,HD Graphics,16,Integrated,Windows 11,1.90,,1205.88,100490,INR,https://www.amazon.in/dp/B0D83JQZNJ,2026-10-06T11:39:02.277106+00:00
Amazon,HP,"HP Smartchoice Victus, 13th Gen i7-13620H, 6GB RTX 4050, 16GB DDR4(Upgradeable) 512GB SSD, 144Hz, 300nits, 15.6''/39.6cm, Win11, Office24, Mica Silver, 2.3kg, fa2100tx, Xbox Gamepass* Gaming Laptop",Gaming,,,,0,144,,,,13th Gen,,,16,DDR4,512,SSD,,Nvidia,RTX 4050,6,Ada Lovelace,,2.3,,1619.88,134990,INR,https://www.amazon.in/dp/B0FDKS93JV,2026-10-06T11:39:02.277106+00:00
Amazon,ASUS,"ASUS Chromebook CM1405 (2026), Smartchoice, MediaTek Kompanio 540 Processor, 8GB RAM, 128GB SSD, FHD, 14""(35.5 cm), Chrome OS, Pure Grey, 1.37 Kg, CM1405CM4A-S60033, Thin & Light Laptop",Chromebook,14.0,1920x1080,,0,,Apple,M1,M1,M1,,,8,,128,SSD,,Apple,M1  GPU,8,M1,Chrome OS,1.37,,419.88,34990,INR,https://www.amazon.in/dp/B0GP5GXVQP,2026-10-06T11:39:02.277106+00:00
Amazon,Dell,"Dell Alienware 15 15.3"" WUXGA 165Hz Gaming Laptop, Intel Core 7-240H, NVIDIA GeForce RTX 4050, 16GB DDR5, 1.5TB Storage(512GB SSD+1TB Docking Station), Backlit Keyboard, Wi-Fi 6, Win 11 Pro, Black",Gaming,15.3,1920x1200,,0,165,Intel,Core 7,240H,Raptor Lake Refresh,,,16,DDR5,1500,STORAGE,512,Nvidia,RTX 4050,16,Ada Lovelace,Windows 11,,,3382.92,281910,INR,https://www.amazon.in/dp/B0HBWPD8YS,2026-10-06T11:39:02.277106+00:00
Amazon,HP,"HP 15 Smartchoice, Intel Core Ultra 5 125H 12 TOPS, 24GB DDR5 (Upgradeable) 1TB SSD,Anti-Glare, FHD, 15''/39.6cm,Win11, M365*Office24, Silver, 1.65kg, FD1458TU, FHD Camera w/Shutter, Backlit AI Laptop",Notebook,,1920x1080,Anti-Glare,0,,Intel,Core Ultra 5,125H,Meteor Lake,,,24,DDR5,1000,SSD,,Intel,HD Graphics,24,Integrated,,1.65,,995.88,82990,INR,https://www.amazon.in/dp/B0GWQHQB4T,2026-10-06T11:39:02.277106+00:00
Amazon,Lenovo,"Lenovo 15 (2026), Intel Core i7 13th Gen 13620H - (32 GB DDR5/512 GB SSD/Intel Iris Xe Graphics/Windows 11 Pro) Thin and Light Business Laptop/15.6"" FHD Display/Luna Grey/Copilot Key/1.5 kg/MSO 2024",Ultrabook,15.6,1920x1080,,0,,Intel,Core i7,,13th Gen,,,32,DDR5,512,SSD,,Intel,Iris Xe,32,Integrated,Windows 11,1.5,,1190.88,99240,INR,https://www.amazon.in/dp/B0HJRVCDGZ,2026-10-06T11:39:02.277106+00:00
Amazon,HP,"HP 15, AMD Ryzen 5 7520U (8GB LPDDR5, 512GB SSD) FHD, Anti-Glare, Micro-Edge, 15.6''/39.6cm, Win11, M365 Basic(1yr), Offic24, Silver,1.59kg, fc0805AU, FHD Camera w/Privacy Shutter, Backlit Laptop",Notebook,,1920x1080,Anti-Glare,0,,AMD,Ryzen 5,7520U,Zen 4,,,8,LPDDR5,512,SSD,,AMD,AMD Radeon Graphics,8,Integrated,,1.59,,719.88,59990,INR,https://www.amazon.in/dp/B0GP6LS92F,2026-10-06T11:39:02.277106+00:00
Amazon,Lenovo,"Lenovo ThinkPad P14s Gen 6 21QL0013US 14"" Copilot+ PC Mobile Workstation - WUXGA - AMD Ryzen AI 7 PRO 350-32 GB - 1 TB SSD - English Keyboard - Black",Workstation,14.0,1920x1200,,0,,AMD,Ryzen AI 7,PRO,Zen 5 (Strix),,,32,,1000,SSD,,AMD,AMD Radeon Graphics,32,Integrated,,,,3239.88,269990,INR,https://www.amazon.in/dp/B0G1T6FGGW,2026-10-06T11:39:02.277106+00:00
Amazon,HP,"HP Victus, AMD Ryzen 7 260, 8GB RTX 5050 Gaming Laptop,(24GB DDR5,1TB SSD) 144Hz,IPS,300 nits,15.6'(39.6cm) FHD, Win11,M365 Basic(1 year) Office24, Mica Silver, 2.29kg, RGB, Enhanced cooling, fb3185AX",Gaming,,1920x1080,IPS,0,144,AMD,Ryzen 7,,,,,24,DDR5,1000,SSD,,Nvidia,RTX 5050,8,Blackwell,,2.29,,1783.20,148600,INR,https://www.amazon.in/dp/B0FDKQ4TPZ,2026-10-06T11:39:02.277106+00:00
Amazon,Acer,"Acer One14 (2026) AMD Ryzen 3 Quad Core 7320U - (8 GB LPDDR5/256 GB SSD/AMD Radeon 610M/Windows 11 Home) Thin and Light Laptop/14.0"" HD Display/Silver/Copilot Key/1.4 Kg/MSO 2024/3 Years Warranty",Ultrabook,14.0,1366x768,,0,,AMD,Ryzen 3,7320U,Zen 4,,4,8,LPDDR5,256,SSD,,AMD,610M,8,Integrated,Windows 11,1.4,,455.40,37950,INR,https://www.amazon.in/dp/B08DP3S44C,2026-10-06T11:39:02.277106+00:00
Amazon,Lenovo,"Lenovo IdeaPad Slim 3 Smartchoice 13th Gen Intel Core i7-13620H 15.3 inch (38.8cm) WUXGA IPS Laptop (16GB RAM/512GB SSD/Windows 11/Office 24/Metal A Cover/Backlit Keyboard/Luna Grey/1.6Kg), 83K101JGIN",Ultrabook,15.3,1920x1200,IPS,0,,Intel,Core i7,13620H,13th Gen,,,16,,512,SSD,,Intel,Intel Iris Xe Graphics,16,Integrated,Windows 11,1.6,,1079.88,89990,INR,https://www.amazon.in/dp/B0H94K2RSC,2026-10-06T11:39:02.277106+00:00
Amazon,Lenovo,"Lenovo IdeaPad Slim 3 13th Gen, Intel Core i5-13420H, 16GB RAM, 512GB SSD, WUXGA, 15.3""(38.8cm), Win 11, Office 2024, Grey, 1.6Kg, 83K100CGIN, Backlit, 1Yr ADP Free, Top Metal Cover, IPS, Laptop",Ultrabook,15.3,1920x1200,IPS,0,,Intel,Core i5,13420H,13th Gen,,,16,,512,SSD,,Intel,Intel Iris Xe Graphics,16,Integrated,Windows 11,1.6,,903.48,75290,INR,https://www.amazon.in/dp/B0F637DPFW,2026-10-06T11:39:02.277106+00:00
Amazon,Dell,"Dell 15 AI Powered Laptop, Intel® Core™ Ultra 5 225U Processor, 16GB:512GB, 15.6"" (39.62cm) FHD 300nits Display, (Dell 15), Backlit Keyboard + AI Copilot Hotkey, Win 11 + MSO'24, 1.66kg Thin & Light",Ultrabook,15.6,1920x1080,,0,,Intel,,,,,,16,,512,SSD,,Intel,HD Graphics 300,16,Integrated,Windows 11,1.66,,977.88,81490,INR,https://www.amazon.in/dp/B0H9SV5VKG,2026-10-06T11:39:02.277106+00:00
Amazon,Microsoft,"Microsoft Surface Laptop 15"" - Snapdragon X2 Elite 12C - 24GB RAM - 512GB SSD - PixelSense Touchscreen - Black - Windows 11 Home Copilot+ PC - 8th Edition - EP2-60888 365 for 6 Months*",Notebook,15.0,,,1,,Qualcomm,Snapdragon X2,Elite,Snapdragon,,,24,,512,SSD,,,,24,,Windows 11,,,3107.88,258990,INR,https://www.amazon.in/dp/B0H8PT3D4M,2026-10-06T11:39:02.277106+00:00
Amazon,HP,"HP Professional 14 (2026) Thin & Light Laptop – Intel Core 5-120U, 16GB RAM, 512GB SSD, 14"" FHD Display, Windows 11 Pro, Backlit Keyboard, Fingerprint Sensor, MSO 2024, Turbo Silver, 1.4 Kg",Ultrabook,14.0,1920x1080,,0,,Intel,Core 5,120U,Raptor Lake Refresh,,,16,,512,SSD,,Intel,HD Graphics,16,Integrated,Windows 11,1.4,,875.88,72990,INR,https://www.amazon.in/dp/B0GTW23W8S,2026-10-06T11:39:02.277106+00:00
Amazon,Lenovo,"Lenovo Thinkpad P16V Gen 2 21KX002GUS 16"" Mobile Workstation - WUXGA - Intel Core Ultra 9 185H - Vpro Technology - 32 GB - 1 TB SSD - English Keyboard - Black, With Windows 11",Workstation,16.0,1920x1200,,0,,Intel,Core Ultra 9,185H,Meteor Lake,,,32,,1000,SSD,,Intel,Intel UHD Graphics,32,Integrated,Windows 11,,,4919.99,409999,INR,https://www.amazon.in/dp/B0D72M7XFZ,2026-10-06T11:39:02.277106+00:00
Amazon,Acer,"Acer Travel Lite (2026) AMD Ryzen 5 Hexa Core 7430U - (16 GB/512 GB SSD/AMD Radeon Graphics/Windows 11 Pro) Thin & Light Laptop/15.6"" FHD/Black/Metal Body/Copilot Key/1.5 Kg/MSO 2024/3 Years Warranty",Ultrabook,15.6,1920x1080,,0,,AMD,Ryzen 5,7430U,Zen 4,,6,16,,512,SSD,,AMD,Graphics,16,Integrated,Windows 11,1.5,,718.56,59880,INR,https://www.amazon.in/dp/B0HKTVN6WJ,2026-10-06T11:39:02.277106+00:00
Amazon,Acer,"Acer Smartchoice Aspire One, AMD Ryzen 5-40, 8GB LPDDR5 RAM/ 512GB SSD, 14.0""/35.56cm WXGA Display, Win 11 Home, Pure Silver, 1.48KG, A114-43, Thin and Light Laptop",Ultrabook,14.0,,,0,,AMD,Ryzen 5,,,,,8,LPDDR5,512,SSD,,AMD,AMD Radeon Graphics,8,Integrated,Windows 11,1.48,,575.88,47990,INR,https://www.amazon.in/dp/B0H465RX6P,2026-10-06T11:39:02.277106+00:00
Amazon,Dell,"Dell XPS 14 DA14260, AI Powered Intel Core Ultra X7 358H Processor, 14"" 2.8K 400 Nits Touch Screen Display, 32GB RAM, 1TB SSD, Wi-Fi 7, Graphite, Windows 11 + MSO, 1.36Kg, Thin & Light Laptop",Ultrabook,14.0,,,1,,Intel,,,,,,32,,1000,SSD,,Intel,Intel UHD Graphics,32,Integrated,Windows 11,1.36,,3749.88,312490,INR,https://www.amazon.in/dp/B0GY1HYVVR,2026-10-06T11:39:02.277106+00:00
Amazon,Lenovo,"Lenovo 15 (2026), AMD Ryzen 5 Quad Core 7520U - (16 GB LPDDR5/512 GB SSD/AMD Radeon 610M Graphics/Windows 11 Pro) Thin and Light Business Laptop/15.6"" FHD Display/Arctic Grey/1.5 kg/MSO 2024",Ultrabook,15.6,1920x1080,,0,,AMD,Ryzen 5,7520U,Zen 4,,4,16,LPDDR5,512,SSD,,AMD,610M Graphics,16,Integrated,Windows 11,1.5,,698.16,58180,INR,https://www.amazon.in/dp/B0H936S1XV,2026-10-06T11:39:02.277106+00:00
Amazon,MSI,"MSI Summit 13 AI Evo, Intel 1st Gen. Ultra 5 125H,Built-in AI, 34CM FHD+ Laptop(16GB/1TB NVMe SSD/Windows 11 Home/Intel Arc/Ink Black/1.39Kg), A1MTG-040IN",Notebook,,1920x1080,,0,,Intel,,,1st Gen,,,16,,1000,SSD,,Intel,HD Graphics,16,Integrated,Windows 11,1.39,,1440.67,120056,INR,https://www.amazon.in/dp/B0D3LY9MLV,2026-10-06T11:39:02.277106+00:00
Amazon,Razer,"Razer Blade 16 Gaming-Laptop: NVIDIA GeForce RTX 4070 13th Gen Intel 24-Core i9 HX CPU - 16"" QHD+ 240Hz 16GB-RAM - 1TB SSD CNC Aluminum Compact GaN-Charger - Windows 11 Chroma RGB",Gaming,16.0,2560x1440,,0,240,Intel,Core i9,,13th Gen,,24,16,,1000,SSD,,Nvidia,RTX 4070,16,Ada Lovelace,Windows 11,,,7904.10,658675,INR,https://www.amazon.in/dp/B0BSRHPND7,2026-10-06T11:39:02.277106+00:00
Amazon,Lenovo,"Lenovo Thinkpad P14s, Intel Core Ultra 7 155H, 16GB RAM, 512GB SSD, 14.5""(36.83 cm), Windows 11 Pro, Backlit, Fingerprint, Black, 1.61Kg, 21G2S0D000, 300 Nits, 3Y Premier Warranty, AI Powered Laptop",Notebook,14.5,,,0,,Intel,Core Ultra 7,155H,Meteor Lake,,,16,,512,SSD,,Intel,Intel UHD Graphics,16,Integrated,Windows 11,1.61,,2340.00,195000,INR,https://www.amazon.in/dp/B0DT4HSMLB,2026-10-06T11:39:02.277106+00:00
Amazon,ASUS,"ASUS ROG Strix Scar 18 (2026),Intel Core Ultra 9 (Series 2),RTX 5080-16GB,32GB RAM (Upgradeable),1TB SSD,4K FHD+,18""(45 cm),Win 11,M365 Basic(1Y),Office 24,Black,3.7 Kg,G835LWG-TQ363WS,Gaming Laptop",Gaming,18.0,3840x2160,,0,,Intel,Core Ultra 9,,Meteor Lake,,,32,,1000,SSD,,Nvidia,RTX 5080,16,Blackwell,Windows 11,3.7,,5879.88,489990,INR,https://www.amazon.in/dp/B09BLDJVQY,2026-10-06T11:39:02.277106+00:00
Amazon,Lenovo,"Lenovo Legion 5a - 2026 - Gaming Laptop - NVIDIA GeForce RTX 5060-15.3"" OLED WQXGA Display - 165Hz Refresh Rate - Ryzen 7 250-32GB Memory - 1TB Storage - Eclipse Black",Gaming,15.3,2560x1600,OLED,0,165,AMD,Ryzen 7,,,,,32,,1000,STORAGE,,Nvidia,RTX 5060,32,Blackwell,,,,6106.42,508868,INR,https://www.amazon.in/dp/B0GNB91TWT,2026-10-06T11:39:02.277106+00:00
Amazon,ASUS,"ASUS Zenbook 14,Smartchoice,Intel Core Ultra 5 (Series 2),16GB,1TB,3K OLED Touch Screen,14"" (35.5 cm),120Hz,Win 11,M365 Basic (1Y),Office 2024, Silver,1.28 kg,UX3405CA-PZ345WS,Thin & Light Laptop",Ultrabook,14.0,,OLED,1,120,Intel,Core Ultra 5,,Meteor Lake,,,16,,1000,SSD,,Intel,Intel UHD Graphics,16,Integrated,Windows 11,1.28,,1535.88,127990,INR,https://www.amazon.in/dp/B0DSHWKNZG,2026-10-06T11:39:02.277106+00:00
Amazon,Lenovo,Lenovo ThinkPad X9 AI PC Intel Core Ultra 7 258V | Copilot Key | 32GB RAM | 1TB SSD | 14” WUXGA IPS 400 Nits | Win 11 Pro | Backlit | Fingerprint | 1.21 kg | 3Y Premier Support | Grey–21QAS00H00,Notebook,,1920x1200,IPS,0,,Intel,Core Ultra 7,258V,Arrow Lake,,,32,,1000,SSD,,Intel,Intel UHD Graphics,32,Integrated,Windows 11,1.21,,3023.88,251990,INR,https://www.amazon.in/dp/B0G1C8SDM2,2026-10-06T11:39:02.277106+00:00
Amazon,HP,"HP 15, 13th Gen Intel Core i5-1334U, (16GB DDR4,512GB SSD) Anti-Glare, Micro-Edge, FHD, 15.6''/39.6cm, Win11, M365 Basic(1yr)* Office24, Silver, 1.59kg, fd0577TU, Iris Xe, FHD Camera w/Shutter Laptop",Notebook,,1920x1080,Anti-Glare,0,,Intel,Core i5,1334U,13th Gen,,,16,DDR4,512,SSD,,Intel,Iris Xe,16,Integrated,,1.59,,958.68,79890,INR,https://www.amazon.in/dp/B0F4R6H3NB,2026-10-06T11:39:02.277106+00:00
Amazon,HP,"HP 15, Intel Core 5-120U (16GB DDR4, 512GB SSD) FHD, Anti-Glare, Micro-Edge, 15.6''/39.6cm, Win11, M365 Basic(1yr), Office Home24, Silver,1.59kg, fd0682tu, FHD Camera w/Shutter, BL Laptop",Notebook,,1920x1080,Anti-Glare,0,,Intel,Core 5,120U,Raptor Lake Refresh,,,16,DDR4,512,SSD,,Intel,HD Graphics,16,Integrated,,1.59,,872.40,72700,INR,https://www.amazon.in/dp/B0GF82QJT6,2026-10-06T11:39:02.277106+00:00
Amazon,ASUS,"ASUS ROG Strix Scar 18 (2026),Intel Core Ultra 9 (Series 2),RTX 5090-24GB,64GB RAM (Upgradeable),2TB SSD,4K FHD+,18""(45 cm),Win 11,M365 Basic(1Y),Office 24,Black,3.7 Kg,G835LXG-TQ492WS,Gaming Laptop",Gaming,18.0,3840x2160,,0,,Intel,Core Ultra 9,,Meteor Lake,,,64,,64,SSD,2000,Nvidia,RTX 5090,24,Blackwell,Windows 11,3.7,,8399.88,699990,INR,https://www.amazon.in/dp/B09BLBQGQ5,2026-10-06T11:39:02.277106+00:00
Amazon,Lenovo,"Lenovo LOQ Gaming Laptop 15.6"" FHD 144Hz (100% sRGB G-SYNC) AMD Quad-core Ryzen 5 7235HS 16GB DDR5 1TB SSD GeForce RTX 4050 Backlit Nahimic Privacy Camera Rapid Charge Win11Pro w/ICP Hub",Gaming,15.6,1920x1080,,0,144,AMD,Ryzen 5,7235HS,Zen 4,,,16,DDR5,1000,SSD,,Nvidia,RTX 4050,16,Ada Lovelace,,,,3412.25,284354,INR,https://www.amazon.in/dp/B0FWJ73JW7,2026-10-06T11:39:02.277106+00:00
Amazon,ASUS,"ASUS TUF A16 (2026),AMD Ryzen 7 260 Processor,RTX 5050-8GB,16GB RAM (Upgradeable),512GB SSD,FHD+,16""(40 cm),Windows 11,M365 Basic(1 Year),Office 2024,Jaeger Gray,2.2 Kg,FA608UHI-TU238WS,Gaming Laptop",Gaming,16.0,1920x1080,,0,,AMD,Ryzen 7,,,,,16,,512,SSD,,Nvidia,RTX 5050,8,Blackwell,Windows 11,2.2,,1919.88,159990,INR,https://www.amazon.in/dp/B0H9YWCNVG,2026-10-06T11:39:02.277106+00:00
Amazon,Dell,"Dell 15 (Previously Inspiron) 13th Gen Intel Core i5-1334U Processor, 15.6"" FHD, 120Hz, IPS, Anti-Glare Display, 8GB DDR5 RAM, 512GB SSD, Win 11 + Office H&S 2024, Silver, 1.63 Kg Thin & Light Laptop",Ultrabook,15.6,1920x1080,IPS,0,120,Intel,Core i5,1334U,13th Gen,,,8,DDR5,512,SSD,,Intel,HD Graphics,8,Integrated,Windows 11,1.63,,755.88,62990,INR,https://www.amazon.in/dp/B0GYPJ1RX8,2026-10-06T11:39:02.277106+00:00
Amazon,Dell,"Dell Alienware X17 R1 Gaming Laptop, Intel Core i9-11980HK, 32Gb, 1TB SSD, 17.3"" (43.94 Cms) FHD1ms 360Hz, NVIDIA RTX 3080 (16GB GDDR6). Windows 11 + MSO'21, Lunar Light (D569936WIN9, 3.02Kgs)",Gaming,17.3,,,0,360,Intel,Core i9,11980HK,11th Gen,,,32,,1000,SSD,,Nvidia,RTX 3080,32,Ampere,Windows 11,3.02,,3479.99,289999,INR,https://www.amazon.in/dp/B0BT75FRBR,2026-10-06T11:39:02.277106+00:00
Amazon,HP,"HP Omen, AMD Ryzen AI 7 350, 8GB RTX 5050, 24GB DDR5(Upgradeable) 1TB SSD, 165Hz, 2k WUXGA, 3ms, 400 nits, 16'(40.6cm) Win11, M365* Office24, Black, 2.44kg, ap0165AX, RGB, AI Gaming Laptop",Gaming,,2560x1440,,0,165,AMD,Ryzen AI 7,350,Zen 5 (Strix),,,24,DDR5,1000,SSD,,Nvidia,RTX 5050,8,Blackwell,,2.44,,1949.88,162490,INR,https://www.amazon.in/dp/B0FDKPV57Y,2026-10-06T11:39:02.277106+00:00
Amazon,HP,"HP Victus, 13th Gen Intel Core i5-13420H, 4GB RTX 2050, 16GB DDR4 (Upgradeable) 512GB SSD, 144Hz, IPS, 300 nits, FHD, 15.6''/39.6cm, Win11, M365* Office24, Mica Silver, 2.3kg, fa2703tx Gaming Laptop",Gaming,,1920x1080,IPS,0,144,Intel,Core i5,13420H,13th Gen,,,16,DDR4,512,SSD,,Nvidia,RTX 2050,4,Turing,,2.3,,1163.88,96990,INR,https://www.amazon.in/dp/B0DV97GJBK,2026-10-06T11:39:02.277106+00:00
Amazon,Lenovo,"Lenovo Yoga 7 Intel Core i7-1360P 14""(35.5cm) OLED 2-in-1 400Nits Laptop(16GB/1TB SSD/Win 11/Office 2021/Backlit KB/Digital Pen/1Yr Warranty/Alexa/3 Month Game Pass/Tidal Teal/1.49Kg), 82YL0099IN",2-in-1,14.0,,OLED,1,,Intel,Core i7,1360P,1st Gen,,,16,,1000,SSD,,Intel,Intel Iris Xe Graphics,16,Integrated,Windows 11,1.49,,2195.99,182999,INR,https://www.amazon.in/dp/B0CGM5LP8L,2026-10-06T11:39:02.277106+00:00
Amazon,ASUS,"ASUS TUF F16 Gaming Laptop, Intel i7 14650HX Processor (Up to 5.2GHz), NVIDIA GeForce RTX 5070, 16"" WUXGA 165Hz LED, 64GB DDR5, 2TB SSD, Wi-Fi 6E, Large Bettery, Windows 11 Pro",Gaming,16.0,1920x1200,,0,165,Intel,Core i7,14650HX,14th Gen,5.2,,64,DDR5,64,SSD,2000,Nvidia,RTX 5070,64,Blackwell,Windows 11,,,5203.24,433603,INR,https://www.amazon.in/dp/B0GG9WLCQH,2026-10-06T11:39:02.277106+00:00
Amazon,Acer,"acer Aspire 7, Intel Core 5-210H Processor, NVIDIA GeForce RTX 3050 6GB GDDR6, 16 GB, 512GB, Full HD, 15.6""/39.62 cm, Windows 11 Home, Flame Black, 1.99kg, A715-79G, Backlit Keyboard, Gaming Laptop",Gaming,15.6,1920x1080,,0,,Intel,Core 5,210H,Raptor Lake Refresh,,,16,,512,SSD,,Nvidia,RTX 3050,6,Ampere,Windows 11,1.99,,1034.64,86220,INR,https://www.amazon.in/dp/B0GNSQXL5H,2026-10-06T11:39:02.277106+00:00
Amazon,ASUS,"ASUS TUF A16,AMD Ryzen 9 8940HX, Gaming Laptop(RTX 5070-8GB/115W TGP/16GB/1TB /2.5K QHD+/16""/165Hz/90WHrs/Windows 11/M365 Basic (1Year)*/Office Home 2024/Jaeger Gray/2.2 Kg) FA608PP-QT014WS",Gaming,16.0,2560x1440,,0,165,AMD,Ryzen 9,8940HX,Zen 4,,,8,,1000,SSD,,Nvidia,RTX 5070,8,Blackwell,Windows 11,2.2,,2879.88,239990,INR,https://www.amazon.in/dp/B0F9X7PGNW,2026-10-06T11:39:02.277106+00:00
Amazon,Acer,"Acer Smartchoice Aspire One, AMD Ryzen 5-40,Office 2024 + M365 Basic, 8GB LPDDR5 RAM/ 512GB SSD, 14.0""/35.56cm WXGA Display, Win 11 Home, Pure Silver, 1.48KG, A114-43, Thin and Light Laptop",Ultrabook,14.0,,,0,,AMD,Ryzen 5,,,,,8,LPDDR5,512,SSD,,AMD,AMD Radeon Graphics,8,Integrated,Windows 11,1.48,,599.88,49990,INR,https://www.amazon.in/dp/B0H46H6JK8,2026-10-06T11:39:02.277106+00:00
Amazon,Dell,"Dell Inspiron 15.6"" FHD Touchscreen Laptop, 13th Gen Intel Core i5 (Beat i7-1250U), 64GB RAM, 2TB SSD Storage, Win 11 with Office 365 for Web, USB-C, Long Battery Life",Notebook,15.6,1920x1080,,1,,Intel,Core i7,1250U,13th Gen,,,64,,64,SSD,2000,Intel,HD Graphics,64,Integrated,Windows 11,,,3161.34,263445,INR,https://www.amazon.in/dp/B0GGHJ9XXH,2026-10-06T11:39:02.277106+00:00
Amazon,Microsoft,"Microsoft Surface Laptop 7 15"" Touch Screen Copilot+ PC Notebook - Intel Core Ultra 7-16GB - SSD 256GB - English Keyboard - Black",Notebook,15.0,,,1,,Intel,Core Ultra 7,,Meteor Lake,,,16,,256,SSD,,Intel,Intel UHD Graphics,16,Integrated,,,,4544.50,378708,INR,https://www.amazon.in/dp/B0F9XC6VB9,2026-10-06T11:39:02.277106+00:00
Amazon,Dell,"Dell 15 Thin & Light Laptop, Intel Core i5-1235U Processor/16GB DDR4 + 512GB SSD/Intel UHD Graphics/15.6"" (39.62cm) FHD Display/Win 11 + MSO'21/15 Month McAfee/Carbon Black/Spill Resistant KB/1.69kg",Ultrabook,15.6,3840x2160,,0,,Intel,Core i5,1235U,1st Gen,,,16,DDR4,512,SSD,,Intel,UHD Graphics,16,Integrated,Windows 11,1.69,,844.68,70390,INR,https://www.amazon.in/dp/B0BQJ7WR2R,2026-10-06T11:39:02.277106+00:00
Amazon,ASUS,"ASUS ROG Strix G16, AMD Ryzen 9 8940HX, RTX 5070 Ti,140W TGP,16GB RAM,1TB SSD,FHD+,16"",165Hz,90WHrs,Windows 11,M365 Basic (1Year),Office Home 2024,Eclipse Gray,2.5 Kg,G614PR-RV032WS, Gaming Laptop",Gaming,16.0,1920x1080,,0,165,AMD,Ryzen 9,8940HX,Zen 4,,,16,,1000,SSD,,Nvidia,RTX 5070 Ti,16,Blackwell,Windows 11,2.5,,3359.88,279990,INR,https://www.amazon.in/dp/B0GVNGNFBF,2026-10-06T11:39:02.277106+00:00
Amazon,Apple,"Apple 2026 MacBook Pro Laptop with M5 Max chip with 18‑core CPU and 32‑core GPU: Built for AI, 41.05 cm (16.2″) Liquid Retina XDR Display, 36GB Unified Memory, 2TB SSD Storage; Silver",Ultrabook,,,Retina,0,,Apple,,,,,,36,,2000,SSD,,Apple, GPU,36,,macOS,,,6167.88,513990,INR,https://www.amazon.in/dp/B0GR16YWF6,2026-10-06T11:39:02.277106+00:00
Amazon,Alienware,"Alienware 18 Area-51 Gaming Laptop AA18250-18.0"" WQXGA 300Hz 3ms Display, Intel Core Ultra 9 275HX, NVIDIA GeForce RTX 5080, 32GB 2x16GB DDR5, 2TB SSD, 2MP FHD IR Camera, Windows 11 Home",Gaming,18.0,2560x1600,,0,300,Intel,Core Ultra 9,275HX,Arrow Lake,,,16,DDR5,2000,SSD,,Nvidia,RTX 5080,32,Blackwell,Windows 11,,,9599.88,799990,INR,https://www.amazon.in/dp/B0F5WVJBC2,2026-10-06T11:39:02.277106+00:00
Amazon,Acer,"acer Aspire Lite, AMD Ryzen 5-5625U, 16 GB RAM, 1 TB SSD, Full HD,15.6""/39.62 cm, Windows 11 Home, Steel Gray, 1.59 KG, AL15-41, Thin and Light Laptop",Ultrabook,15.6,1920x1080,,0,,AMD,Ryzen 5,5625U,Zen 3,,,16,,1000,SSD,,AMD,AMD Radeon Graphics,16,Integrated,Windows 11,1.59,,767.88,63990,INR,https://www.amazon.in/dp/B0CB7S1RTX,2026-10-06T11:39:02.277106+00:00
Amazon,HP,"HP 15, AMD Ryzen 7 7730U (16GB DDR4,512GB SSD) Anti-Glare, Micro-Edge,15.6''/39.6cm, FHD, Win11, M365 Basic(1yr),Office Home24,Silver,1.59kg,FHD Camera w/Privacy Shutter, Backlit KB-Laptop, fc0761AU",Notebook,,1920x1080,Anti-Glare,0,,AMD,Ryzen 7,7730U,Zen 4,,,16,DDR4,512,SSD,,AMD,AMD Radeon Graphics,16,Integrated,,1.59,,899.88,74990,INR,https://www.amazon.in/dp/B0C9DDN2JB,2026-10-06T11:39:02.277106+00:00
Amazon,Lenovo,"Lenovo Legion 7 Intel Core i9-12900HX 16"" (40.64cm) QHD IPS 165Hz 500Nits Gaming Laptop (32GB/1TB SSD/Win 11/Office 2021/NVIDIA RTX 3080Ti 16GB/Alexa/3 Month Game Pass/Storm Grey/2.53Kg), 82TD009KIN",Gaming,16.0,2560x1440,IPS,0,165,Intel,Core i9,12900HX,12th Gen,,,32,,1000,SSD,,Nvidia,RTX 3080 Ti,32,Ampere,Windows 11,2.53,,4523.88,376990,INR,https://www.amazon.in/dp/B0BR4BX2F8,2026-10-06T11:39:02.277106+00:00
Amazon,ASUS,"ASUS ROG Zephyrus G16 (2026),Intel Core Ultra 9 386H (Series 3),RTX 5080-16GB,32GB RAM,2TB SSD,OLED,16""(40 cm),240Hz,Win 11,M365 Basic(1Y),Office 24,Eclipse Gray,1.9 Kg,GU606AW-TB043WS,Gaming Laptop",Gaming,16.0,,OLED,0,240,Intel,Core Ultra 9,386H,Panther Lake,,,32,,2000,SSD,,Nvidia,RTX 5080,16,Blackwell,Windows 11,1.9,,6359.88,529990,INR,https://www.amazon.in/dp/B0999JSXWH,2026-10-06T11:39:02.277106+00:00
Amazon,Lenovo,"Lenovo 2026 laptop, 15.6"" FHD, 16GB DDR5, 512GB SSD, Copilot AI+Intel CPU",Notebook,15.6,1920x1080,,0,,Intel,,,,,,16,DDR5,512,SSD,,Intel,HD Graphics,16,Integrated,,,,2040.76,170063,INR,https://www.amazon.in/dp/B0H1BHS63H,2026-10-06T11:39:02.277106+00:00
Amazon,Acer,"Acer Aspire Lite, Intel Core 3-100U Processor, 8GB DDR4 RAM/512GB SSD, 39.62cm/15.6"" FHD IPS Display, Win 11 Home, Steel Gray, 1.59 Kg,AL15-53, Thin & Light Laptop",Ultrabook,15.6,1920x1080,IPS,0,,Intel,Core 3,100U,Raptor Lake Refresh,,,8,DDR4,512,SSD,,Intel,HD Graphics,8,Integrated,Windows 11,1.59,,610.80,50900,INR,https://www.amazon.in/dp/B0H5RHCVXM,2026-10-06T11:39:02.277106+00:00
Amazon,ASUS,"ASUS Gaming V16 (2026),Intel Core 5 210H (i5-14th Gen),RTX 5050-8GB,16GB RAM(Upgradeable),512GB SSD,FHD+,16""(40 cm),144Hz,Win 11,M365 Basic(1Y),Office 24,Black,1.95 Kg,V3607VH-TK154WS,Gaming Laptop",Gaming,16.0,1920x1080,,0,144,Intel,Core 5,210H,14th Gen,,,16,,512,SSD,,Nvidia,RTX 5050,8,Blackwell,Windows 11,1.95,,1679.88,139990,INR,https://www.amazon.in/dp/B0H265CG8K,2026-10-06T11:39:02.277106+00:00
Amazon,Dell,"Dell Vostro 3530 Laptop 15.6"" FHD Display, 13th Generation Intel Core i5-1334U Processor, 16GB DDR4 RAM, 512GB SSD, Intel Iris Xe Graphics, Win 11 + Office H&S 2024- Titan Grey, 1.66 Kg",Notebook,15.6,1920x1080,,0,,Intel,Core i5,1334U,13th Gen,,,16,DDR4,512,SSD,,Intel,Iris Xe,16,Integrated,Windows 11,1.66,,847.08,70590,INR,https://www.amazon.in/dp/B0FPBJ1CXK,2026-10-06T11:39:02.277106+00:00
Amazon,Lenovo,"Lenovo ThinkPad P16v Gen 2 Intel Core Ultra 9 185H vPro, 24C, 16"" WQUXGA (3840 x 2400), IPS, 800 nits, 64GB RAM, 1TB SSD, NVIDIA RTX 3000 Ada Backlit KYB, Fingerprint Reader, Windows Pro",Notebook,16.0,3840x2400,IPS,0,,Intel,Core Ultra 9,185H,Meteor Lake,,,64,,64,SSD,1000,Nvidia,RTX 3000,64,Ampere,,,,6239.88,519990,INR,https://www.amazon.in/dp/B0D8QR4BRV,2026-10-06T11:39:02.277106+00:00
Amazon,HP,"HP Premium EP Series (Intel 13th Gen Core i7-1355U, 16GB RAM, 512GB SSD, Win 11, MS Office 2024, Backlit KB, FHD Camera, 14''/35.6cm Anti-Glare Micro-Edge Display, Lightweight 1.4kg, Silver) EP0159TU",Notebook,,1920x1080,Anti-Glare,0,,Intel,Core i7,1355U,13th Gen,,,16,,512,SSD,,Intel,HD Graphics,16,Integrated,Windows 11,1.4,,1077.00,89750,INR,https://www.amazon.in/dp/B0GVJYFTQX,2026-10-06T11:39:02.277106+00:00
Amazon,ASUS,"ASUS Vivobook 16 (2026), AMD Ryzen AI 7 445, AMD Radeon iGPU, 16GB RAM, 512GB SSD, FHD+, 16"", (40 cm), Windows 11, M365 Basic(1 Year)* Office 2024, Quiet Blue, 1.88 kg, M1607GA-MB030WS, Co-Pilot+ PC",Notebook,16.0,1920x1080,,0,,AMD,Ryzen AI 7,445,Zen 5 (Strix),,,16,,512,SSD,,AMD,iGPU,16,Integrated,Windows 11,1.88,,1043.88,86990,INR,https://www.amazon.in/dp/B0GGRJD7KY,2026-10-06T11:39:02.277106+00:00
Amazon,HP,"HP ProBook 445 G9 Business Laptop, 14"" FHD Non-Touch Display, AMD Ryzen 5 5625U Processor, 16GB RAM, 1TB SSD, IR Camera, Backlit Keyboard, Wi-Fi 6, RJ-45, HDMI, Windows 11 Pro, Silver",Notebook,14.0,1920x1080,,1,,AMD,Ryzen 5,5625U,Zen 3,,,16,,1000,SSD,,AMD,AMD Radeon Graphics,16,Integrated,Windows 11,,,947.88,78990,INR,https://www.amazon.in/dp/B0BRYKVH29,2026-10-06T11:39:02.277106+00:00
Amazon,HP,"HP Omnibook 3, Snapdragon X Processor 45 Tops (16GB LPDDR5x,512GB SSD) 2K WUXGA, 14''/35.6cm, Win 11, M365*Office 24,Silver,1.42kg, hz0026QU/ hz0024QU, Lighter mini Charger, FHD IR Camera, AI Laptop",Notebook,,2560x1440,,0,,Apple,M3,M3,M3,,,16,LPDDR5X,512,SSD,,Apple,M3  GPU,16,M3,Windows 11,1.42,,983.88,81990,INR,https://www.amazon.in/dp/B0GY8KNSFC,2026-10-06T11:39:02.277106+00:00
Amazon,Lenovo,"Lenovo V15 AMD Ryzen 3 7320U 15.6"" (39.62cm) FHD 250 Nits Antiglare Thin and Light Laptop (8GB/512GB SSD/Windows 11/Arctic Grey/1.65 Kg), 82YU00W7IN",Ultrabook,15.6,1920x1080,,0,,AMD,Ryzen 3,7320U,Zen 4,,,8,,512,SSD,,AMD,AMD Radeon Graphics,8,Integrated,Windows 11,1.65,,589.20,49100,INR,https://www.amazon.in/dp/B0CSFW9D4W,2026-10-06T11:39:02.277106+00:00
Amazon,Lenovo,"Lenovo ThinkPad P16s Gen 2 16"" WQUXGA OLED Mobile Workstation, AMD Ryzen 7 PRO 7840U 3.3GHz, 64GB RAM, 1TB SSD, Windows 11 Pro, Villi Black",Workstation,16.0,,OLED,0,,AMD,Ryzen 7,,,3.3,,64,,64,SSD,1000,AMD,AMD Radeon Graphics,64,Integrated,Windows 11,,,4799.88,399990,INR,https://www.amazon.in/dp/B0CJMPQSHN,2026-10-06T11:39:02.277106+00:00
Amazon,,𝗗𝗲𝗹𝗹Laptop Model 5470 𝗖𝗲𝗹𝗲𝗿𝗼𝗻 | 4GB RAM | 128GB SSD | 14” FHD Display | Seller Warranty | A+ Condition (Refab),Notebook,,1920x1080,,0,,,,,,,,4,,128,SSD,,,,4,,,,,252.00,21000,INR,https://www.amazon.in/dp/B0HFCKQ3LD,2026-10-06T11:39:02.277106+00:00
Amazon,Acer,"acer Predator Helios 16 AI, Intel Core Ultra 9 Processor,RTX 5090-24 GB GDDR7,32 GB/1 TB, WQXGA OLED, 16.0""/40.64 cm, 240Hz, Win 11 Home, Abyssal Black, 2.65 kg, PH16-73, RGB KB, Gaming Laptop",Gaming,16.0,2560x1600,OLED,0,240,Intel,Core Ultra 9,,Meteor Lake,,,24,,1000,SSD,,Nvidia,RTX 5090,24,Blackwell,Windows 11,2.65,,5999.88,499990,INR,https://www.amazon.in/dp/B0FGQH3QRV,2026-10-06T11:39:02.277106+00:00
Amazon,Lenovo,Lenovo ThinkPad X13 AI PC Intel Core Ultra 7 155U | Copilot Key | 32GB RAM | 1TB SSD | 13.3” WUXGA IPS 300 Nits | Win 11 Pro | Backlit | Fingerprint | 1.12 kg | 3Y Premier Support | Black– 21LUS07C00,Notebook,,1920x1200,IPS,0,,Intel,Core Ultra 7,155U,Meteor Lake,,,32,,1000,SSD,,Intel,Intel UHD Graphics,32,Integrated,Windows 11,1.12,,3180.00,265000,INR,https://www.amazon.in/dp/B0FDQXPD1Q,2026-10-06T11:39:02.277106+00:00
Amazon,Lenovo,"Lenovo LOQ AMD Ryzen 7 250 | NVIDIA RTX 5060 8GB (16GB RAM/512GB SSD/FHD IPS/144Hz Refresh Rate/572 AI TOPS/15.6"" (39.6cm)/Windows 11/Office 2024/Grey/2.4Kg), 83JG00H1IN Gaming Laptop",Gaming,15.6,1920x1080,IPS,0,144,AMD,Ryzen 7,,,,,16,,512,SSD,,Nvidia,RTX 5060,8,Blackwell,Windows 11,2.4,,2351.88,195990,INR,https://www.amazon.in/dp/B0H6PX1T21,2026-10-06T11:39:02.277106+00:00
Amazon,HP,"HP Victus, 14th Gen Intel Core i5-14450HX, 6GB RTX 3050, 24GB DDR5, 512GB SSD, FHD, 144Hz, IPS, 300 nits, 15.6''/39.6cm, Win11, M365* Office24, Mica Silver, 2.3kg, fa2303tx, RGB Gaming Laptop",Gaming,,1920x1080,IPS,0,144,Intel,Core i5,14450HX,14th Gen,,,24,DDR5,512,SSD,,Nvidia,RTX 3050,6,Ampere,,2.3,,1163.50,96958,INR,https://www.amazon.in/dp/B0FTF8B2SR,2026-10-06T11:39:02.277106+00:00
Amazon,Lenovo,"Lenovo LOQ, Intel Core i7 13th Gen 13700HX, NVIDIA RTX 5060 8GB, 16GB RAM, 1TB SSD, 15.6""(39.6cm), 144Hz, Windows 11, Office 2024, Grey, 2.4Kg, 83JE00U4IN, 572 AI Tops, 3 Mon. Game Pass Gaming Laptop",Gaming,15.6,,,0,144,Intel,Core i7,,13th Gen,,,16,,1000,SSD,,Nvidia,RTX 5060,8,Blackwell,Windows 11,2.4,,2175.60,181300,INR,https://www.amazon.in/dp/B0FLDRQKVQ,2026-10-06T11:39:02.277106+00:00
Amazon,HP,"HP Omen, 14th Gen Intel Core i9-14900HX, 8GB RTX 5060, 24GB DDR5(Upgradeable) 1TB SSD, 165Hz, 2k WUXGA, 3ms, 400 nits, 16''/40.6cm, Win11, M365* Office24, Black, 2.43kg, am0279TX, RGB, Gaming Laptop",Gaming,,2560x1440,,0,165,Intel,Core i9,14900HX,14th Gen,,,24,DDR5,1000,SSD,,Nvidia,RTX 5060,8,Blackwell,,2.43,,2639.88,219990,INR,https://www.amazon.in/dp/B0FM3SP8QZ,2026-10-06T11:39:02.277106+00:00
Amazon,Lenovo,"Lenovo LOQ 13th Gen Intel Core i7-13650HX 15.6"" (39.6cm) 144Hz 300Nits FHD Gaming Laptop (16GB/512GB SSD/Win 11/NVIDIA RTX 4050 6GB/1Yr ADP Free/MSO 24/Grey/2.3Kg), 83DV01A5IN",Gaming,15.6,1920x1080,,0,144,Intel,Core i7,13650HX,13th Gen,,,16,,512,SSD,,Nvidia,RTX 4050,16,Ada Lovelace,Windows 11,2.3,,1666.20,138850,INR,https://www.amazon.in/dp/B0G3B47HZF,2026-10-06T11:39:02.277106+00:00
Amazon,HP,"HP Professional 15 (2026), Intel (i5 14th Gen) Core 5 120U - (16 GB DDR5/512 GB SSD/Intel Iris Xe Graphic/Windows 11 Pro) Business Laptop/15.6"" FHD/Backlit + Fingerprint/Silver/Copilot/1.5kg/MSO 2024",Notebook,15.6,1920x1080,,0,,Intel,Core 5,120U,14th Gen,,,16,DDR5,512,SSD,,Intel,Iris Xe,16,Integrated,Windows 11,1.5,,869.76,72480,INR,https://www.amazon.in/dp/B0HLRSWLZN,2026-10-06T11:39:02.277106+00:00
Amazon,ASUS,"ASUS ProArt P16 OLED (2025), AMD Ryzen AI 9 HX 370, RTX 5080-16GB,64GB RAM, 2TB SSD, 16""/40.64cm Touchscreen, 4K, 120Hz,Windows 11,M365 Basic (1Year)*/Office 2024, Nano Black, 1.95Kg,H7606WW-SE023WS",Notebook,16.0,3840x2160,OLED,1,120,AMD,Ryzen AI 9,HX,Zen 5 (Strix),,,64,,64,SSD,2000,Nvidia,RTX 5080,16,Blackwell,Windows 11,1.95,,5279.88,439990,INR,https://www.amazon.in/dp/B0FYQ3CWRR,2026-10-06T11:39:02.277106+00:00
Amazon,Dell,"Dell G Series, Intel Core i5-13450HX, 13th Gen, NVIDIA RTX 3050-6GB, 16GB, 1TB SSD, FHD, 15.6""/39.62cm, Win 11, MSO'24, Dark Shadow Grey, 2.65Kg, [G15-5530], Orange Backlit Keyboard, Gaming Laptop",Gaming,15.6,1920x1080,,0,,Intel,Core i5,13450HX,13th Gen,,,16,,1000,SSD,,Nvidia,RTX 3050,6,Ampere,Windows 11,2.65,,1487.76,123980,INR,https://www.amazon.in/dp/B0CRKXDX83,2026-10-06T11:39:02.277106+00:00
Amazon,HP,"HP 15, AMD Ryzen 5 7520U,(16GB LPDDR5, 512GB SSD), Anti-Glare, Micro-Edge, FHD, 15.6''/39.6cm, Win 11, Office 24,M365 Basic(1yr)*,Silver, 1.59kg, fc0690au, FHD Camera, Backlit KB Laptop",Notebook,,1920x1080,Anti-Glare,0,,AMD,Ryzen 5,7520U,Zen 4,,,16,LPDDR5,512,SSD,,AMD,AMD Radeon Graphics,16,Integrated,Windows 11,1.59,,827.40,68950,INR,https://www.amazon.in/dp/B0CY2PLQ8N,2026-10-06T11:39:02.277106+00:00
Amazon,Lenovo,"Lenovo LOQ Essential AMD Ryzen 7 170 | NVIDIA RTX 4050 6GB (16GB RAM/512GB SSD/144Hz Refresh Rate/15.6"" (39.6cm)/Windows 11/Office Home 2024/3 Mon. Game Pass/Grey/1.8Kg), 83S000CPIN Gaming Laptop",Gaming,15.6,,,0,144,AMD,Ryzen 7,,,,,16,,512,SSD,,Nvidia,RTX 4050,6,Ada Lovelace,Windows 11,1.8,,1511.88,125990,INR,https://www.amazon.in/dp/B0GTZKGNM6,2026-10-06T11:39:02.277106+00:00
Amazon,HP,"HP Professional 15 (2026), Intel (i5 14th Gen) Core 5 120U - (24 GB DDR5/512 GB SSD/Intel Iris Xe Graphics/Windows 11 Home) Business Laptop/15.6"" FHD/Backlit + FingerPrint/Silver/Copilot Key/1.5kg/MSO",Notebook,15.6,1920x1080,,0,,Intel,Core 5,120U,14th Gen,,,24,DDR5,512,SSD,,Intel,Iris Xe,24,Integrated,Windows 11,1.5,,982.68,81890,INR,https://www.amazon.in/dp/B0HB3G6L8K,2026-10-06T11:39:02.277106+00:00
Amazon,Lenovo,"Lenovo LOQ 2024, AMD Ryzen 7 7435HS, NVIDIA RTX 4050-6GB, 24GB RAM, 512GB SSD, FHD IPS 144Hz 300Nits, 15.6""/39.6cm, Windows 11, Office 21, Grey, 2.4Kg, 83JC0045IN,100%sRGB,3 Mon.Gamepass Gaming Laptop",Gaming,15.6,1920x1080,IPS,0,144,AMD,Ryzen 7,7435HS,Zen 4,,,24,,512,SSD,,Nvidia,RTX 4050,6,Ada Lovelace,Windows 11,2.4,,1791.00,149250,INR,https://www.amazon.in/dp/B0D9H338J9,2026-10-06T11:39:02.277106+00:00
Amazon,HP,"HP Victus Gaming Laptop, 13th Gen Intel Core i5-13450HX, 6GB RTX 4050 GPU, 15.6-inch (39.6 cm), FHD, IPS, 144Hz, 300 nits, 16GB DDR5, 512GB SSD, RGB Backlit KB, B&O (Silver, 2.29 kg), fa2650TX",Gaming,,1920x1080,IPS,0,144,Intel,Core i5,13450HX,13th Gen,,,16,DDR5,512,SSD,,Nvidia,RTX 4050,6,Ada Lovelace,,2.29,,1427.88,118990,INR,https://www.amazon.in/dp/B0HHSL7XHM,2026-10-06T11:39:02.277106+00:00
Amazon,Lenovo,"Lenovo Yoga Pro 7 Aura Edition Intel Evo Core Ultra 9 285H (32GB RAM/1TB SSD/14.5"" (36.8cm)/3K OLED Touchscreen/AI PC/Copilot+ PC/Windows 11/Office Home 2024 AI Now/Grey/1.5Kg), 83KF004CIN",2-in-1,14.5,,OLED,1,,Intel,Core Ultra 9,285H,Arrow Lake,,,32,,1000,SSD,,Intel,Intel UHD Graphics,32,Integrated,Windows 11,1.5,,2327.88,193990,INR,https://www.amazon.in/dp/B0H28ZRDNY,2026-10-06T11:39:02.277106+00:00
Amazon,HP,"HP Business Laptop (2026) AMD Ryzen 5 7535U 8GB DDR5 RAM, 512GB SSD, AMD Radeon Graphics, Windows 11 Pro, 15.6"" HD Display, Thin & Light, Turbo Silver, 1.45 kg",Ultrabook,15.6,1366x768,,0,,AMD,Ryzen 5,7535U,Zen 4,,,8,DDR5,512,SSD,,AMD,Graphics,8,Integrated,Windows 11,1.45,,641.28,53440,INR,https://www.amazon.in/dp/B0GRJ3NMZ2,2026-10-06T11:39:02.277106+00:00
Amazon,Lenovo,"Lenovo LOQ 2024, Intel Core i5-13450HX, 13th Gen, NVIDIA RTX 4050-6GB, 16GB RAM, 512GB SSD, FHD 144Hz, 15.6""/39.6cm, Windows 11, Office Home 2024, Grey, 2.4Kg, 83DV018JIN, 1Yr ADP Free Gaming Laptop",Gaming,15.6,1920x1080,,0,144,Intel,Core i5,13450HX,13th Gen,,,16,,512,SSD,,Nvidia,RTX 4050,6,Ada Lovelace,Windows 11,2.4,,1618.62,134885,INR,https://www.amazon.in/dp/B0D49W5KZP,2026-10-06T11:39:02.277106+00:00
Amazon,Lenovo,"Lenovo IdeaPad Slim 3 13th Gen Core i5-13420H 15.3 inch (38.8cm) WUXGA IPS Laptop (16GB RAM/512GB SSD/Windows 11/Office Home 2024/Backlit Keyboard/1Yr ADP Free/3 Mon. Game Pass/Grey/1.6Kg), 83K100C6IN",Ultrabook,15.3,1920x1200,IPS,0,,Intel,Core i5,13420H,13th Gen,,,16,,512,SSD,,Intel,Intel Iris Xe Graphics,16,Integrated,Windows 11,1.6,,907.80,75650,INR,https://www.amazon.in/dp/B0FBGS6ZW8,2026-10-06T11:39:02.277106+00:00
Amazon,ASUS,"ASUS TUF A16 (2026),AMD Ryzen 7 170,RTX 4050-6GB,8GB RAM (Upgradeable),512GB SSD,FHD+,16""(40 cm),144Hz,Windows 11 Home,M365 Basic(1Y),Mecha Gray,2.2 Kg,FA607NUQ-RL208W,Gaming Laptop",Gaming,16.0,1920x1080,,0,144,AMD,Ryzen 7,,,,,8,,512,SSD,,Nvidia,RTX 4050,6,Ada Lovelace,Windows 11,2.2,,1523.76,126980,INR,https://www.amazon.in/dp/B0H25D59RF,2026-10-06T11:39:02.277106+00:00
Amazon,ASUS,"ASUS Vivobook 15 (2026),Intel Core 3 304 (Series 3-Latest Gen),Fingerprint Sensor,8GB RAM,512GB SSD,FHD,15.6""(39.6 cm),Win 11,M365 Basic(1Y),Office 2024,Terra Cotta,1.7 Kg,X1504MA-BQ424WS,AI Laptop",Notebook,15.6,1920x1080,,0,,Intel,Core 3,304,Raptor Lake Refresh,,,8,,512,SSD,,Intel,HD Graphics,8,Integrated,Windows 11,1.7,,707.88,58990,INR,https://www.amazon.in/dp/B0H8PBGTSC,2026-10-06T11:39:02.277106+00:00
Amazon,Lenovo,"Lenovo Legion 5 2026 AMD Ryzen 7 250 | NVIDIA RTX 5050 8GB (16GB RAM/512GB SSD/WQXGA OLED/165Hz/15.3""(38.8cm)/Windows 11/Office 2024+AI Now/Black/2.5Kg), 83Q7009JIN AI Powered Gaming Laptop",Gaming,15.3,2560x1600,OLED,0,165,AMD,Ryzen 7,,,,,16,,512,SSD,,Nvidia,RTX 5050,8,Blackwell,Windows 11,2.5,,2801.88,233490,INR,https://www.amazon.in/dp/B0HF8B5WV5,2026-10-06T11:39:02.277106+00:00
Amazon,Lenovo,"Lenovo Legion Pro 5 2025 Intel Core i7-14650HX| NVIDIA RTX 5060 8GB (32GB RAM/1TB SSD/WQXGA IPS/240Hz/16(40.64cm)/Windows 11/Office 2024+AI Now/Black/2.4Kg), 83NN0046IN AI Powered Gaming Laptop",Gaming,,2560x1600,IPS,0,240,Intel,Core i7,14650HX,14th Gen,,,32,,1000,SSD,,Nvidia,RTX 5060,8,Blackwell,Windows 11,2.4,,2686.68,223890,INR,https://www.amazon.in/dp/B0GGHF15QT,2026-10-06T11:39:02.277106+00:00
Amazon,HP,"HP Victus, AMD Ryzen 7 7445HS, 6GB RTX 3050, 16GB DDR5(Upgradeable) 512GB SSD, 144Hz, IPS, 300nits, FHD, 15.6''/39.6cm, Win11, M365* Office24, Blue, 2.29kg, fb3125AX, Backlit, DTS Audio, Gaming Laptop",Gaming,,1920x1080,IPS,0,144,AMD,Ryzen 7,7445HS,Zen 4,,,16,DDR5,512,SSD,,Nvidia,RTX 3050,6,Ampere,,2.29,,1240.80,103400,INR,https://www.amazon.in/dp/B0FNN3PHPC,2026-10-06T11:39:02.277106+00:00
Amazon,Lenovo,"Lenovo IdeaPad Slim 3 13th Gen Intel Core i5-13420H 15.3 inch (38.8cm) WUXGA IPS Laptop (16GB RAM/512GB SSD/Windows 11/Office 2024/Top Metal Cover/Backlit KB/Cosmic Blue/1.6Kg), 83K1016PIN",Ultrabook,15.3,1920x1200,IPS,0,,Intel,Core i5,13420H,13th Gen,,,16,,512,SSD,,Intel,Intel Iris Xe Graphics,16,Integrated,Windows 11,1.6,,1019.88,84990,INR,https://www.amazon.in/dp/B0GYZQJLMW,2026-10-06T11:39:02.277106+00:00
Amazon,Lenovo,"Lenovo LOQ Essential AMD Ryzen 7 7735HS | NVIDIA RTX 4050 6GB (16GB RAM/512GB SSD/144Hz Refresh Rate/15.6"" (39.6cm)/Windows 11/Office Home 2024/Grey/1.8Kg), 83S000FWIN Gaming Laptop",Gaming,15.6,,,0,144,AMD,Ryzen 7,7735HS,Zen 4,,,16,,512,SSD,,Nvidia,RTX 4050,6,Ada Lovelace,Windows 11,1.8,,1595.88,132990,INR,https://www.amazon.in/dp/B0H6QCSMJK,2026-10-06T11:39:02.277106+00:00
Amazon,Lenovo,"Lenovo V15 G4 IRU Laptop | 15.6"" FHD Anti-Glare | Intel Core i7-13620H 13th Gen (10 Cores) | 16GB LPDDR5 RAM, 512GB SSD | Windows 11 + Office 2021 | Wi-Fi 6, HD Cam | Iron Grey | 1-Year Warranty",Notebook,15.6,1920x1080,Anti-Glare,0,,Intel,Core i7,13620H,13th Gen,,10,16,LPDDR5,512,SSD,,Intel,HD Graphics,16,Integrated,Windows 11,,,908.28,75690,INR,https://www.amazon.in/dp/B0GG9WYZJ5,2026-10-06T11:39:02.277106+00:00
Amazon,HP,"HP 15 (2026), AMD Ryzen 5 Hexa Core 7535U - (8 GB DDR5/512 GB SSD/Radeon 660M Graphics/Windows 11 Home) Thin & Light Business Laptop/15.6"" FHD/Silver/Copilot Key/1.5 Kg/MS Office 2024",Ultrabook,15.6,1920x1080,,0,,AMD,Ryzen 5,7535U,Zen 4,,6,8,DDR5,512,SSD,,AMD,660M Graphics,8,Integrated,Windows 11,1.5,,641.76,53480,INR,https://www.amazon.in/dp/B0GQ17HB3V,2026-10-06T11:39:02.277106+00:00
Amazon,Acer,"Acer TravelLite TL04-41M 14.0"" FHD Thin and Light Laptop (AMD Ryzen 3 5400U / 16GB RAM / 512GB SSD/Windows 11 Home + MS Office Home & Student 2021 / Wi-Fi 6 / HD Webcam) Sleek Metal Body",Ultrabook,14.0,1920x1080,,0,,AMD,Ryzen 3,5400U,Zen 3,,,16,,512,SSD,,AMD,AMD Radeon Graphics,16,Integrated,Windows 11,,,598.68,49890,INR,https://www.amazon.in/dp/B0GVNP7J9Y,2026-10-06T11:39:02.277106+00:00
Amazon,ASUS,"ASUS Vivobook 16 (2026),Smartchoice,Intel Core Ultra 5 325 (Series 3), Intel iGPU,16GB RAM,512GB SSD,FHD+, 16""(40 cm),Win11,M365 Basic(1Y),Office 24,Quiet Blue,1.88 kg,X1607AA-MB037WS, Copilot+ AI PC",Notebook,16.0,1920x1080,,0,,Intel,Core Ultra 5,325,Panther Lake,,,16,,512,SSD,,Intel,HD Graphics,16,Integrated,,1.88,,1139.88,94990,INR,https://www.amazon.in/dp/B0GTVMDK72,2026-10-06T11:39:02.277106+00:00
Amazon,Dell,"Dell 15 AI Powered Laptop, Intel® Core™ Ultra 5 225H Processor, 8GB DDR5 RAM, 512GB SSD, 15.6"" FHD Anti-Glare Display, Standard Keyboard, Dedicated Copilot Key, Black, Win11 Home + MSO H&S'24, 1.66kg",Notebook,15.6,1920x1080,Anti-Glare,0,,Intel,,,,,,8,DDR5,512,SSD,,Intel,HD Graphics,8,Integrated,,1.66,,869.88,72490,INR,https://www.amazon.in/dp/B0GWHFBV9M,2026-10-06T11:39:02.277106+00:00
Amazon,Lenovo,"Lenovo Yoga 7 2-in-1 Intel Evo, Core Ultra 5 226V, 16GB RAM, 1TB SSD, WUXGA OLED, 14 (35.5cm), Windows 11, Office 24, Seashell, 1.38Kg, Copilot+ PC, Yoga Pen, 1Yr ADP, 83JQ000XIN, Convertible Laptop",2-in-1,,1920x1200,OLED,1,,Intel,Core Ultra 5,226V,Arrow Lake,,,16,,1000,SSD,,Intel,Intel UHD Graphics,16,Integrated,Windows 11,1.38,,1619.88,134990,INR,https://www.amazon.in/dp/B0F8QKWJC6,2026-10-06T11:39:02.277106+00:00
Amazon,HP,"HP 14, AMD Ryzen 7 7730U (16GB DDR4, 512GB SSD) FHD, Anti-Glare, Micro-Edge, 14''/35.6cm, Win11, M365 Basic(1yr), Office Home24, Silver,1.4kg, EM0104AU, FHD Camera w/Privacy Shutter, Backlit Laptop",Notebook,,1920x1080,Anti-Glare,0,,AMD,Ryzen 7,7730U,Zen 4,,,16,DDR4,512,SSD,,AMD,AMD Radeon Graphics,16,Integrated,,1.4,,959.88,79990,INR,https://www.amazon.in/dp/B0G92SHKTG,2026-10-06T11:39:02.277106+00:00
Amazon,HP,"HP 15, Intel Core i3-1315U-13th Gen Laptop (8GB DDR4 Ram,512GB SSD) Anti-Glare, Micro-Edge,15.6'"" FHD, Win11,M365 Basic(1yr),Office Home24, Silver,1.59kg, FHD Camera Shutter, 15-fd0569TU",Notebook,,1920x1080,Anti-Glare,0,,Intel,Core i3,1315U,13th Gen,,,8,DDR4,512,SSD,,Intel,HD Graphics,8,Integrated,,1.59,,663.48,55290,INR,https://www.amazon.in/dp/B0FKN7Z65N,2026-10-06T11:39:02.277106+00:00
Amazon,Lenovo,"Lenovo Yoga Slim 7 Aura Edition Intel Evo Core Ultra 5 226V (16GB RAM/1TB SSD/14 (35.5cm)/WUXGA OLED/Copilot+ PC/Windows 11/MSO 365 Basic+Office 2024/1Yr ADP/Seashell/1.19Kg), 83JX00G8IN AI Laptop",2-in-1,,1920x1200,OLED,1,,Intel,Core Ultra 5,226V,Arrow Lake,,,16,,1000,SSD,,Intel,Intel UHD Graphics,16,Integrated,Windows 11,1.19,,1715.88,142990,INR,https://www.amazon.in/dp/B0H6WVBVQ1,2026-10-06T11:39:02.277106+00:00
Amazon,Dell,"Dell 2024 Newest XPS 15 9530 Laptop for Business and Gaming, Intel Core i7-13700H (14 cores), Intel Arc Graphics A370M, 16GB DDR5 RAM, 1TB SSD, WiFi6, Backlit Keyboard, Win11 Pro, with Cefesfy Mouse",Gaming,,,,0,,Intel,Core i7,13700H,13th Gen,,14,16,DDR5,1000,SSD,,Intel,Arc Graphics,16,Alchemist,,,,2160.00,180000,INR,https://www.amazon.in/dp/B0CYPL8J52,2026-10-06T11:39:02.277106+00:00
Amazon,Acer,"acer TravelLite Thin Laptop AMD Ryzen 3 5400U | 8GB RAM, 512GB SSD | 14"" Full HD Anti-Glare Display | Windows 11 | MS Office | 1.34Kg | Black | 1 Year Warranty",Notebook,14.0,1920x1080,Anti-Glare,0,,AMD,Ryzen 3,5400U,Zen 3,,,8,,512,SSD,,AMD,AMD Radeon Graphics,8,Integrated,Windows 11,1.34,,533.88,44490,INR,https://www.amazon.in/dp/B0GVFJXWLQ,2026-10-06T11:39:02.277106+00:00
Amazon,HP,"HP 15, 13th Gen Intel Core i5-1334U Laptop (16GB DDR4, 512GB SSD) Anti-Glare, 15.6""/39.6cm, FHD, Win 11, Office 24, Silver, 1.59kg, Iris Xe Graphics, FHD Camera, Backlit KB, FD0577TU",Notebook,15.6,1920x1080,Anti-Glare,0,,Intel,Core i5,1334U,13th Gen,,,16,DDR4,512,SSD,,Intel,Iris Xe,16,Integrated,Windows 11,1.59,,1079.88,89990,INR,https://www.amazon.in/dp/B0D4LWYWF9,2026-10-06T11:39:02.277106+00:00
Amazon,HP,"HP HyperX OMEN 16 (Valorant Edition) AMD Ryzen 7 8745HX, 8GB-RTX 5060, 16GB DDR5 (Upgradeable) 1TB SSD, 165Hz, 2K, 400 nits, 3ms RT, 16''/40.6cm, Win11, Office24, Blue, 2.47kg, ap1010AX Gaming Laptop",Gaming,,2560x1440,,0,165,AMD,Ryzen 7,8745HX,Zen 4,,,16,DDR5,1000,SSD,,Nvidia,RTX 5060,8,Blackwell,,2.47,,2639.88,219990,INR,https://www.amazon.in/dp/B0H46FC8LR,2026-10-06T11:39:02.277106+00:00
Amazon,Acer,"Acer Aspire 3 Laptop A325-42 | 15.6"" (39.6 cm) FHD IPS Display | AMD Ryzen 3 5300U | 8GB DDR4 RAM | 256GB NVMe SSD | Windows 11 Home | AMD Radeon Graphics | Wi-Fi 6 | Steel Gray | 1.78 Kg",Notebook,15.6,1920x1080,IPS,0,,AMD,Ryzen 3,5300U,Zen 3,,,8,DDR4,256,SSD,,AMD,Graphics,8,Integrated,Windows 11,1.78,,487.20,40600,INR,https://www.amazon.in/dp/B0HG9GSQTR,2026-10-06T11:39:02.277106+00:00
Amazon,HP,"HP 15, Ci7-13620H 13th Gen Laptop (16GB DDR4, 512GB SSD) Anti-Glare, Micro-Edge, 15.6''/39.6cm, FHD, Win11, M365 Basic(1yr), Office Home24, Silver,1.65kg, FHD Camera W P. Shutter, Backlit,15-Fr0025TU",Notebook,,1920x1080,Anti-Glare,0,,Apple,M3,M3,M3,,,16,DDR4,512,SSD,,Apple,M3  GPU,16,M3,,1.65,,1198.80,99900,INR,https://www.amazon.in/dp/B0FJ26H614,2026-10-06T11:39:02.277106+00:00
Amazon,Lenovo,"Lenovo IdeaPad Slim 3 13th Gen Intel Core i5-13420H 15.6"" (39.6cm) FHD 300 Nits Thin & Light Laptop (16GB/512GB SSD/Win 11/Office 21/1Yr ADP Free/Alexa/3 Month Game Pass/Grey/1.62Kg), 83EM0026IN",Ultrabook,15.6,1920x1080,,0,,Intel,Core i5,13420H,13th Gen,,,16,,512,SSD,,Intel,HD Graphics 300,16,Integrated,Windows 11,1.62,,910.20,75850,INR,https://www.amazon.in/dp/B0CNVH6Z24,2026-10-06T11:39:02.277106+00:00
Amazon,Lenovo,"Lenovo LOQ 12th Gen Core i5-12450HX | NVIDIA RTX 3050 6GB (16GB RAM/512GB SSD/15.6"" (39.6cm)/Windows 11/Office Home 2024/100% sRGB/Grey/2.4Kg), 83GS00LNIN Gaming Laptop",Gaming,15.6,,,0,,Intel,Core i5,12450HX,12th Gen,,,16,,512,SSD,,Nvidia,RTX 3050,6,Ampere,Windows 11,2.4,,1367.87,113989,INR,https://www.amazon.in/dp/B0DPQGVH85,2026-10-06T11:39:02.277106+00:00
Amazon,Dell,"Dell 15 (Previously Inspiron) Laptop, 14th Gen Intel Core i3/Core 3 100U Processor, 16GB DDR4, 512 SSD, Intel UHD Graphics, 15.6"" FHD 120Hz IPS AG 250 nit Display, Win 11 + Office 2024, Black, 1.63Kg",Notebook,15.6,3840x2160,IPS,0,120,Intel,Core 3,100U,14th Gen,,,16,DDR4,,,,Intel,UHD Graphics,16,Integrated,Windows 11,1.63,,797.88,66490,INR,https://www.amazon.in/dp/B0GV1L119H,2026-10-06T11:39:02.277106+00:00
Amazon,Dell,"Dell Inspiron 15 Touchscreen Business Laptop, Lifetime Office, AI Copilot, 15.6” FHD IPS, 10-Core Intel i5 (Upto 4.5GHz), 32GB RAM & 1TB Storage (512GB SSD+500GB Ext), Wi-Fi 6, HubxcelAccs, Win 11 Pro",Notebook,,1920x1080,IPS,1,,Intel,Core i5,,,4.5,10,32,,1000,STORAGE,512,Intel,HD Graphics,32,Integrated,Windows 11,,,2361.01,196751,INR,https://www.amazon.in/dp/B0G2HPM4R5,2026-10-06T11:39:02.277106+00:00
Amazon,Acer,"Acer Aspire 3, Intel Core 3-100U Processor, 8GB RAM/256GB SSD, 14.0""/35.56 cm, Full HD IPS Display, Windows 11 Home, Intel UHD Graphics, Steel Gray, 1.45 Kg, A324-53, Premium Thin and Light Laptop",Ultrabook,14.0,3840x2160,IPS,0,,Intel,Core 3,100U,Raptor Lake Refresh,,,8,,256,SSD,,Intel,HD Graphics,8,Integrated,Windows 11,1.45,,539.88,44990,INR,https://www.amazon.in/dp/B0H75PQ2P1,2026-10-06T11:39:02.277106+00:00
Amazon,Acer,Acer TravelLite Smart Laptop | AMD Ryzen 7 7730U | 32GB RAM | 1TB NVMe SSD,Notebook,,,,0,,AMD,Ryzen 7,7730U,Zen 4,,,32,,1000,SSD,,AMD,AMD Radeon Graphics,32,Integrated,,,,1079.99,89999,INR,https://www.amazon.in/dp/B0HFMXBSV7,2026-10-06T11:39:02.277106+00:00
Amazon,Lenovo,"Lenovo LOQ Intel Core i7-13650HX 15.6"" (39.6cm) 144Hz 300Nits FHD Gaming Laptop (16GB/512GB SSD/Win 11/NVIDIA RTX 3050 6GB Graphics/100% sRGB/Office 24/1Yr ADP Free/Grey/2.4Kg), 83DV018PIN",Gaming,15.6,1920x1080,,0,144,Intel,Core i7,13650HX,13th Gen,,,16,,512,SSD,,Nvidia,RTX 3050,16,Ampere,Windows 11,2.4,,1545.60,128800,INR,https://www.amazon.in/dp/B0CX8RYYVR,2026-10-06T11:39:02.277106+00:00
Amazon,Lenovo,"Lenovo IdeaPad Slim 3, Intel Core i5-13420H, 13th Gen, 16GB RAM, 512GB SSD, FHD IPS, 14""/35.56cm, Windows 11, MS Office 21, Grey, 1.3Kg, 83EL003PIN, Alexa Built-in Laptop",Ultrabook,14.0,1920x1080,IPS,0,,Intel,Core i5,13420H,13th Gen,,,16,,512,SSD,,Intel,HD Graphics,16,Integrated,Windows 11,1.3,,935.99,77999,INR,https://www.amazon.in/dp/B0DP595V9S,2026-10-06T11:39:02.277106+00:00
Amazon,Lenovo,"Lenovo LOQ Intel Core i7-13645HX| NVIDIA RTX 4050 6GB (16GB RAM/512GB SSD/144Hz Refresh Rate/15.6"" (39.6cm)/Windows 11/Office Home 2024/Grey/2.4Kg), 83DV01K0IN AI Gaming Laptop",Gaming,15.6,,,0,144,Intel,Core i7,13645HX,13th Gen,,,16,,512,SSD,,Nvidia,RTX 4050,6,Ada Lovelace,Windows 11,2.4,,1871.88,155990,INR,https://www.amazon.in/dp/B0H6Q3BBZG,2026-10-06T11:39:02.277106+00:00
Amazon,HP,"HP OmniBook 5 (Previously Pavilion) 50 Tops, AMD Ryzen AI 7 350 (16GB LPDDR5X, 512GB SSD) WUXGA 2K, Touch, 16''/40.6cm, Win11,Office24, Silver, 1.8kg, ag1048au, Next-Gen AI Copilot+ Laptop",Notebook,,2560x1440,,1,,AMD,Ryzen AI 7,350,Zen 5 (Strix),,,16,LPDDR5X,512,SSD,,AMD,AMD Radeon Graphics,16,Integrated,,1.8,,1127.88,93990,INR,https://www.amazon.in/dp/B0F1DDQFWS,2026-10-06T11:39:02.277106+00:00
Amazon,HP,"HP OmniBook 5 OLED ● Intel Core Ultra 5 322 ● 45 TOPS● (16GB LPDDR5x,512GB SSD) ●2K 14''/35.6cm ● Win11 ● Office24 ● Sahara Silver●1.3kg ●hh0099TU ●mini GaN Charger● Upto 29hrs battery life ●AI Laptop",Notebook,,2560x1440,OLED,0,,Intel,Core Ultra 5,322,Panther Lake,,,16,LPDDR5X,512,SSD,,Intel,Intel UHD Graphics,16,Integrated,,1.3,,1283.88,106990,INR,https://www.amazon.in/dp/B0H5TBVM73,2026-10-06T11:39:02.277106+00:00
Amazon,ASUS,"ASUS TUF A15 (2026), AMD Ryzen 7 170,RTX 3050-4GB,16GB RAM (Upgradeable),512GB SSD,FHD, 15.6""(39.6 cm),144Hz,Win 11,M365 Basic(1 Year),Office 24, Graphite Black, 2.3 Kg, FA506NCQ-HN007WS,Gaming Laptop",Gaming,15.6,1920x1080,,0,144,Intel,,,,,,16,,512,SSD,,Nvidia,RTX 3050,4,Ampere,Windows 11,2.3,,1205.99,100499,INR,https://www.amazon.in/dp/B09B2DNZFG,2026-10-06T11:39:02.277106+00:00
Amazon,Lenovo,"Lenovo 14 (2025), Intel Core i7 12th Gen 1255U - (16 GB/512 GB SSD/Intel Iris Xe Graphics/Windows 11 Pro) Thin and Light Business Laptop/14.0"" FHD Display/Iron Grey/1.4 kg/MS Office 2021",Ultrabook,14.0,1920x1080,,0,,Intel,Core i7,,12th Gen,,,16,,512,SSD,,Intel,Iris Xe,16,Integrated,Windows 11,1.4,,935.88,77990,INR,https://www.amazon.in/dp/B0F6QGZHG2,2026-10-06T11:39:02.277106+00:00
Amazon,ASUS,"ASUS ProArt PZ14 (2026),Snapdragon® X2 Elite,Qualcomm Adreno iGPU,32GB/1TB,3K OLED,Touchscreen,14""(35.5 cm),144Hz,Win 11,M365 Basic(1Y),Office 24,Black,0.79 Kg,HT7407NA-SN024WS,Creator/Gaming Laptop",Gaming,14.0,,OLED,1,144,Intel,,,,,,32,,1000,SSD,,Apple,M3  GPU,32,M3,Windows 11,0.79,,3239.88,269990,INR,https://www.amazon.in/dp/B0H26CWY1Y,2026-10-06T11:39:02.277106+00:00
Amazon,ASUS,"ASUS Vivobook Go 14 (2026),AMD Ryzen 5 40, AMD Radeon iGPU,16GB RAM,512GB SSD,FHD, 14""(35.5 cm),Windows 11 Home,M365 Basic(1 Year)* Office 2024,Cool Silver,1.38 Kg,E1404FA-EB1226WS,Thin & Light Laptop",Ultrabook,14.0,1920x1080,,0,,AMD,Ryzen 5,,,,,16,,512,SSD,,AMD,iGPU,16,Integrated,Windows 11,1.38,,863.88,71990,INR,https://www.amazon.in/dp/B0GVNSWSS9,2026-10-06T11:39:02.277106+00:00
Amazon,ASUS,"ASUS TUF A14 (2026),AMD Ryzen AI 9 465,RTX 5060-8GB,16GB RAM,512GB SSD,FHD+,14""(35.5 cm),165Hz,Windows 11 Home,M365 Basic(1Y),Office 2024,Jaeger Gray,1.4 Kg,FA401GM-RG038WS,Gaming Laptop",Gaming,14.0,1920x1080,,0,165,AMD,Ryzen AI 9,465,Zen 5 (Strix),,,16,,512,SSD,,Nvidia,RTX 5060,8,Blackwell,Windows 11,1.4,,2399.88,199990,INR,https://www.amazon.in/dp/B0H25T61V9,2026-10-06T11:39:02.277106+00:00
Amazon,HP,"HP 250R G10 Business Laptop 15.6-Inch FHD IPS Display Intel Core 3-100U Processor, 8GB DDR4 RAM, 512GB NVMe SSD, Intel Graphics, Turbo Silver, DOS",Notebook,,1920x1080,IPS,0,,Intel,Core 3,100U,Raptor Lake Refresh,,,8,DDR4,512,SSD,,Intel,HD Graphics,8,Integrated,DOS,,,579.36,48280,INR,https://www.amazon.in/dp/B0G35BLZV4,2026-10-06T11:39:02.277106+00:00
Amazon,HP,"HP Pavilion Plus, 13th Gen Intel Core i5-1335U Laptop (16GB DDR5, 512GB SSD) IPS WUXGA Anti-Glare, 14""/35.6cm, Win 11, MS Office, Silver, 1.44kg, Intel Iris Xe Graphics, 5MP IR Camera, ew0116TU/0107tu",Notebook,14.0,1920x1200,IPS,0,,Intel,Core i5,1335U,13th Gen,,,16,DDR5,512,SSD,,Intel,Iris Xe,16,Integrated,Windows 11,1.44,,993.98,82832,INR,https://www.amazon.in/dp/B0CWDBJ3Q8,2026-10-06T11:39:02.277106+00:00
Amazon,HP,"HP Professional 14 (2025), Intel Core i5 13th Gen 1334U - (32 GB/512 GB SSD/Intel Iris Xe Graphic/Windows 11 Pro) Thin and Light Business Laptop/14.0"" FHD/Backlit + Fingerprint/Silver/1.4 Kg/MSO 2021",Ultrabook,14.0,1920x1080,,0,,Intel,Core i5,,13th Gen,,,32,,512,SSD,,Intel,Iris Xe,32,Integrated,Windows 11,1.4,,959.99,79999,INR,https://www.amazon.in/dp/B0FVK16K5Y,2026-10-06T11:39:02.277106+00:00
Amazon,HP,"HP Victus, AMD Ryzen 7 7445HS, 4GB RTX 2050, 16GB DDR5(Upgradeable) 512GB SSD, FHD, 144Hz, 300 nits, IPS, 15.6'', Win11, M365* Office24, Blue, 2.29kg, fb3189ax /3122/ 23ax Backlit, Gaming Laptop",Gaming,,1920x1080,IPS,0,144,AMD,Ryzen 7,7445HS,Zen 4,,,16,DDR5,512,SSD,,Nvidia,RTX 2050,4,Turing,,2.29,,1140.00,95000,INR,https://www.amazon.in/dp/B0FQWH1TT3,2026-10-06T11:39:02.277106+00:00
Amazon,ASUS,"ASUS Vivobook S16 (2026), Smartchoice,Intel Core Ultra 7 355 (Series 3),16GB RAM, 1TB SSD, OLED, 16""(40 cm),Win 11, M365 Basic(1 Year), Office 2024, Matte Gray,1.7 Kg, S3607AA-SH089WS, Copilot+ PC",Notebook,16.0,,OLED,0,,Intel,Core Ultra 7,355,Panther Lake,,,16,,1000,SSD,,Intel,Intel UHD Graphics,16,Integrated,Windows 11,1.7,,1799.88,149990,INR,https://www.amazon.in/dp/B0GTVRDRFH,2026-10-06T11:39:02.277106+00:00
Amazon,HP,"HP 14, 13th Gen Intel Core i5-1334U Laptop (16GB DDR4,512GB SSD) Anti-Glare, Micro-Edge, 14/35.6cm, FHD, Win11, M365 Basic(1yr),Office Home24, Silver,1.4kg, FHD Camera w/Privacy Shutter,ep0340TU",Notebook,,1920x1080,Anti-Glare,0,,Intel,Core i5,1334U,13th Gen,,,16,DDR4,512,SSD,,Intel,HD Graphics,16,Integrated,,1.4,,1979.88,164990,INR,https://www.amazon.in/dp/B0F9TNNKYZ,2026-10-06T11:39:02.277106+00:00
Amazon,Lenovo,"Lenovo IdeaPad Slim 3, Intel Core Ultra 5 322, Next-Gen AI PC, 16GB RAM, 512GB SSD, WUXGA IPS, 15.3"" (38.8cm), Windows 11, Office 2024, Grey, 1.6Kg, 83UR009QIN, Copilot+ PC, Backlit Keyboard, Laptop",Ultrabook,15.3,1920x1200,IPS,0,,Intel,Core Ultra 5,322,Panther Lake,,,16,,512,SSD,,Intel,Intel UHD Graphics,16,Integrated,Windows 11,1.6,,1331.88,110990,INR,https://www.amazon.in/dp/B0H3PV7418,2026-10-06T11:39:02.277106+00:00
Amazon,Lenovo,"Lenovo LOQ 2024, 12th Gen Intel Core i5 12450HX, RTX 3050-6GB, 16GB RAM, 512GB SSD, FHD, 15.6""/39.6cm, 144Hz, Windows 11, Office 2024, Grey, 2.4Kg, 83GS00PJIN, 3 Mon. Game Pass, Gaming Laptop",Gaming,15.6,1920x1080,,0,144,Intel,Core i5,12450HX,12th Gen,,,16,,512,SSD,,Nvidia,RTX 3050,6,Ampere,Windows 11,2.4,,1439.88,119990,INR,https://www.amazon.in/dp/B0D49RN3X6,2026-10-06T11:39:02.277106+00:00
Amazon,HP,"HP 15, Core 5-120U (16GB DDR4, 512GB SSD) FHD, Anti-Glare, Micro-Edge, 15.6''/39.6cm, Win11, M365 Basic(1yr)* Office24, Silver, 1.59kg, fd0665tu, Backlit, FHD Camera w/Shutter Laptop",Notebook,,1920x1080,Anti-Glare,0,,Apple,M3,M3,M3,,,16,DDR4,512,SSD,,Apple,M3  GPU,16,M3,,1.59,,920.39,76699,INR,https://www.amazon.in/dp/B0FK2LW6H2,2026-10-06T11:39:02.277106+00:00
Amazon,,"Aspire Lite 13th Gen Intel Core i5-1334U, Office 2024 + M365 Basic, 16 GB RAM/512GB SSD, Full HD, 15.6""/39.62 cm, Win 11 Home, Backlit KB, Steel Gray, 1.59 KG, AL15-53, Metal Body, Thin & Light Laptop",Ultrabook,15.6,1920x1080,,0,,Intel,Core i5,1334U,13th Gen,,,16,,512,SSD,,Intel,HD Graphics,16,Integrated,Windows 11,1.59,,779.76,64980,INR,https://www.amazon.in/dp/B0DPXBBPB7,2026-10-06T11:39:02.277106+00:00
Amazon,HP,"HP 15, 13th Gen Intel Core i3-1315uLaptop 8GB DDR4,512GB SSD Anti-Glare, Micro-Edge,15.6''/39.6cm, FHD, Win11,M365 Basic(1yr),Office Home24, Silver,1.59kg, FHD Camera w/Privacy Shutter, fd0569TU",Notebook,,1920x1080,Anti-Glare,0,,Intel,Core i3,1315uLaptop,13th Gen,,,8,DDR4,512,SSD,,Intel,HD Graphics,8,Integrated,,1.59,,649.20,54100,INR,https://www.amazon.in/dp/B0F4R5W1NC,2026-10-06T11:39:02.277106+00:00
Amazon,Lenovo,"Lenovo LOQ Intel Core i7-14700HX | NVIDIA RTX 5050 8GB (16GB RAM/512GB SSD/144Hz Refresh Rate/440 AI TOPS/15.6"" (39.6cm)/Windows 11/Office 2024/Grey/2.4Kg), 83JE01KLIN Gaming Laptop",Gaming,15.6,,,0,144,Intel,Core i7,14700HX,14th Gen,,,16,,512,SSD,,Nvidia,RTX 5050,8,Blackwell,Windows 11,2.4,,2147.88,178990,INR,https://www.amazon.in/dp/B0H6PTK6SZ,2026-10-06T11:39:02.277106+00:00
Amazon,Lenovo,"Lenovo V15 G4 Laptop AMD Ryzen 5 7520U | 16GB DDR5 RAM | 512GB SSD | 15.6"" FHD Display | Pre-Installed Windows 11, MS Office 2024 | 1 Year Warranty",Notebook,15.6,1920x1080,,0,,AMD,Ryzen 5,7520U,Zen 4,,,16,DDR5,512,SSD,,AMD,AMD Radeon Graphics,16,Integrated,Windows 11,,,707.99,58999,INR,https://www.amazon.in/dp/B0H9L4H329,2026-10-06T11:39:02.277106+00:00
Amazon,Lenovo,"Lenovo ThinkPad P16 Gen 3 (16"") Mobile Workstation - Intel Core Ultra 9 275HX | NVIDIA RTX PRO 4000 16GB GPU | 64GB DDR5 RAM | 2TB SSD | 3.2K OLED Touch Screen | Windows 11 Pro | AI Development",Workstation,16.0,2560x1440,OLED,1,,Intel,Core Ultra 9,275HX,Arrow Lake,,,64,DDR5,64,SSD,2000,Intel,Intel UHD Graphics,16,Integrated,Windows 11,,,5998.79,499899,INR,https://www.amazon.in/dp/B0G5RW366T,2026-10-06T11:39:02.277106+00:00
Amazon,,"MaxBook 14” FHD Laptop, pentium N4200, 8GB RAM, 256GB SSD, WiFi & Bluetooth, USB 3.2, Mini HDMI, Windows 11 Notebook, Lightweight Laptop for Work & Study",Notebook,,1920x1080,,0,,Intel,Pentium,N4200,Budget,,,8,,256,SSD,,Intel,Intel UHD Graphics,8,Integrated,Windows 11,,,323.88,26990,INR,https://www.amazon.in/dp/B0GCDQ81RY,2026-10-06T11:39:02.277106+00:00
Amazon,Acer,acer TravelLite Bussines Laptop TL04-51M | Core 5-120U | 14 INCH FHD IPS | 8GB DDR4 | 512GB | WiFi 6+ BT 5.2 | 1MP HD-CAM | 36WHR | 45W | Black | Windows 11 Home (UN.36JSI.005),Notebook,14.0,1920x1080,IPS,0,,,,,,,,8,DDR4,512,SSD,,,,8,,Windows 11,,,605.88,50490,INR,https://www.amazon.in/dp/B0GRG7ZHZ6,2026-10-06T11:39:02.277106+00:00
Amazon,Lenovo,"Lenovo LOQ Intel Core i7-13650HX | NVIDIA RTX 5060 8GB (16GB RAM/1TB SSD/144Hz Refresh Rate/572 AI TOPS/15.6"" (39.6cm)/Windows 11/Office 2024/Grey/2.4Kg), 83JE01F0IN Gaming Laptop",Gaming,15.6,,,0,144,Intel,Core i7,13650HX,13th Gen,,,16,,1000,SSD,,Nvidia,RTX 5060,8,Blackwell,Windows 11,2.4,,2243.88,186990,INR,https://www.amazon.in/dp/B0H6Q9HV6S,2026-10-06T11:39:02.277106+00:00
Amazon,Lenovo,"Lenovo LOQ 2024 AMD Ryzen 7 8845HS 15.6"" (39.6cm) 144Hz 300Nits FHD IPS Gaming Laptop (16GB/512GB SSD/NVIDIA RTX 4050 6GB Graphics/100% sRGB/Win 11/Office 21/3 Mon. Game Pass/Grey/2.4Kg), 83DX005KIN",Gaming,15.6,1920x1080,IPS,0,144,AMD,Ryzen 7,8845HS,Zen 4,,,16,,512,SSD,,Nvidia,RTX 4050,16,Ada Lovelace,Windows 11,2.4,,1859.88,154990,INR,https://www.amazon.in/dp/B0D4M598Q3,2026-10-06T11:39:02.277106+00:00
Amazon,Samsung,"Samsung Galaxy Book4 (Gray, 16GB RAM, 512GB SSD)| 15.6"" Full HD Screen| Intel i7 14th Gen 150U Processor| Windows 11 Home| MS Office 2021| Fingerprint Reader| Intel Iris XE Graphics| RJ45 LAN Port",Notebook,15.6,1920x1080,,0,,Intel,Core i7,,14th Gen,,,16,,512,SSD,,Intel,Iris XE,16,Integrated,Windows 11,,,1112.04,92670,INR,https://www.amazon.in/dp/B0CX58Y4W6,2026-10-06T11:39:02.277106+00:00
Amazon,Lenovo,"Lenovo IdeaPad Slim 5 Intel Core Ultra 5 322 Next-Gen AI PC (16GB RAM/512GB SSD/14 (35.5cm)/WUXGA OLED/Copilot+ PC/Windows 11/MSO 365 Basic+Office 2024/1Yr ADP Free/Grey/1.4Kg), 83S5005LIN",Ultrabook,,1920x1200,OLED,0,,Intel,Core Ultra 5,322,Panther Lake,,,16,,512,SSD,,Intel,Intel UHD Graphics,16,Integrated,Windows 11,1.4,,1445.88,120490,INR,https://www.amazon.in/dp/B0H29KH5WL,2026-10-06T11:39:02.277106+00:00
Amazon,Microsoft,"Microsoft Surface Laptop 15"" - Snapdragon X2 Elite 12C - 32GB RAM - 1TB SSD - PixelSense Touchscreen - Black - Windows 11 Home Copilot+ PC - 8th Edition - EP2-60280 365 for 6 Months*",Notebook,15.0,,,1,,Qualcomm,Snapdragon X2,Elite,Snapdragon,,,32,,1000,SSD,,,,32,,Windows 11,,,3887.88,323990,INR,https://www.amazon.in/dp/B0H8PYZ6GL,2026-10-06T11:39:02.277106+00:00
Amazon,Lenovo,"Lenovo V14 Intel Core i3 13th Gen 1315U 14.0"" FHD Display Laptop",Notebook,14.0,1920x1080,,0,,Intel,Core i3,,13th Gen,,,,,,,,Intel,HD Graphics,,Integrated,,,,647.88,53990,INR,https://www.amazon.in/dp/B0FMW68DRJ,2026-10-06T11:39:02.277106+00:00
Amazon,Lenovo,"Lenovo IdeaPad Slim 3 13th Gen Intel Core i3-1315U 15.6"" (39.6cm) FHD Thin and Light Laptop (8GB RAM/512GB SSD/FHD 1080p Camera/Windows 11/Office 2024/Grey/1.6Kg), 82X700M5IN",Ultrabook,15.6,1920x1080,,0,,Intel,Core i3,1315U,13th Gen,,,8,,512,SSD,,Intel,HD Graphics,8,Integrated,Windows 11,1.6,,815.88,67990,INR,https://www.amazon.in/dp/B0H6WDV3GH,2026-10-06T11:39:02.277106+00:00
Amazon,HP,HP OmniBook 7 Smartchoice OLED ● Intel Core Ultra X7 358H● 50 Tops● 32GB LPDDR5x● 1TB SSD● 3K(2880 x 1800)●14''/35.6cm● 500nits● 0.2ms ●Win11● Office24● Silver● 1.4kg● hg0062TU● GaN Charger● Laptop,Notebook,,2880x1800,OLED,0,,Intel,,,,,,32,LPDDR5X,1000,SSD,,Intel,Intel UHD Graphics,32,Integrated,,1.4,,2999.88,249990,INR,https://www.amazon.in/dp/B0HDPMXFSQ,2026-10-06T11:39:02.277106+00:00
Amazon,Dell,"DELL Latitude 5450 Intel Core Ultra 7 165U Ordinateur portable 35.6 cm (14"") Full HD 16 Go DDR5-SDRAM 512 Go SSD Wi-Fi",Notebook,14.0,1920x1080,,0,,Intel,Core Ultra 7,165U,Meteor Lake,,,,DDR5,,,,Intel,HD Graphics 16,,Integrated,,,,2039.88,169990,INR,https://www.amazon.in/dp/B0D58MH6DZ,2026-10-06T11:39:02.277106+00:00
Amazon,HP,"HP 14 AI, Intel Core Ultra 7 155H (16GB DDR5, 512GB SSD) FHD, Anti-Glare, 14""/35.6cm, Win11, Office21, Silver, 1.4kg, gr1023TU, Intel Arc Graphics, FHD Camera w/Shutter, Backlit Kb AI Powered Laptop",Notebook,14.0,1920x1080,Anti-Glare,0,,Intel,Core Ultra 7,155H,Meteor Lake,,,16,DDR5,512,SSD,,Intel,Arc Graphics,16,Alchemist,,1.4,,1163.88,96990,INR,https://www.amazon.in/dp/B0D8J85F5X,2026-10-06T11:39:02.277106+00:00
Amazon,HP,HP OmniBook 3 ● Intel Core Ultra 5 322● 46 Tops● 16GB DDR5 (Upgradeable)● 512GB SSD● 2K●14''/35.6cm● 300nits● Win11● Office24● Silver● 1.4kg● hs0052TU● Lighter mini GaN Charger● AI Laptop,Notebook,,2560x1440,,0,,Intel,Core Ultra 5,322,Panther Lake,,,16,DDR5,512,SSD,,Intel,Intel UHD Graphics,16,Integrated,,1.4,,1439.88,119990,INR,https://www.amazon.in/dp/B0H5Y7YX9R,2026-10-06T11:39:02.277106+00:00
Amazon,ASUS,"ASUS Vivobook Go 15 (2026),AMD Ryzen 5 40,AMD Radeon iGPU,16GB RAM,512GB SSD,FHD,15.6""(39.6 cm),Windows 11 Home,M365 Basic(1 Year),Office 2024,Cool Silver,1.63 Kg,E1504FA-IN2816WS,Thin & Light Laptop",Ultrabook,15.6,1920x1080,,0,,Intel,N2816,WS,Budget,,,16,,512,SSD,,AMD,iGPU,16,Integrated,Windows 11,1.63,,863.88,71990,INR,https://www.amazon.in/dp/B0H8PB97NF,2026-10-06T11:39:02.277106+00:00
Amazon,HP,"HP Victus Smartchoice, AMD Ryzen 7 7445HS, 6GB RTX 4050, 16GB DDR5(Upgradeable) 512GB SSD, 144Hz, IPS, 300 nits, 15.6''/39.6cm, Win11, Office24, Blue, 2.29kg, fb3130AX/3118AX, Xbox pass*,Gaming Laptop",Gaming,,,IPS,0,144,AMD,Ryzen 7,7445HS,Zen 4,,,16,DDR5,512,SSD,,Nvidia,RTX 4050,6,Ada Lovelace,,2.29,,1499.88,124990,INR,https://www.amazon.in/dp/B0GVRZD89W,2026-10-06T11:39:02.277106+00:00
Amazon,MSI,"MSI Thin 15, Intel 13th Gen. i5-13420H, 40CM FHD 144Hz Gaming Laptop (16GB/1TB NVMe SSD/Windows 11 Home/NVIDIA GeForce RTX 3050, GDDR6 6GB/Cosmos Gray/1.86Kg) B13UDX-128IN",Gaming,,1920x1080,,0,144,Intel,Core i5,13420H,13th Gen,,,16,,1000,SSD,,Nvidia,RTX 3050,16,Ampere,Windows 11,1.86,,1055.88,87990,INR,https://www.amazon.in/dp/B097PL2SC9,2026-10-06T11:39:02.277106+00:00
Amazon,ASUS,"ASUS TUF Gaming F16,Smartchoice,Intel Core 5 210H (i5-14th Gen),RTX 4050-6GB,140WTGP,16GB,512GB,FHD+,16"",144Hz,Win 11,M365 Basic(1Year),Office-24,Mecha Gray,2.20 Kg, FX677VU-RL055WS, Gaming Laptop",Gaming,16.0,1920x1080,,0,144,Intel,Core 5,210H,14th Gen,,,16,,512,SSD,,Nvidia,RTX 4050,6,Ada Lovelace,Windows 11,2.20,,1703.88,141990,INR,https://www.amazon.in/dp/B0DXF2M5S5,2026-10-06T11:39:02.277106+00:00
Amazon,Acer,"Acer Aspire 7 Intel Core 5 210H - (16 GB/512 GB SSD/Windows 11 Home/6 GB Graphics/NVIDIA GeForce RTX 4050) A715-79G Gaming Laptop (15.6 inch, Flame Black, 1.99 kg, with MS Office",Gaming,15.6,,,0,,Intel,Core 5,210H,Raptor Lake Refresh,,,16,,512,SSD,,Nvidia,RTX 4050,16,Ada Lovelace,Windows 11,1.99,,1116.00,93000,INR,https://www.amazon.in/dp/B0H3TVZ4CR,2026-10-06T11:39:02.277106+00:00
Amazon,Apple,"Apple 2026 MacBook Air 13″ Laptop with M5 chip: AI and Apple Intelligence, 34.46 cm (13.6″) Liquid Retina Display, 24GB Unified Memory, 1TB SSD Storage, 12MP Center Stage Camera, Touch ID; Midnight",Ultrabook,,,Retina,1,,Intel,,,,,,24,,1000,SSD,,Intel,Intel UHD Graphics,24,Integrated,macOS,,,2339.88,194990,INR,https://www.amazon.in/dp/B0GR1C18B7,2026-10-06T11:39:02.277106+00:00
Amazon,Apple,"Apple 2026 MacBook Pro Laptop with M5 Max chip with 18‑core CPU and 40‑core GPU: Built for AI, 41.05 cm (16.2″) Liquid Retina XDR Display, 48GB Unified Memory, 2TB SSD Storage; Space Black",Ultrabook,,,Retina,0,,Apple,,,,,,48,,2000,SSD,,Apple, GPU,48,,macOS,,,7079.88,589990,INR,https://www.amazon.in/dp/B0GR1LB81D,2026-10-06T11:39:02.277106+00:00
Amazon,HP,"HP Smartchoice Victus, 14th Gen Intel Core i5-14450HX, 6GB RTX 3050, 24GB DDR5(Upgradeable) 512GB SSD, 144Hz, 300 nits, 15.6''/39.6cm, Win11, Office 24, Mica Silver, 2.3kg, fa2303/15tx, Gaming Laptop",Gaming,,,,0,144,Intel,Core i5,14450HX,14th Gen,,,24,DDR5,512,SSD,,Nvidia,RTX 3050,6,Ampere,,2.3,,1307.88,108990,INR,https://www.amazon.in/dp/B0G46HR61G,2026-10-06T11:39:02.277106+00:00
Amazon,Acer,"Acer ALG, Intel Core5-210H Processor, NVIDIA GeForceRTX 3050-4GB DDR6, Office 2024 + M365 Basic,16GB RAM/512GB SSD, FHD 15.6"", 144Hz, Win 11 Home, Titanium Gray, 1.99 KG, AL15G-53, Gaming Laptop",Gaming,15.6,1920x1080,,0,144,Intel,,,,,,4,,512,SSD,,Nvidia,RTX 3050,4,Ampere,Windows 11,1.99,,957.00,79750,INR,https://www.amazon.in/dp/B0H6J2QR44,2026-10-06T11:39:02.277106+00:00
Amazon,Lenovo,"Lenovo LOQ Intel Core i5-13450HX, NVIDIA RTX 3050 6GB, 16GB RAM, 512GB SSD, FHD IPS, 15.6"" (39.6cm), 144Hz Refresh Rate, Windows 11, Office Home 2024, Grey, 2.4Kg, 83DV018MIN, Gaming Laptop",Gaming,15.6,1920x1080,IPS,0,144,Intel,Core i5,13450HX,13th Gen,,,16,,512,SSD,,Nvidia,RTX 3050,6,Ampere,Windows 11,2.4,,1424.40,118700,INR,https://www.amazon.in/dp/B0GVD8MRQ2,2026-10-06T11:39:02.277106+00:00
Amazon,Acer,"Acer ALG, 13th Gen Intel Core i5-13420H, NVIDIA GeForce RTX 3050-6GB DDR6, 16GB RAM, 512GB SSD, FHD 15.6""/39.62 cm, 144Hz, Windows 11 Home, Steel Gray, 1.99 KG, AL15G-53,Gaming Laptop",Gaming,15.6,1920x1080,,0,144,Intel,Core i5,13420H,13th Gen,,,6,,512,SSD,,Nvidia,RTX 3050,6,Ampere,Windows 11,1.99,,1089.60,90800,INR,https://www.amazon.in/dp/B0DXVGVNKN,2026-10-06T11:39:02.277106+00:00
Amazon,Lenovo,"Lenovo LOQ Essential AMD Ryzen 7 170 | NVIDIA RTX 3050 6GB (16GB RAM/512GB SSD/FHD IPS/144Hz Refresh Rate/15.6"" (39.6cm)/Windows 11/Office Home 2024/Grey/1.8Kg), 83S000CRIN Gaming Laptop",Gaming,15.6,1920x1080,IPS,0,144,AMD,Ryzen 7,,,,,16,,512,SSD,,Nvidia,RTX 3050,6,Ampere,Windows 11,1.8,,1306.68,108890,INR,https://www.amazon.in/dp/B0GSVR9C3X,2026-10-06T11:39:02.277106+00:00
Amazon,HP,"HP Omen Smartchoice, Intel Core Ultra 7 255H, 8GB RTX 5060, 24GB DDR5(Upgradeable) 1TB SSD, 2K, 165Hz, 3ms, IPS, 16''/40.6cm, Win11, M365*Office24, Shadow Black, 2.43kg, am0238tx, RGB Gaming Laptop",Gaming,,2560x1440,IPS,0,165,Intel,Core Ultra 7,255H,Arrow Lake,,,24,DDR5,1000,SSD,,Nvidia,RTX 5060,8,Blackwell,,2.43,,2158.28,179857,INR,https://www.amazon.in/dp/B0G3V4R8LK,2026-10-06T11:39:02.277106+00:00
Amazon,ASUS,"ASUS ROG Zephyrus G16 (2026),Intel Core Ultra 9 386H (Series 3),RTX 5070 Ti-12GB,32GB RAM,2TB SSD,OLED,16""(40 cm),240Hz,Win 11,M365 Basic(1Y),Office 24,Gray,1.9 Kg,GU606AR-TB039WS,Gaming Laptop",Gaming,16.0,,OLED,0,240,Intel,Core Ultra 9,386H,Panther Lake,,,32,,2000,SSD,,Nvidia,RTX 5070 Ti,12,Blackwell,Windows 11,1.9,,5879.88,489990,INR,https://www.amazon.in/dp/B0999LYKRT,2026-10-06T11:39:02.277106+00:00
Amazon,HP,"HP Smartchoice HyperX OMEN 15, AMD Ryzen 7 260, 8GB-RTX 5050, 24GB DDR5 (Upgradeable), 1TB SSD, 180Hz, 2.5K, 500 nits, 3ms RT, 15.3''/38.9cm, Win11, Office24, Black, 2.42kg, gb0038AX, AI Gaming Laptop",Gaming,,2560x1440,,0,180,AMD,Ryzen 7,,,,,24,DDR5,1000,SSD,,Nvidia,RTX 5050,8,Blackwell,,2.42,,1919.88,159990,INR,https://www.amazon.in/dp/B0GSZW682H,2026-10-06T11:39:02.277106+00:00
Amazon,Lenovo,"Lenovo LOQ Intel Core i5-13450HX| NVIDIA RTX 4050 6GB (16GB RAM/512GB SSD/144Hz Refresh Rate/15.6"" (39.6cm)/Windows 11/Office Home 2024/3 Mon. Game Pass/Grey/2.4Kg), 83DV01K2IN AI Gaming Laptop",Gaming,15.6,,,0,144,Intel,Core i5,13450HX,13th Gen,,,16,,512,SSD,,Nvidia,RTX 4050,6,Ada Lovelace,Windows 11,2.4,,1559.88,129990,INR,https://www.amazon.in/dp/B0GYZ44TNG,2026-10-06T11:39:02.277106+00:00
Amazon,Lenovo,"Lenovo LOQ Essential AMD Ryzen 5 7535HS | NVIDIA RTX 3050 6GB (16GB RAM/512GB SSD/144Hz Refresh Rate/15.6"" (39.6cm)/Windows 11/Office Home 2024/3 Mon. Game Pass/Grey/1.8Kg), 83S000G8IN Gaming Laptop",Gaming,15.6,,,0,144,AMD,Ryzen 5,7535HS,Zen 4,,,16,,512,SSD,,Nvidia,RTX 3050,6,Ampere,Windows 11,1.8,,1181.88,98490,INR,https://www.amazon.in/dp/B0H268Z1CC,2026-10-06T11:39:02.277106+00:00
Amazon,Alienware,"Alienware 16 Aurora Gaming Laptop, Intel Core 7 240H Processor, 16GB DDR5, 1TB SSD, RTX 5050 8GB GDDR7, 16.0"" 2.5k, 300 nits Display, Keyboard with 101 Key Backlight, Interstellar Indigo, 2.57kg",Gaming,16.0,2560x1440,,0,,Intel,Core 7,240H,Raptor Lake Refresh,,,16,DDR5,1000,SSD,,Nvidia,RTX 5050,16,Blackwell,,2.57,,1997.76,166480,INR,https://www.amazon.in/dp/B073XPHP94,2026-10-06T11:39:02.277106+00:00
Amazon,HP,"HP 15 Smartchoice, AMD Ryzen 3 7320U (8GB LPDDR5, 512GB SSD) FHD, Anti-Glare, Micro-Edge, 15.6''/39.6cm, Win11, M365 Basic(1yr)* Office24, Silver, 1.59kg, fc0500AU, FHD Camera w/Privacy Shutter Laptop",Notebook,,1920x1080,Anti-Glare,0,,AMD,Ryzen 3,7320U,Zen 4,,,8,LPDDR5,512,SSD,,AMD,AMD Radeon Graphics,8,Integrated,,1.59,,683.88,56990,INR,https://www.amazon.in/dp/B0FJYJ8LVY,2026-10-06T11:39:02.277106+00:00
Amazon,Acer,"Acer ALG, 13th Gen, Intel Core i7 13620H, NVIDIA GeForce RTX 3050-6GB, 16GB RAM, 512GB SSD, FHD 15.6""/39.62 cm, 144Hz, Windows 11 Home, Steel Gray, 1.99 KG, AL15G-53, Premium Metal Body Gaming Laptop",Gaming,15.6,1920x1080,,0,144,Intel,Core i7,13620H,13th Gen,,,16,,512,SSD,,Nvidia,RTX 3050,6,Ampere,Windows 11,1.99,,959.88,79990,INR,https://www.amazon.in/dp/B0DFHFCS4Y,2026-10-06T11:39:02.277106+00:00
Amazon,Lenovo,"Lenovo Legion 5 2025, AMD Ryzen 7 260, NVIDIA RTX 5050 8GB, 16GB RAM, 1TB SSD, WUXGA IPS, 15(39.6cm), 165Hz, Windows 11, Office 2024+AI Now, Black, 2.5Kg, 83M00073IN, Gaming Laptop",Gaming,,1920x1200,IPS,0,165,AMD,Ryzen 7,,,,,16,,1000,SSD,,Nvidia,RTX 5050,8,Blackwell,Windows 11,2.5,,2039.88,169990,INR,https://www.amazon.in/dp/B0FY2ZT5B3,2026-10-06T11:39:02.277106+00:00
Amazon,Dell,"Dell G Series, Intel Core i5-13450HX, 13th Gen, NVIDIA RTX 3050-6GB, 16GB, 512GB SSD, FHD, 15.6""/39.62cm, Windows 11, MSO'24, Dark Shadow Gray, 2.65KG, [G15-5530], Backlit Keyboard, Gaming Laptop",Gaming,15.6,1920x1080,,0,,Intel,Core i5,13450HX,13th Gen,,,16,,512,SSD,,Nvidia,RTX 3050,6,Ampere,Windows 11,2.65,,1280.40,106700,INR,https://www.amazon.in/dp/B0CRKX3JRT,2026-10-06T11:39:02.277106+00:00
Amazon,ASUS,"ASUS ROG Strix G16 (2025), AMD Ryzen 9 8940HX, RTX 5050-8GB, 16GB RAM, 1TB SSD, FHD+, 16"", 40 cm, Windows 11 Home, M365 Basic(1yr)* Office24, Eclipse Gray, 2.5 Kg, G614PH-RV073WS, Gaming Laptop",Gaming,16.0,1920x1080,,0,,AMD,Ryzen 9,8940HX,Zen 4,,,16,,1000,SSD,,Nvidia,RTX 5050,8,Blackwell,Windows 11,2.5,,2759.88,229990,INR,https://www.amazon.in/dp/B0G5NG4FFW,2026-10-06T11:39:02.277106+00:00
Amazon,HP,"HP Victus, 13th Gen Intel Core i5-13420H, RTX 4050-6GB, 16GB DDR4, 512GB SSD, FHD IPS, 15.6""/39.6cm, 144Hz, Win 11, Office21, Mica Silver, 2.29kg, fa1279TX, Flicker-Free Enhanced Cooling Gaming Laptop",Gaming,15.6,1920x1080,IPS,0,144,Intel,Core i5,13420H,13th Gen,,,16,DDR4,512,SSD,,Nvidia,RTX 4050,6,Ada Lovelace,Windows 11,2.29,,1389.48,115790,INR,https://www.amazon.in/dp/B0F79G1XW6,2026-10-06T11:39:02.277106+00:00
Amazon,ASUS,"ASUS TUF A15 (2026),AMD Ryzen 7 155, RTX 3050-4GB, 16GB RAM (Upgradeable), 512GB SSD, FHD, 15.6""(39.6 cm),Windows 11, M365 Basic(1Y),Office 2024, Graphite Black, 2.3 Kg, FA506NCG-HN443WS,Gaming Laptop",Gaming,15.6,1920x1080,,0,,Intel,,,,,,16,,512,SSD,,Nvidia,RTX 3050,4,Ampere,Windows 11,2.3,,1171.32,97610,INR,https://www.amazon.in/dp/B0HGF5VNKT,2026-10-06T11:39:02.277106+00:00
Amazon,ASUS,"ASUS Gaming V16 (2026),Intel Core 5 210H (i5-14th Gen),RTX 3050-6GB,16GB RAM(Upgradeable),512GB SSD,FHD+,16""(40 cm),144Hz,Win 11,M365 Basic(1Y),Office 24, Black,1.95 Kg,V3607VJ-TK227WS,Gaming Laptop",Gaming,16.0,1920x1080,,0,144,Intel,Core 5,210H,14th Gen,,,16,,512,SSD,,Nvidia,RTX 3050,6,Ampere,Windows 11,1.95,,1559.88,129990,INR,https://www.amazon.in/dp/B09BFQM373,2026-10-06T11:39:02.277106+00:00
Amazon,Lenovo,"Lenovo Legion Pro 5 2025 Intel Core i9-14900HX | NVIDIA RTX 5070 8GB (32GB RAM/1TB SSD/WQXGA IPS/240Hz/16 (40.6cm)/Windows 11/Office 2024+AI Now/Black/2.4Kg), 83NN003CIN AI Powered Gaming Laptop",Gaming,,2560x1600,IPS,0,240,Intel,Core i9,14900HX,14th Gen,,,32,,1000,SSD,,Nvidia,RTX 5070,8,Blackwell,Windows 11,2.4,,2933.88,244490,INR,https://www.amazon.in/dp/B0GSQZN2K9,2026-10-06T11:39:02.277106+00:00
Amazon,Acer,"acer Aspire Lite,13th Gen, Intel Core i5-13420H Processor, 16 GB RAM, 512 GB SSD, Full HD IPS, 15.6""/39.62 cm, Windows 11 Home, MS Office, Pure Silver, 1.70 kg, AL15-52H, Thin and Light Laptop",Ultrabook,15.6,1920x1080,IPS,0,,Intel,Core i5,13420H,13th Gen,,,16,,512,SSD,,Intel,HD Graphics,16,Integrated,Windows 11,1.70,,773.88,64490,INR,https://www.amazon.in/dp/B0FD9R5H9R,2026-10-06T11:39:02.277106+00:00
Amazon,Acer,"acer ALG (2025) Intel Core i5 13th Gen 13420H - (16 GB/512 GB SSD/6 GB NVIDIA GeForce RTX 3050/Windows 11 Home) AL15G-53 Gaming Laptop/15.6"" FHD 144Hz/Steel Grey/1.9 Kg/MSO 2021/3 Years Warranty",Gaming,15.6,1920x1080,,0,144,Intel,Core i5,,13th Gen,,,16,,512,SSD,,Nvidia,RTX 3050,16,Ampere,Windows 11,1.9,,1086.00,90500,INR,https://www.amazon.in/dp/B0G1P8RMGF,2026-10-06T11:39:02.277106+00:00
Amazon,MSI,"MSI Thin 15, Intel 13th Gen. i5-13420H, 40CM FHD 144Hz Gaming Laptop (16GB/512GB NVMe SSD/Windows 11 Home/NVIDIA GeForce RTX 3050, GDDR6 6GB/Cosmos Gray/1.8Kg) B13UDX-129IN",Gaming,,1920x1080,,0,144,Intel,Core i5,13420H,13th Gen,,,16,,512,SSD,,Nvidia,RTX 3050,16,Ampere,Windows 11,1.8,,1197.00,99750,INR,https://www.amazon.in/dp/B0G4SQRY6T,2026-10-06T11:39:02.277106+00:00
Amazon,Lenovo,"Lenovo Legion 5 2025 Intel Core i7-13650HX | NVIDIA RTX 5060 8GB (16GB RAM/1TB SSD/WUXGA IPS/165Hz/15.3"" (38.8cm)/Windows 11/Office 2024+AI Now/Black/2.1Kg), 83LY00NCIN AI Powered Gaming Laptop",Gaming,15.3,1920x1200,IPS,0,165,Intel,Core i7,13650HX,13th Gen,,,16,,1000,SSD,,Nvidia,RTX 5060,8,Blackwell,Windows 11,2.1,,2213.88,184490,INR,https://www.amazon.in/dp/B0GSR19J6P,2026-10-06T11:39:02.277106+00:00
Amazon,Lenovo,"Lenovo LOQ AMD Ryzen 5 7235HS | NVIDIA RTX 3050 6GB (16GB RAM/512GB SSD/144Hz Refresh Rate/15.6"" (39.6cm)/Windows 11/Office Home 2024/3 Mon. Game Pass/Grey/2.4Kg), 83JC00LRIN AI Gaming Laptop",Gaming,15.6,,,0,144,AMD,Ryzen 5,7235HS,Zen 4,,,16,,512,SSD,,Nvidia,RTX 3050,6,Ampere,Windows 11,2.4,,1191.60,99300,INR,https://www.amazon.in/dp/B0GCD9HDC5,2026-10-06T11:39:02.277106+00:00
Amazon,ASUS,"ASUS ROG Strix G16 (2024), 16 ""(40.64cm) QHD+ 240Hz, Intel Core i9 14900HX, Gaming Laptop (16GB DDR5/1TB SSD/NVIDIA GeForce RTX 4070 /Windows 11/Office 2021/Eclipse Gray/2.50 Kg), G614JIR-N4062WS",Gaming,16.0,2560x1440,,0,240,Intel,Core i9,14900HX,14th Gen,,,16,DDR5,1000,SSD,,Nvidia,RTX 4070,16,Ada Lovelace,Windows 11,2.50,,2591.88,215990,INR,https://www.amazon.in/dp/B0D25V5MSM,2026-10-06T11:39:02.277106+00:00
Amazon,ASUS,"ASUS ROG Zephyrus G14 (2026),Intel Core Ultra 9 386H (Series 3),RTX 5070-8GB,32GB RAM,1TB SSD,3K OLED,14""(35.5 cm),120Hz,Win 11,M365 Basic(1Y),Office 24,Gray,1.5 Kg,GU405AP-SY041WS,Gaming Laptop",Gaming,14.0,,OLED,0,120,Intel,Core Ultra 9,386H,Panther Lake,,,32,,1000,SSD,,Nvidia,RTX 5070,8,Blackwell,Windows 11,1.5,,4319.88,359990,INR,https://www.amazon.in/dp/B09B1WC7MC,2026-10-06T11:39:02.277106+00:00
Amazon,MSI,"MSI Modern 14, AMD Ryzen 5 7530U, 36CM FHD 60Hz Gaming Laptop (16GB/512GB NVMe SSD/Windows 11 Home, MS Office 2024 + M365/AMD Radeon/Urban Silver/1.4Kg) C7M-104IN",Gaming,,1920x1080,,0,60,AMD,Ryzen 5,7530U,Zen 4,,,16,,512,SSD,,AMD,AMD Radeon Graphics,16,Integrated,Windows 11,1.4,,755.88,62990,INR,https://www.amazon.in/dp/B0FS7JV3PV,2026-10-06T11:39:02.277106+00:00
Amazon,Acer,"Acer SmartChoice Aspire Lite, AMD Ryzen 5-5625U Processor, 16 GB/512 GB, Full HD, 15.6""/39.62 cm, Windows 11 Home, Steel Gray, 1.59 kg, AL15-41, Metal Body, Thin and Light Laptop",Ultrabook,15.6,1920x1080,,0,,AMD,Ryzen 5,5625U,Zen 3,,,16,,512,SSD,,AMD,AMD Radeon Graphics,16,Integrated,Windows 11,1.59,,719.88,59990,INR,https://www.amazon.in/dp/B0DG2GCTD7,2026-10-06T11:39:02.277106+00:00
Amazon,Lenovo,"Lenovo LOQ, AMD Ryzen 5 7235HS, RTX 3050-6GB, 12GB RAM, 512GB SSD, FHD, 15.6""/39.6cm, 144Hz, Windows 11, Office Home 2024, Grey, 2.4Kg, 3 Mon. Game Pass, 83JC00EEIN, Gaming Laptop",Gaming,15.6,1920x1080,,0,144,AMD,Ryzen 5,7235HS,Zen 4,,,12,,512,SSD,,Nvidia,RTX 3050,6,Ampere,Windows 11,2.4,,1185.00,98750,INR,https://www.amazon.in/dp/B0F8QJNTCZ,2026-10-06T11:39:02.277106+00:00
Amazon,ASUS,"ASUS TUF Gaming A15, AMD Ryzen 7 7435HS Gaming Laptop(NVIDIA RTX 3050-4GB/60W TGP/16GB RAM/512GB SSD/FHD/15.6""/144Hz/RGB KB/48WHr/Windows 11/Graphite Black/2.30 Kg) FA506NCR-HN054W",Gaming,15.6,1920x1080,,0,144,Intel,,,,,,16,,512,SSD,,Nvidia,RTX 3050,4,Ampere,Windows 11,2.30,,1259.88,104990,INR,https://www.amazon.in/dp/B0D5DFR78J,2026-10-06T11:39:02.277106+00:00
Amazon,Lenovo,"Lenovo LOQ Intel Core i5-13450HX| NVIDIA RTX 3050 6GB (16GB RAM/512GB SSD/144Hz Refresh Rate/15.6"" (39.6cm)/FHD IPS/Windows 11/Office Home 2024/Grey/2.4Kg), 83DV01K3IN AI Gaming Laptop",Gaming,15.6,1920x1080,IPS,0,144,Intel,Core i5,13450HX,13th Gen,,,16,,512,SSD,,Nvidia,RTX 3050,6,Ampere,Windows 11,2.4,,1493.40,124450,INR,https://www.amazon.in/dp/B0H25ZX29Y,2026-10-06T11:39:02.277106+00:00
Amazon,HP,"HP Omen, AMD Ryzen 9 8940HX, 8GB RTX 5060, 24GB DDR5(Upgradeable) 1TB SSD, 165Hz, 2k WUXGA, 3ms, 400 nits, 16''/40.6cm, Win11, M365* Office24, Black, 2.44kg, ap0181AX, Omen AI, RGB, AI Gaming Laptop",Gaming,,2560x1440,,0,165,AMD,Ryzen 9,8940HX,Zen 4,,,24,DDR5,1000,SSD,,Nvidia,RTX 5060,8,Blackwell,,2.44,,2555.88,212990,INR,https://www.amazon.in/dp/B0FM3TVKL3,2026-10-06T11:39:02.277106+00:00
Amazon,Gigabyte,"GIGABYTE AORUS Master 16 BZHC6INE64SH, Intel® Core™ Ultra 9 275HX, RTX™ 5090, 16"" OLED QHD 240Hz, DDR5 5600 16GB*2, Gen4 1TB, Gaming Laptop (Black/ 2.5 kg), Win 11Home",Gaming,16.0,2560x1440,OLED,0,240,Intel,,,,,,16,DDR5,1000,SSD,,Intel,Intel UHD Graphics,16,Integrated,Windows 11,2.5,,5411.88,450990,INR,https://www.amazon.in/dp/B0GFW7V5LQ,2026-10-06T11:39:02.277106+00:00
Amazon,Dell,"Dell Alienware 15 Gaming Laptop, AMD Ryzen R7 260 Processor, NVIDIA GeForce RTX 5050 8 GB GDDR7, 16GB:512GB SSD, 15.3"" WUXGA 165Hz 300 nits Display, Alienware Backlit Keyboard, Win 11 + MSO'24, 2.25kg",Gaming,15.3,1920x1200,,0,165,AMD,,,,,,8,,512,SSD,,Nvidia,RTX 5050,8,Blackwell,Windows 11,2.25,,1865.88,155490,INR,https://www.amazon.in/dp/B0H9XM7K3Z,2026-10-06T11:39:02.277106+00:00
Amazon,HP,"HP Victus, AMD Ryzen 7 7445HS, 4GB RTX 2050, 16GB DDR5(Upgradable) 512GB SSD, FHD, 144Hz, 300 nits, IPS, 15.6''/39.6cm, Win11, M365* Office24, Mica Silver, 2.29kg, fb3123AX, Backlit, Gaming Laptop",Gaming,,1920x1080,IPS,0,144,AMD,Ryzen 7,7445HS,Zen 4,,,16,DDR5,512,SSD,,Nvidia,RTX 2050,4,Turing,,2.29,,1199.99,99999,INR,https://www.amazon.in/dp/B0G9239R5S,2026-10-06T11:39:02.277106+00:00
Amazon,HP,"HP Victus 15-fa2191TX/FA2190 Gaming Laptop – 13th Gen Intel Core i5, 15.6"" FHD 144Hz, RTX 3050A 4GB, 16GB RAM, 512GB SSD, Win 11, Backlit KB – Blue",Gaming,15.6,1920x1080,,0,144,Intel,Core i5,,13th Gen,,,16,,512,SSD,,Nvidia,RTX 3050,4,Ampere,Windows 11,,,1174.68,97890,INR,https://www.amazon.in/dp/B0FL2KD68M,2026-10-06T11:39:02.277106+00:00
Amazon,Lenovo,"Lenovo LOQ AMD Ryzen 5 7235HS | NVIDIA RTX 3050A 4GB (16GB RAM/512GB SSD/144Hz Refresh Rate/15.6"" (39.6cm)/Windows 11/Office Home 2024/3 Mon. Game Pass/Grey/2.4Kg), 83JC00LSIN AI Gaming Laptop",Gaming,15.6,,,0,144,AMD,Ryzen 5,7235HS,Zen 4,,,16,,512,SSD,,Nvidia,RTX 3050,4,Ampere,Windows 11,2.4,,1151.88,95990,INR,https://www.amazon.in/dp/B0GCCPZ4TH,2026-10-06T11:39:02.277106+00:00
Amazon,ASUS,"ASUS TUF A15, AMD Ryzen 7 7445HS, Gaming Laptop(RTX 3050-4GB/75W TGP/16GB RAM/512GB SSD/FHD/15.6""/144Hz/Backlit Keyboard/48Whrs/Win11/MS Office24/Graphite Black/2.3 Kg) FA506NCG-HN200WS",Gaming,15.6,1920x1080,,0,144,Intel,,,,,,16,,512,SSD,,Nvidia,RTX 3050,4,Ampere,,2.3,,1188.00,99000,INR,https://www.amazon.in/dp/B0FQ335QW6,2026-10-06T11:39:02.277106+00:00
Amazon,ASUS,"ASUS ROG Zephyrus G14 (2026),AMD Ryzen AI 9 465,RTX 5060-8GB,32GB RAM,2TB SSD,3K OLED,14""(35.5 cm),120Hz,Windows 11 Home,M365 Basic(1Y),Office 2024,Eclipse Gray,1.5 Kg,GA403GM-SY132WS,Gaming Laptop",Gaming,14.0,,OLED,0,120,AMD,Ryzen AI 9,465,Zen 5 (Strix),,,32,,2000,SSD,,Nvidia,RTX 5060,8,Blackwell,Windows 11,1.5,,3479.88,289990,INR,https://www.amazon.in/dp/B09BFQ1J6P,2026-10-06T11:39:02.277106+00:00
Amazon,Acer,"acer Predator Helios Neo 16 AI, Intel Core Ultra 9 Processor,RTX 5070-8 GB GDDR7,32 GB/2 TB, WQXGA IPS, 16.0""/40.64 cm, 240Hz, Win 11 Home, Abyssal Black, 2.7 kg, PHN16-73,RGB KB, Gaming Laptop",Gaming,16.0,2560x1600,IPS,0,240,Intel,Core Ultra 9,,Meteor Lake,,,8,,2000,SSD,,Nvidia,RTX 5070,8,Blackwell,Windows 11,2.7,,3239.88,269990,INR,https://www.amazon.in/dp/B0FGQK18P2,2026-10-06T11:39:02.277106+00:00
Amazon,Lenovo,"Lenovo LOQ 2025 Intel Core i7-14700HX| NVIDIA RTX 5060 8GB (32GB RAM/1TB SSD/144Hz Refresh Rate/572 AI TOPS/15.6"" (39.6cm)/Windows 11/Office 2024/3 Mon. Game Pass/Grey/2.4Kg), 83JE00T3IN",Notebook,15.6,,,0,144,Intel,Core i7,14700HX,14th Gen,,,32,,1000,SSD,,Nvidia,RTX 5060,8,Blackwell,Windows 11,2.4,,2591.88,215990,INR,https://www.amazon.in/dp/B0GSVSCX4N,2026-10-06T11:39:02.277106+00:00
Amazon,Lenovo,"Lenovo Legion Pro 7i Gen 10 w/Ultra 9, NVIDIA GeForce RTX 5080, OLED",Notebook,,,OLED,0,,,,,,,,,,,,,Nvidia,RTX 5080,,Blackwell,,,,9942.01,828501,INR,https://www.amazon.in/dp/B0FL4HLJ56,2026-10-06T11:39:02.277106+00:00
Amazon,MSI,"MSI Thin 15, Intel 13th Gen. Core i5-13420H, 40CM FHD 144Hz Gaming Laptop(16GB/512GB NVMe SSD/Windows 11 Home/NVIDIA GeForce RTX 3050,GDDR6 4GB/Cosmos Gray/1.86Kg), B13UC-1805IN",Gaming,,1920x1080,,0,144,Intel,Core i5,13420H,13th Gen,,,16,,512,SSD,,Nvidia,RTX 3050,16,Ampere,Windows 11,1.86,,1138.80,94900,INR,https://www.amazon.in/dp/B0CV9J1QSM,2026-10-06T11:39:02.277106+00:00
Amazon,Lenovo,"Lenovo Legion 9i Gen 10 18"" Gaming Laptop (2026 Model) Intel Core Ultra 9 275HX 24C, NVIDIA GeForce RTX 5080 16GB, 32GB RAM, 1TB Gen5 NVMe SSD, 18.0"" 4K 520 nits 240Hz, Windows 11 Home",Gaming,18.0,3840x2160,,0,240,Intel,Core Ultra 9,275HX,Arrow Lake,,,32,,1000,NVME,,Nvidia,RTX 5080,16,Blackwell,Windows 11,,,11067.95,922329,INR,https://www.amazon.in/dp/B0G2HGCS81,2026-10-06T11:39:02.277106+00:00
Amazon,HP,"HP Victus Gaming Laptop (Intel Core 5 210H, 4GB RTX 3050 A (24GB DDR5, 512GB SSD) FHD, 144Hz, 300 nits, IPS, 15.6''/39.6 cm, Win11, M365* Office24, Backlit Keyboard, Mica Silver, 2.29kg) fa2500TX",Gaming,,1920x1080,IPS,0,144,Intel,Core 5,210H,Raptor Lake Refresh,,,24,DDR5,512,SSD,,Nvidia,RTX 3050,4,Ampere,,2.29,,1243.80,103650,INR,https://www.amazon.in/dp/B0H5KWKV5S,2026-10-06T11:39:02.277106+00:00
Amazon,HP,"HP 15 Laptop, AMD Ryzen 7 7730U (16GB DDR4,512GB SSD) Anti-Glare, Micro-Edge,15.6''/39.6cm, FHD, Win11, M365 Basic(1yr),Office Home24,Silver,1.59kg,FHD Camera w/Privacy Shutter, Backlit KB, fc0761AU",Notebook,,1920x1080,Anti-Glare,0,,AMD,Ryzen 7,7730U,Zen 4,,,16,DDR4,512,SSD,,AMD,AMD Radeon Graphics,16,Integrated,,1.59,,850.80,70900,INR,https://www.amazon.in/dp/B0FYQN4K1C,2026-10-06T11:39:02.277106+00:00
Amazon,MSI,"MSI Cyborg 15, Intel 12th Gen. i5-12450H, 40CM FHD 144Hz Gaming Laptop (16GB/512GB NVMe SSD/Windows 11 Home/MSO 2021/NVIDIA GeForce RTX 3050, GDDR6 6GB/Translucent Black/1.9Kg) A12UDX-1468IN",Gaming,,1920x1080,,0,144,Intel,Core i5,12450H,12th Gen,,,16,,512,SSD,,Nvidia,RTX 3050,16,Ampere,Windows 11,1.9,,1136.40,94700,INR,https://www.amazon.in/dp/B0DJP6N8X5,2026-10-06T11:39:02.277106+00:00
Amazon,Lenovo,"Lenovo Smartchoice LOQ, Intel Core i5-12450HX, 12th Gen, RTX 3050-6GB, 16GB RAM, 512GB SSD, FHD 144Hz 300Nits, 15.6""/39.6cm, Windows 11, MS Office 21, Grey, 2.4Kg, 83GS003UIN, Gaming Laptop",Gaming,15.6,1920x1080,,0,144,Intel,Core i5,12450HX,12th Gen,,,16,,512,SSD,,Nvidia,RTX 3050,6,Ampere,Windows 11,2.4,,1322.40,110200,INR,https://www.amazon.in/dp/B0CX8XPKWJ,2026-10-06T11:39:02.277106+00:00
Amazon,Dell,"Dell Alienware 15 15.3"" WUXGA 165Hz Gaming Laptop, GeForce RTX 4050 6GB GDDR6, AMD Ryzen 5 220, 64GB DDR5, 5TB Storage(4TB SSD+1TB Docking Station Set), Backlit, Wi-Fi 6, Win 11, Black",Gaming,15.3,1920x1200,,0,165,AMD,Ryzen 5,,,,,64,DDR5,64,SSD,5000,Nvidia,RTX 4050,6,Ada Lovelace,Windows 11,,,6616.72,551393,INR,https://www.amazon.in/dp/B0HFWB1LL6,2026-10-06T11:39:02.277106+00:00
Amazon,Dell,"Dell G16 7630 Gaming Laptop, 16"""" QHD Display, Intel Core i9-13900HX, 64 GB DDR5 RAM, 2 TB NVMe SSD, NVIDIA GeForce RTX 4070, Backlit Keyboard, Windows 11 Home, Metallic Nightshade, Dark Gray",Gaming,16.0,2560x1440,,0,,Intel,Core i9,13900HX,13th Gen,,,64,DDR5,64,SSD,2000,Nvidia,RTX 4070,64,Ada Lovelace,Windows 11,,,7462.90,621908,INR,https://www.amazon.in/dp/B0CP2D7QNF,2026-10-06T11:39:02.277106+00:00
Amazon,Lenovo,"Lenovo LOQ, Intel Core i5-13450HX, 13th Gen, NVIDIA RTX 3050-6GB, 16GB RAM, 512GB SSD, FHD 144Hz 300Nits, 15.6""/39.62cm, Windows 11, MS Office 21, Grey, 2.4Kg, 83DV00BHIN, 100% sRGB Gaming Laptop",Gaming,15.6,1920x1080,,0,144,Intel,Core i5,13450HX,13th Gen,,,16,,512,SSD,,Nvidia,RTX 3050,6,Ampere,Windows 11,2.4,,1438.80,119900,INR,https://www.amazon.in/dp/B0CX8V9C7D,2026-10-06T11:39:02.277106+00:00
Amazon,Lenovo,"Lenovo Legion Pro 7i – AI-Powered Gaming Laptop – Intel® Core Ultra 7 255HX – 16"" WQXGA PureSight OLED Display – 240Hz – NVIDIA® GeForce RTX™ 5070 Ti – 32GB Memory – 1TB Storage – PC GamePass",Gaming,16.0,2560x1600,OLED,0,240,Intel,Core Ultra 7,255HX,Arrow Lake,,,32,,1000,STORAGE,,Intel,Intel UHD Graphics,32,Integrated,,,,9499.36,791613,INR,https://www.amazon.in/dp/B0FRNC2NG9,2026-10-06T11:39:02.277106+00:00
Amazon,Lenovo,"Lenovo V15 AMD Ryzen 7 7730U 15.6"" (39.62cm) FHD 250 Nits Antiglare Thin and Light Laptop (Free MS Office) Lifetime (16GB/512GB SSD/Windows 11/Iron Grey/1.65 Kg) 1 Year Brand Warranty,",Ultrabook,15.6,1920x1080,,0,,AMD,Ryzen 7,7730U,Zen 4,,,16,,512,SSD,,AMD,AMD Radeon Graphics,16,Integrated,Windows 11,1.65,,839.99,69999,INR,https://www.amazon.in/dp/B0DDY1HWZL,2026-10-06T11:39:02.277106+00:00
Amazon,Dell,"Alienware Dell Area 51 Gaming Laptop, AI Powered Intel Core U9-290HX Plus Processor, NVIDIA GeForce RTX 5070 12GB, 32GB RAM, 1TB SSD, 16"" WQXGA OLED 240Hz, AlienFX RGB Lighting Keyboard, 3.4kg",Gaming,16.0,2560x1600,OLED,0,240,Intel,,,,,,32,,1000,SSD,,Nvidia,RTX 5070,12,Blackwell,,3.4,,5675.88,472990,INR,https://www.amazon.in/dp/B0H5R854BF,2026-10-06T11:39:02.277106+00:00
Amazon,Alienware,"Alienware 16 Area-51 Gaming Laptop(2025), NVIDIA RTX 5080 16GB GDDR7, Intel Ultra 9 275HX Up to 5.4GHz, 16"" QHD+ 240Hz 3ms 500Nits, 4K Camera, 64 GB DDR5, 2 TB SSD, Wi-Fi 7, Windows 11 Pro, Office Pro",Gaming,16.0,3840x2160,,0,240,Intel,,,,5.4,,64,DDR5,64,SSD,2000,Nvidia,RTX 5080,16,Blackwell,Windows 11,,,11999.88,999990,INR,https://www.amazon.in/dp/B0F9FD3CSP,2026-10-06T11:39:02.277106+00:00
Amazon,Acer,"acer Nitro V 15, Intel core i7-13th Gen 13620H,NVIDIA GeForce RTX - 5050 8GB, 16 GB,512 GB,Full HD IPS,15.6""/39.62 cm,165 Hz, Win 11 Home, Obsidian Black, 2.113 kg, ANV15-52, Amber KB,Gaming Laptop",Gaming,15.6,1920x1080,IPS,0,165,Intel,Core i7,,13th Gen,,,8,,512,SSD,,Intel,Intel Iris Xe Graphics,8,Integrated,Windows 11,2.113,,1787.88,148990,INR,https://www.amazon.in/dp/B0FK8QVFJ5,2026-10-06T11:39:02.277106+00:00
Amazon,Lenovo,"Lenovo LOQ, 12th Gen Intel Core i5 12450HX, RTX 2050-4GB, 12GB RAM, 512GB SSD,FHD, 15.6""/39.6cm, 144Hz, Windows 11, Office Home 2024, Grey, 2.4Kg, 3 Mon. Game Pass, 83GS00LJIN, Gaming Laptop",Gaming,15.6,1920x1080,,0,144,Intel,Core i5,12450HX,12th Gen,,,12,,512,SSD,,Nvidia,RTX 2050,4,Turing,Windows 11,2.4,,1134.00,94500,INR,https://www.amazon.in/dp/B0DPQJBMVK,2026-10-06T11:39:02.277106+00:00
Amazon,Lenovo,"Lenovo Legion Pro 5i Gen 10 16"" Gaming Laptop (2025 Model) Intel Core Ultra 9 275HX 24C, NVIDIA GeForce RTX 5070 Ti 12GB, 32GB RAM, 2TB (1TB+1TB) NVMe SSD, 16.0"" WQXGA OLED 500 nits 240Hz, Win 11 Pro",Gaming,16.0,2560x1600,OLED,0,240,Intel,Core Ultra 9,275HX,Arrow Lake,,,32,,2000,SSD,1000,Nvidia,RTX 5070 Ti,12,Blackwell,Windows 11,,,7898.59,658216,INR,https://www.amazon.in/dp/B0F9XSW5HB,2026-10-06T11:39:02.277106+00:00
Amazon,Lenovo,"Lenovo V15 AMD Ryzen 5 7520U, 16GB DDR5 RAM, 512GB SSD, 15.6"" FHD Laptop",Notebook,15.6,1920x1080,,0,,AMD,Ryzen 5,7520U,Zen 4,,,16,DDR5,512,SSD,,AMD,AMD Radeon Graphics,16,Integrated,,,,698.28,58190,INR,https://www.amazon.in/dp/B0GZPJRLMF,2026-10-06T11:39:02.277106+00:00
Amazon,MSI,"MSI Thin 15, Intel 12th Gen. Core i5-12450H, 40CM FHD 144Hz Gaming Laptop(16GB/512GB NVMe SSD/Windows 11 Home/NVIDIA GeForce RTX 3050,GDDR6 4GB /Cosmos Gray/1.86Kg), B12UC-1692IN",Gaming,,1920x1080,,0,144,Intel,Core i5,12450H,12th Gen,,,16,,512,SSD,,Nvidia,RTX 3050,16,Ampere,Windows 11,1.86,,1138.80,94900,INR,https://www.amazon.in/dp/B0CV9P2BB8,2026-10-06T11:39:02.277106+00:00
Amazon,ASUS,"ASUS ROG Strix G16 (2026),AMD Ryzen 9 8940HX,RTX 5080-16GB,16GB RAM (Upgradeable),1TB SSD,FHD+,16""(40 cm),165Hz,Windows 11,M365 Basic(1Y),Office 2024,Eclipse Gray,2.5 Kg,G614PW-RV078WS,Gaming Laptop",Gaming,16.0,1920x1080,,0,165,AMD,Ryzen 9,8940HX,Zen 4,,,16,,1000,SSD,,Nvidia,RTX 5080,16,Blackwell,Windows 11,2.5,,4199.88,349990,INR,https://www.amazon.in/dp/B0H25L2DPX,2026-10-06T11:39:02.277106+00:00
Amazon,HP,"HP 15, AMD Ryzen 7 5825U (16GB DDR4, 512GB SSD) FHD, Anti-Glare, Micro-Edge,15.6''/39.6cm, Win11, M365(1yr)* Office24, Silver, 1.59kg, fc0476AU, Radeon Graphics, FHD Camera w/Shutter, Backlit Laptop",Notebook,,1920x1080,Anti-Glare,0,,AMD,Ryzen 7,5825U,Zen 3,,,16,DDR4,512,SSD,,AMD,Graphics,16,Integrated,,1.59,,879.00,73250,INR,https://www.amazon.in/dp/B0F66X762F,2026-10-06T11:39:02.277106+00:00
Amazon,Lenovo,"Lenovo Legion Pro 7i Gen 10 16"" Gaming Laptop (2025 Model) Intel Core Ultra 9 275HX 24C, NVIDIA GeForce RTX 5080 16GB, 32GB RAM, 1TB Gen 5 NVMe SSD, 16.0"" WQXGA OLED 500 nits 240Hz, Windows 11 Pro",Gaming,16.0,2560x1600,OLED,0,240,Intel,Core Ultra 9,275HX,Arrow Lake,,,32,,1000,NVME,,Nvidia,RTX 5080,16,Blackwell,Windows 11,,,9604.37,800364,INR,https://www.amazon.in/dp/B0FKKBL4LH,2026-10-06T11:39:02.277106+00:00
Amazon,MSI,"MSI Gaming Bravo 15 AMD Ryzen 7-4800H, 40cm FHD IPS-Level 144Hz Panel Laptop(8GB/512GB/Windows 10 Home/AMD RX5500M/4GB GDDR6/Black/1.86kg), A4DDR-212IN",Gaming,,1920x1080,IPS,0,144,AMD,Ryzen 7,4800H,Zen 2 (APU),,,8,,512,SSD,,AMD,RX 5500 M,8,RDNA 1,Windows 10,1.86,,1050.00,87500,INR,https://www.amazon.in/dp/B08GYH6HKN,2026-10-06T11:39:02.277106+00:00
Amazon,ASUS,"ASUS TUF F16 (2026),Intel Core 5 205H (Series 2),RTX 3050-6GB,16GB RAM (Upgradeable),512GB SSD,FHD+,16""(40 cm),Win 11,M365 Basic(1Y),Office 2024,Mecha Gray,2.2 Kg,FX607VJR-TU325WS,Gaming Laptop",Gaming,16.0,1920x1080,,0,,Intel,Core 5,205H,Raptor Lake Refresh,,,16,,512,SSD,,Nvidia,RTX 3050,6,Ampere,Windows 11,2.2,,1367.88,113990,INR,https://www.amazon.in/dp/B0HCP5YK91,2026-10-06T11:39:02.277106+00:00
Amazon,MSI,"MSI Raider 18 Max HX, Intel 2nd Series. Core Ultra 9 290HX, 46CM UHD+ 120Hz Gaming Laptop (32GB/2TB NVMe SSD/Windows 11 Home/NVIDIA GeForce RTX 5080, GDDR7 16GB/Core Black/3.6Kg) A2WI-1257IN",Gaming,,3840x2160,,0,120,Intel,Core Ultra 9,290HX,Arrow Lake,,,32,,2000,SSD,,Nvidia,RTX 5080,32,Blackwell,Windows 11,3.6,,6599.88,549990,INR,https://www.amazon.in/dp/B0HB9VCFVL,2026-10-06T11:39:02.277106+00:00
Amazon,ASUS,"ASUS TUF A14 (2026),AMD Ryzen AI MAX+ 392, AMD Radeon 8060S iGPU,32GB RAM,1TB SSD, QHD+, 14""(35.5 cm),Windows 11, M365 Basic(1Y)* Office 2024,Jaeger Gray,1.48 Kg,FA401EA-RG020WS, Creator/Gaming Laptop",Gaming,14.0,2560x1440,,0,,AMD,A14,A14,AMD Budget,,,32,,1000,SSD,,AMD,8060S iGPU,32,Integrated,Windows 11,1.48,,2879.88,239990,INR,https://www.amazon.in/dp/B0GLP9MN11,2026-10-06T11:39:02.277106+00:00
Amazon,ASUS,"ASUS TUF F16 (2026),Intel Core i7 14650HX (14th Gen),RTX 5050-8GB,16GB RAM (Upgradeable),1TB SSD,FHD+,16""(40 cm),144Hz,Win 11,M365 Basic(1Y),Office 24,Jaeger Gray,2.2 Kg,FX608JHI-TU225WS,Gaming Laptop",Gaming,16.0,1920x1080,,0,144,Intel,Core i7,14650HX,14th Gen,,,16,,1000,SSD,,Nvidia,RTX 5050,8,Blackwell,Windows 11,2.2,,2291.88,190990,INR,https://www.amazon.in/dp/B09BFPRFZW,2026-10-06T11:39:02.277106+00:00
Amazon,Dell,"Dell Alienware 15 Gaming Laptop, AI Enabled Intel Core 7 240H, NVIDIA GeForce RTX 5050 8GB GDDR7, 16GB:512GB SSD, 15.3"" WUXGA 165Hz 300 nits Display, Alienware Backlit Keyboard,Win 11 + MSO'24, 2.25kg",Gaming,15.3,1920x1200,,0,165,Intel,Core 7,240H,Raptor Lake Refresh,,,8,,512,SSD,,Nvidia,RTX 5050,8,Blackwell,Windows 11,2.25,,1949.88,162490,INR,https://www.amazon.in/dp/B0HC6KRJLT,2026-10-06T11:39:02.277106+00:00
Amazon,HP,"HP Victus Gaming Laptop, 14th Gen Intel Core i5-14450HX, 6GB RTX 3050 GPU, 15.6"" (39.6 cm) FHD 144Hz 300 nits, 24GB DDR5 (Upgradeable), 512GB SSD, Win 11, MS Office 24, Mica Silver",Gaming,15.6,1920x1080,,0,144,Intel,Core i5,14450HX,14th Gen,,,24,DDR5,512,SSD,,Nvidia,RTX 3050,6,Ampere,Windows 11,,,1319.88,109990,INR,https://www.amazon.in/dp/B0DN5PKTLB,2026-10-06T11:39:02.277106+00:00
Amazon,Lenovo,"Lenovo Legion Pro 7 FIFA World Cup 26 Edition Intel Core Ultra 9 290HX Plus | NVIDIA RTX 5090 24GB (64GB RAM/1TB SSD/WQXGA OLED/240Hz/16(40.6cm)/Win 11/Black/2.5Kg), 83F500Q6IN AI Gaming Laptop",Gaming,,2560x1600,OLED,0,240,Intel,Core Ultra 9,290HX,Arrow Lake,,,64,,64,SSD,1000,Nvidia,RTX 5090,24,Blackwell,Windows 11,2.5,,7481.88,623490,INR,https://www.amazon.in/dp/B0H947951L,2026-10-06T11:39:02.277106+00:00
Amazon,ASUS,"ASUS ROG Zephyrus Duo 16 (2026),Intel Core Ultra 9 386H (Series 3),RTX 5070 Ti-12GB,32GB RAM,2TB SSD,3K OLED,16""(40 cm),120Hz,Win 11,M365 Basic(1Y),Office 24,Grey,2.8 Kg,GX651AR-SR074WS,Gaming Laptop",Gaming,16.0,,OLED,0,120,Intel,Core Ultra 9,386H,Panther Lake,,,32,,2000,SSD,,Nvidia,RTX 5070 Ti,12,Blackwell,Windows 11,2.8,,6839.88,569990,INR,https://www.amazon.in/dp/B0H25QYCTJ,2026-10-06T11:39:02.277106+00:00
Amazon,Acer,"acer Predator Helios 16 Gaming Laptop 14th Gen Intel Core i9 Processor (Windows 11 Home/16 GB/1 TB SSD/NVIDIA GeForce RTX 4070) PH16-72 with 40.64 cm (16"") WQXGA Display",Gaming,16.0,2560x1600,,0,,Intel,Core i9,,14th Gen,,,16,,1000,SSD,,Nvidia,RTX 4070,16,Ada Lovelace,Windows 11,,,2399.88,199990,INR,https://www.amazon.in/dp/B0CXPXT4XD,2026-10-06T11:39:02.277106+00:00
Amazon,Dell,"Dell 15 AI Powered Laptop, Intel® Core™ Ultra 5 225H Processor, 16GB DDR5 RAM, 512GB SSD, 15.6"" FHD Anti-Glare Display, Dedicated Copilot Key + Backlit Keyboard, Silver,Win 11 Home + MSO H&S'24,1.66kg",Notebook,15.6,1920x1080,Anti-Glare,0,,Intel,,,,,,16,DDR5,512,SSD,,Intel,HD Graphics,16,Integrated,Windows 11,1.66,,1019.88,84990,INR,https://www.amazon.in/dp/B0GWHGS8P5,2026-10-06T11:39:02.277106+00:00
Amazon,MSI,"MSI Stealth 16 Studio, Intel 13th Gen. i7-13700H, 41CM QHD+ 240Hz Gaming Laptop (32GB/1TB NVMe SSD/Windows 11 Home/Nvidia GeForce RTX4070, 8GB GDDR6/Pure White/1.99Kg), A13VG-030IN",Gaming,,2560x1440,,0,240,Intel,Core i7,13700H,13th Gen,,,32,,1000,SSD,,Nvidia,RTX 4070,32,Ada Lovelace,Windows 11,1.99,,4031.88,335990,INR,https://www.amazon.in/dp/B0BWK5QSGF,2026-10-06T11:39:02.277106+00:00
Amazon,Alienware,"Alienware 16 Area-51 Gaming Laptop, AI Enabled Core Ultra 9 275HX Proc, 32GB DDR5, 2TB SSD, RTX 5080 16GB GDDR7 Graphics, 16.0"" WQXGA 240Hz 500 nits Display, Liquid Teal Color, Win 11 + MSO'24,3.4kg",Gaming,16.0,2560x1600,,0,240,Intel,Core Ultra 9,275HX,Arrow Lake,,,32,DDR5,2000,SSD,,Nvidia,RTX 5080,32,Blackwell,Windows 11,3.4,,4877.88,406490,INR,https://www.amazon.in/dp/B0FHY75GXG,2026-10-06T11:39:02.277106+00:00
Amazon,Lenovo,"Lenovo LOQ, Intel Core i5 13th Gen 13450HX, NVIDIA RTX 4050 6GB, 16GB RAM, 512GB SSD, 15.6""(39.6cm), Windows 11, Office Home 2024, Grey, 2.4Kg, 83DV00X4IN, 100% sRGB, 3 Mon. Game Pass Gaming Laptop",Gaming,15.6,,,0,,Intel,Core i5,,13th Gen,,,16,,512,SSD,,Nvidia,RTX 4050,6,Ada Lovelace,Windows 11,2.4,,2099.88,174990,INR,https://www.amazon.in/dp/B0DPQGRC1L,2026-10-06T11:39:02.277106+00:00
Amazon,Lenovo,"Lenovo Legion 5 Intel Core i7-14650HX 16"" (40.64cm) WQXGA IPS 350Nits 165Hz Gaming Laptop (16GB/1TB SSD/Win 11/Office 2021/NVIDIA RTX 4070 8GB/100%sRGB/Alexa/3 Month Game Pass/Grey/2.3Kg), 83DG009DIN",Gaming,16.0,2560x1600,IPS,0,165,Intel,Core i7,14650HX,14th Gen,,,16,,1000,SSD,,Nvidia,RTX 4070,16,Ada Lovelace,Windows 11,2.3,,2863.08,238590,INR,https://www.amazon.in/dp/B0CX8CYXZ2,2026-10-06T11:39:02.277106+00:00
Amazon,Acer,"acer Predator Helios 300 Gaming Laptop Intel Core i9 12th Gen-(Windows 11 Home/32 GB/2 TB SSD/NVIDIA RTX 3080) PH315-55s with 39.6 Cm (15.6 Inches) UHD IPS Display, 3 KG, Glasses-Free Stereoscopic 3D",Gaming,15.6,3840x2160,IPS,0,,Intel,Core i9,,12th Gen,,,32,,2000,SSD,,Nvidia,RTX 3080,32,Ampere,Windows 11,3,,3839.99,319999,INR,https://www.amazon.in/dp/B0BCQNXVK8,2026-10-06T11:39:02.277106+00:00
Amazon,ASUS,"ASUS ROG Strix G16 (2026),(14th Gen),Intel Core i7 14650HX,RTX 5050-8GB,16GB RAM (Upgradeable),1TB SSD,2.5k FHD+,16""(40 cm),Win 11,M365 Basic(1Y),Office 24,Gray,2.65 Kg,G615JHR-TS144WS,Gaming Laptop",Gaming,16.0,2560x1440,,0,,Intel,Core i7,14650HX,14th Gen,,,16,,1000,SSD,,Nvidia,RTX 5050,8,Blackwell,Windows 11,2.65,,2759.88,229990,INR,https://www.amazon.in/dp/B0H46478HN,2026-10-06T11:39:02.277106+00:00
Amazon,Alienware,"Alienware 16X Aurora Gaming Laptop, AI Enabled Intel Core Ultra9 HX Processor, 32GB DDR5, 1TB SSD, NVIDIA GeForce RTX 5070, 8GB GDDR7, 16"" QHD+ 240Hz Display, Backlit KB, Interstellar Indigo, 2.66kg",Gaming,16.0,2560x1440,,0,240,Intel,,,,,,32,DDR5,1000,SSD,,Nvidia,RTX 5070,32,Blackwell,,2.66,,3839.88,319990,INR,https://www.amazon.in/dp/B0777X2ZTB,2026-10-06T11:39:02.277106+00:00
Amazon,Lenovo,"Lenovo Legion Pro 7 Intel Core Ultra 9 290HX | NVIDIA RTX 5080 16GB (32GB RAM/1TB SSD/WQXGA OLED/240Hz/16(40.6cm)/Windows 11/Office 2024/Black/2.57Kg), 83F500Q5IN AI Gaming Laptop",Gaming,,2560x1600,OLED,0,240,Intel,Core Ultra 9,290HX,Arrow Lake,,,32,,1000,SSD,,Nvidia,RTX 5080,16,Blackwell,Windows 11,2.57,,5861.88,488490,INR,https://www.amazon.in/dp/B0HF83719P,2026-10-06T11:39:02.277106+00:00
Amazon,HP,"HP Victus, 13th Gen Intel Core i5-13420H, 6GB RTX 3050, 16GB DDR4, 512GB SSD, FHD, 144Hz, 300 nits, IPS, 15.6''/39.6cm, Windows 11 Home, Office24, Blue, 2.29kg, fa2196TX, Gaming Laptop",Gaming,,1920x1080,IPS,0,144,Intel,Core i5,13420H,13th Gen,,,16,DDR4,512,SSD,,Nvidia,RTX 3050,6,Ampere,Windows 11,2.29,,1341.60,111800,INR,https://www.amazon.in/dp/B0G2R8YYXZ,2026-10-06T11:39:02.277106+00:00
Amazon,ASUS,"ASUS Vivobook 16X 13th Gen,Intel Core i5-13420H Creator/Gaming Laptop(NVIDIA RTX 3050-4GB/16GB/512GB/FHD+/16.0""/144Hz/Windows 11/M365 Basic(1Year)*/Office Home 2024/Indie Black/1.67 kg)K3605VC-RP412WS",Gaming,16.0,1920x1080,,0,144,Intel,Core i5,13420H,13th Gen,,,4,,512,SSD,,Nvidia,RTX 3050,4,Ampere,Windows 11,1.67,,1127.88,93990,INR,https://www.amazon.in/dp/B0DDQ6HFR8,2026-10-06T11:39:02.277106+00:00
Amazon,Dell,"Dell G Series 15 5530, Intel Core i5 13th Gen-13450HX, NVIDIA GeForce RTX 3050, 8GB RAM, 512GB SSD, FHD 15.6""/39.62cm, Windows 11, Dark Shadow Grey, 2.65Kg, Thin and Portable Gaming Laptop",Gaming,15.6,1920x1080,,0,,Intel,Core i5,,13th Gen,,,8,,512,SSD,,Nvidia,RTX 3050,8,Ampere,Windows 11,2.65,,1199.88,99990,INR,https://www.amazon.in/dp/B0CDBM7J3F,2026-10-06T11:39:02.277106+00:00
Amazon,Dell,"Dell Alienware x15 R1 Gaming Laptop, Intel Core i7-11800H Processor/ 16GB/ 1TB SSD/Win 11 + MSO'21/ NVIDIA RTX 3060 6GB/ 15.6"" (39.62cm) FHD 300 nits 360Hz + Alien FX/Lunar Light/ 2.27kg",Gaming,15.6,1920x1080,,0,360,Intel,Core i7,11800H,11th Gen,,,16,,1000,SSD,,Nvidia,RTX 3060,16,Ampere,Windows 11,2.27,,3017.88,251490,INR,https://www.amazon.in/dp/B09S3Y2C9F,2026-10-06T11:39:02.277106+00:00
Amazon,ASUS,"ASUS TUF F16 (2026),(14th Gen),Intel Core i7 14650HX,RTX 5070-8GB,16GB RAM (Upgradeable),1TB SSD,2.5k FHD+,16""(40 cm),Win 11,M365 Basic(1Y),Office 24,Jaeger Gray,2.2 Kg,FX608JPR-QT073WS,Gaming Laptop",Gaming,16.0,2560x1440,,0,,Intel,Core i7,14650HX,14th Gen,,,16,,1000,SSD,,Nvidia,RTX 5070,8,Blackwell,Windows 11,2.2,,2759.88,229990,INR,https://www.amazon.in/dp/B0BSKXQKJX,2026-10-06T11:39:02.277106+00:00
Amazon,ASUS,"ASUS ProArt P16 (2026),AMD Ryzen AI 9 HX 370,RTX 5080-16GB,32GB RAM,1TB SSD,4K OLED,16""(40 cm),Windows 11 Home,M365 Basic(1 Year),Office 2024,Nano Black,1.95 Kg,H7606WW-SE066WS,Creator/Gaming Laptop",Gaming,16.0,3840x2160,OLED,0,,AMD,Ryzen AI 9,HX,Zen 5 (Strix),,,32,,1000,SSD,,Nvidia,RTX 5080,16,Blackwell,Windows 11,1.95,,5639.88,469990,INR,https://www.amazon.in/dp/B09BLFXHHY,2026-10-06T11:39:02.277106+00:00
Amazon,MSI,"MSI Thin A15, AMD 7th Gen. Ryzen 5 7535HS, 40CM FHD 144Hz Gaming Laptop (16GB/512GB NVMe SSD/Windows 11 Home/NVIDIA GeForce RTX 3050, GDDR6 4GB/Cosmos Gray/1.8Kg) B7UC-102IN",Gaming,,1920x1080,,0,144,AMD,Ryzen 5,7535HS,7th Gen,,,16,,512,SSD,,Nvidia,RTX 3050,16,Ampere,Windows 11,1.8,,1079.88,89990,INR,https://www.amazon.in/dp/B097PN27HL,2026-10-06T11:39:02.277106+00:00
Amazon,Acer,"Acer 15 Smartchoice, AMD Ryzen 3-7320U",Notebook,,,,0,,AMD,Ryzen 3,7320U,Zen 4,,,,,,,,AMD,"Acer 15 Smartchoice, AMD Ryzen 3-7320U",,,,,,491.99,40999,INR,https://www.amazon.in/dp/B0H6M46J86,2026-10-06T11:39:02.277106+00:00
Amazon,Acer,"Acer Nitro 5Pro, Intel Core i5-14450HX, Office 2024 + M365 Basic, NVIDIA GeF RTX 4050-6GB, 16GB RAM/1TB SSD, (16"") WUXGA IPS, 165Hz/62Whr, W11H, Herald Grey, 2.5Kg, AN5P16-73G2, RGB KB, Gaming Laptop",Gaming,16.0,1920x1200,IPS,0,165,Intel,Core i5,14450HX,14th Gen,,,16,,1000,SSD,,Nvidia,RTX 4050,6,Ada Lovelace,,2.5,,2015.88,167990,INR,https://www.amazon.in/dp/B0H9SHLNJM,2026-10-06T11:39:02.277106+00:00
Amazon,Lenovo,"Lenovo LOQ (2026) AMD Ryzen 7 250 | NVIDIA RTX 5050 8GB (24GB RAM/512GB SSD/15.3"" (38.8cm) WUXGA IPS/165Hz Refresh Rate/440 AI Tops/Windows 11/Office 2024/Grey/2.1Kg), 83TN00DXIN Gaming Laptop",Gaming,15.3,1920x1200,IPS,0,165,AMD,Ryzen 7,,,,,24,,512,SSD,,Nvidia,RTX 5050,8,Blackwell,Windows 11,2.1,,2459.88,204990,INR,https://www.amazon.in/dp/B0HF85NTCS,2026-10-06T11:39:02.277106+00:00
Amazon,ASUS,"ASUS ROG Flow Z13 (2025), AMD Ryzen AI MAX+ 395,AMD Radeon iGPU, 32GB/1TB, 2.5K QHD+,Touchscreen, 13.4"", 34 cm,Windows 11, M365 Basic(1yr)* Office24, Off Black, 1.59 Kg, GZ302EA-RU520WS, Gaming Laptop",Gaming,13.4,2560x1440,,1,,AMD,,,,,,32,,1000,SSD,,AMD,iGPU,32,Integrated,Windows 11,1.59,,2879.88,239990,INR,https://www.amazon.in/dp/B0G5NJB133,2026-10-06T11:39:02.277106+00:00
Amazon,MSI,"MSI Katana 15 Intel Core i5 13th Gen 13420H - (16 GB/1 TB SSD/Windows 11 Home/6 GB Graphics/NVIDIA GeForce RTX 3050/144 Hz) Katana 15 B13UDXK-2401IN Gaming Laptop (15.6 inch, Black, 2.25 Kg)",Gaming,15.6,,,0,144,Intel,Core i5,,13th Gen,,,16,,1000,SSD,,Nvidia,RTX 3050,16,Ampere,Windows 11,2.25,,1192.80,99400,INR,https://www.amazon.in/dp/B0G2HJP84Y,2026-10-06T11:39:02.277106+00:00
Amazon,Lenovo,"Lenovo Legion 5 2026 Intel Core Ultra 7 356H | NVIDIA RTX 5060 8GB (16GB RAM/512GB SSD/WQXGA OLED/165Hz/15.3"" (38.3cm)/Windows 11/Office 2024+AI Now/Black/1.87Kg), 83RW004JIN AI Powered Gaming Laptop",Gaming,15.3,2560x1600,OLED,0,165,Intel,Core Ultra 7,356H,Panther Lake,,,16,,512,SSD,,Nvidia,RTX 5060,8,Blackwell,Windows 11,1.87,,3161.88,263490,INR,https://www.amazon.in/dp/B0HF8DTTFQ,2026-10-06T11:39:02.277106+00:00
Amazon,MSI,"MSI Thin 15, Intel 12th Gen. i7-12650H, 40CM FHD 144Hz Gaming Laptop (16GB/512GB NVMe SSD/Windows 11 Home/Office 2021/NVIDIA GeForce RTX 2050, GDDR6 4GB/Cosmos Gray/1.86Kg) B12UC-2242IN",Gaming,,1920x1080,,0,144,Intel,Core i7,12650H,12th Gen,,,16,,512,SSD,,Nvidia,RTX 2050,16,Turing,Windows 11,1.86,,1043.88,86990,INR,https://www.amazon.in/dp/B0DQPNXB5Q,2026-10-06T11:39:02.277106+00:00
Amazon,Alienware,"Alienware 16 Area-51, Intel Core Ultra 9-275HX, RTX 5090-24GB, 64GB DDR5, 2TB SSD, WQXGA, 16.0""/40.64cm, 240Hz, Win 11, MSO 2024, Liquid Teal, 3.4kg, AI Enabled, 500 nits, AI PC",Notebook,16.0,2560x1600,,0,240,Intel,Core Ultra 9,275HX,Arrow Lake,,,64,DDR5,64,SSD,2000,Nvidia,RTX 5090,24,Blackwell,Windows 11,3.4,,6383.88,531990,INR,https://www.amazon.in/dp/B0FHXP6RYD,2026-10-06T11:39:02.277106+00:00
Amazon,HP,"HP Victus Ryzen 5 6600H 16.1-inch(40.9 cm) FHD Gaming Laptop (8GB RAM/512GB SSD/144 Hz/GeForce RTX 3050 4GB Graphics/B&O Audio/Backlit KB/Win 11/MSO 2021/XBOX Game Pass(30 Days)), 16-e1062AX",Gaming,,1920x1080,,0,144,AMD,Ryzen 5,6600H,Zen 3+,,,8,,512,SSD,,Nvidia,RTX 3050,8,Ampere,Windows 11,,,1126.80,93900,INR,https://www.amazon.in/dp/B0B31RV4M3,2026-10-06T11:39:02.277106+00:00
Amazon,Acer,"acer Aspire 5 15, Intel Core i5-13th Gen 13420H Processor, NVIDIA GeForce RTX 2050-4GB GDDR6(8GB/512GB) IPS FHD, 15.6""/39.62cm, 60Hz, Win 11 Home, Steel Gray, 1.78KG, A515-58GM, Metal Gaming Laptop",Gaming,15.6,1920x1080,IPS,0,60,Intel,Core i5,,13th Gen,,,4,,512,SSD,,Nvidia,RTX 2050,4,Turing,Windows 11,1.78,,947.88,78990,INR,https://www.amazon.in/dp/B0CH9VN5KB,2026-10-06T11:39:02.277106+00:00
Amazon,MSI,"MSI Stealth 14 AI Studio, Intel Core Ultra 7 155H, Built-in AI,36CM 2.8K OLED 120Hz Gaming Laptop(32GB/1TB NVMe SSD/Windows 11 Home/NVIDIA GeForce RTX 4070, GDDR6 8GB /Star Blue/1.7Kg), A1VGG-054IN",Gaming,,,OLED,0,120,Intel,Core Ultra 7,155H,Meteor Lake,,,32,,1000,SSD,,Nvidia,RTX 4070,32,Ada Lovelace,Windows 11,1.7,,2519.88,209990,INR,https://www.amazon.in/dp/B0CV5CSRL2,2026-10-06T11:39:02.277106+00:00
Amazon,MSI,"MSI Stealth 16 AI Studio, Intel 1st Gen. Ultra 9 185H, Built-in AI, 41CM QHD+ 240Hz Gaming Laptop (32GB/2TB NVMe SSD/Windows 11 Pro/NVIDIA GeForce RTX 4070, GDDR6 8GB/Star Blue/1.9Kg), A1VGG-057IN",Gaming,,2560x1440,,0,240,Intel,,,1st Gen,,,32,,2000,SSD,,Nvidia,RTX 4070,32,Ada Lovelace,Windows 11,1.9,,3059.88,254990,INR,https://www.amazon.in/dp/B0CTQTFQ71,2026-10-06T11:39:02.277106+00:00
Amazon,ASUS,"ASUS ROG Strix G16 (2026), AMD Ryzen 9 8940HX,RTX 5060-8GB, 16GB RAM (Upgradeable),1TB SSD, 2.5k FHD+,16""(40 cm), Win 11, M365 Basic(1Y),Office 2024, Eclipse Gray, 2.5 Kg, G614PM-TS219WS,Gaming Laptop",Gaming,16.0,2560x1440,,0,,AMD,Ryzen 9,8940HX,Zen 4,,,16,,1000,SSD,,Nvidia,RTX 5060,8,Blackwell,Windows 11,2.5,,2999.88,249990,INR,https://www.amazon.in/dp/B09BLD5965,2026-10-06T11:39:02.277106+00:00
Amazon,MSI,"MSI VenturePro 15 AI,Intel Series 1 Core Ultra 5 125H,40CM FHD 144Hz Thin & Light Laptop(16GB/1TB NVMe SSD/Windows 11 Home/Office 2021/GeForce RTX 3050,GDDR6 6GB/Solid Gray/1.9Kg) A1UDXG-009IN",Ultrabook,,1920x1080,,0,144,Intel,Core Ultra 5,125H,Meteor Lake,,1,16,,1000,SSD,,Nvidia,RTX 3050,16,Ampere,Windows 11,1.9,,1151.88,95990,INR,https://www.amazon.in/dp/B0F2HGD5P8,2026-10-06T11:39:02.277106+00:00
Amazon,ASUS,"ASUS TUF F16 (2026),(14th Gen),Intel Core i5 14450HX,RTX 5050-8GB,16GB RAM (Upgradeable),512GB SSD,FHD+,16""(40 cm),Win 11,M365 Basic(1Y),Office 2024,Jaeger Gray,2.2 Kg,FX688JHI-TU364WS,Gaming Laptop",Gaming,16.0,1920x1080,,0,,Intel,Core i5,14450HX,14th Gen,,,16,,512,SSD,,Nvidia,RTX 5050,8,Blackwell,Windows 11,2.2,,1919.88,159990,INR,https://www.amazon.in/dp/B0H463MP2P,2026-10-06T11:39:02.277106+00:00
Amazon,ASUS,"ASUS ROG Zephyrus G14 (2026),Intel Core Ultra 9 386H (Series 3),RTX 5070-8GB,16GB RAM,1TB SSD,3K OLED,14""(35.5 cm),Win 11,M365 Basic(1Y),Office 2024,Eclipse Gray,1.5 Kg,GU405AP-SY060WS,Gaming Laptop",Gaming,14.0,,OLED,0,,Intel,Core Ultra 9,386H,Panther Lake,,,16,,1000,SSD,,Nvidia,RTX 5070,8,Blackwell,Windows 11,1.5,,4079.88,339990,INR,https://www.amazon.in/dp/B0HCP873HK,2026-10-06T11:39:02.277106+00:00
Amazon,Acer,"Acer Nitro 5Pro, Intel Core i7-14650HX, Office 2024+M365 Basic, NVIDIA GeF RTX 4050-6GB, 16GB RAM/1TB SSD, (16"") WUXGA IPS, 165Hz/62Whr, Win11H, Herald Grey, 2.5Kg, AN5P16-73G2, RGB KB, Gaming Laptop",Gaming,16.0,1920x1200,IPS,0,165,Intel,Core i7,14650HX,14th Gen,,,16,,1000,SSD,,Nvidia,RTX 4050,6,Ada Lovelace,,2.5,,1859.88,154990,INR,https://www.amazon.in/dp/B0H9SLFVXW,2026-10-06T11:39:02.277106+00:00
Amazon,Lenovo,"Lenovo LOQ Intel Core i5-13450HX| NVIDIA RTX 3050A 4GB (16GB RAM/512GB SSD/144Hz Refresh Rate/15.6"" (39.6cm)/Windows 11/Office Home 2024/3 Mon. Game Pass/Grey/2.4Kg), 83DV01ABIN AI Gaming Laptop",Gaming,15.6,,,0,144,Intel,Core i5,13450HX,13th Gen,,,16,,512,SSD,,Nvidia,RTX 3050,4,Ampere,Windows 11,2.4,,1378.68,114890,INR,https://www.amazon.in/dp/B0FM3DD3N2,2026-10-06T11:39:02.277106+00:00
Amazon,Lenovo,"Lenovo LOQ 12th Gen Intel Core i5-12450HX 15.6"" (39.6cm) 144Hz 300Nits FHD Gaming Laptop (12GB/512GB SSD/Win 11/NVIDIA RTX 2050 4GB/100% sRGB/Office 21/3 Month Game Pass/Luna Grey/2.4Kg), 83GS009RIN",Gaming,15.6,1920x1080,,0,144,Intel,Core i5,12450HX,12th Gen,,,12,,512,SSD,,Nvidia,RTX 2050,12,Turing,Windows 11,2.4,,1158.00,96500,INR,https://www.amazon.in/dp/B0D1XS2MJT,2026-10-06T11:39:02.277106+00:00
Amazon,Razer,"Razer Blade Pro 17 Gaming Laptop 2020: Intel Core i7-10875H 8-Core, NVIDIA GeForce RTX 2080 Super, 17.3"" 4K 120Hz, 16GB RAM, 1TB SSD, CNC, Chroma RGB, Thunderbolt 3, SD Card Reader, Creator Ready",Gaming,17.3,3840x2160,,0,120,Intel,Core i7,10875H,10th Gen,,8,16,,1000,SSD,,Nvidia,RTX 2080 Super,16,Turing,,,,20202.08,1683507,INR,https://www.amazon.in/dp/B087KXDMNS,2026-10-06T11:39:02.277106+00:00
Amazon,Lenovo,"Lenovo LOQ Intel Core i7-13650HX 15.6"" (39.6cm) 144Hz 300Nits FHD Gaming Laptop (16GB/500 GB SSD/Win 11/NVDIA RTX 4050 6GB Graphics/100% sRGB/Office 21/3 Month Game Pass/Grey/2.4Kg), 83DV00HBIN",Gaming,15.6,1920x1080,,0,144,Intel,Core i7,13650HX,13th Gen,,,16,,500,SSD,,Nvidia,RTX 4050,16,Ada Lovelace,Windows 11,2.4,,1725.00,143750,INR,https://www.amazon.in/dp/B0CX8PHK2P,2026-10-06T11:39:02.277106+00:00
Amazon,Lenovo,"Lenovo Legion Pro 7i Gen 10 16"" Gaming Laptop (2025 Model) Intel Core Ultra 9 275HX 24C, NVIDIA GeForce RTX 5080 16GB, 64GB RAM, 2TB (1TB+1TB) NVMe SSD, 16.0"" WQXGA OLED 500 nits 240Hz, Windows 11 Pro",Gaming,16.0,2560x1600,OLED,0,240,Intel,Core Ultra 9,275HX,Arrow Lake,,,64,,64,SSD,2000,Nvidia,RTX 5080,16,Blackwell,Windows 11,,,11278.48,939873,INR,https://www.amazon.in/dp/B0F3JC9F6L,2026-10-06T11:39:02.277106+00:00
Amazon,Lenovo,"Lenovo LOQ Essential Intel Core i5-12450HX| NVIDIA RTX 3050 6GB (12GB RAM/512GB SSD/144Hz Refresh Rate/15.6"" (39.6cm)/Windows 11/3 Mon. Game Pass/Grey/1.7Kg), 83LK006AIN AI Gaming Laptop",Gaming,15.6,,,0,144,Intel,Core i5,12450HX,12th Gen,,,12,,512,SSD,,Nvidia,RTX 3050,6,Ampere,Windows 11,1.7,,1287.60,107300,INR,https://www.amazon.in/dp/B0FG3LB357,2026-10-06T11:39:02.277106+00:00
Amazon,Lenovo,"Lenovo Legion 5 15IRX10 15.1"" WQXGA OLED, Gaming Laptop, Intel Core i9 14th Gen 14900HX 1.6GHz; NVIDIA GeForce RTX 5070 8GB GDDR7; 32GB DDR5 RAM; 1TB NVMe M.2 SSD; Gigabit LAN, 2x2 WiFi 7",Gaming,15.1,2560x1600,OLED,0,,Intel,Core i9,,14th Gen,1.6,,32,DDR5,1000,SSD,,Nvidia,RTX 5070,8,Blackwell,,,,6440.57,536714,INR,https://www.amazon.in/dp/B0FHXGDZ5Q,2026-10-06T11:39:02.277106+00:00
Amazon,Lenovo,"Lenovo LOQ 2025 AMD Ryzen 7 250| NVIDIA RTX 5060 8GB (24GB RAM/1TB SSD/144Hz Refresh Rate/572 AI TOPS/15.6"" (39.6cm)/Windows 11/Office 2024/3 Mon. Game Pass/Grey/2.4Kg), 83JG008MIN",Notebook,15.6,,,0,144,AMD,Ryzen 7,,,,,24,,1000,SSD,,Nvidia,RTX 5060,8,Blackwell,Windows 11,2.4,,2358.00,196500,INR,https://www.amazon.in/dp/B0FN4L7DHD,2026-10-06T11:39:02.277106+00:00
Amazon,ASUS,"ASUS ROG Strix G18 (2026),Intel Core Ultra 9 (Series 2),RTX 5070 Ti-12GB,32GB RAM (Upgradeable),1TB SSD,FHD+,18""(45 cm),300Hz,Win 11,M365 Basic(1Y),Office 24,Gray,3.2 Kg,G815LR-TT292WS,Gaming Laptop",Gaming,18.0,1920x1080,,0,300,Intel,Core Ultra 9,,Meteor Lake,,,32,,1000,SSD,,Nvidia,RTX 5070 Ti,12,Blackwell,Windows 11,3.2,,4679.88,389990,INR,https://www.amazon.in/dp/B0H25K6ZCM,2026-10-06T11:39:02.277106+00:00
Amazon,Acer,"Acer Nitro 5, Intel Core i7-14650HX, Office 2024 + M365 Basic, NVIDIA GeF RTX 5050-8GB, 16GB RAM/1TB SSD, (16"") WUXGA IPS, 165Hz/73Whr, Win 11H, Dark Grey, 2.5Kg, AN516-74G1, RGB KB, Gaming Laptop",Gaming,16.0,1920x1200,IPS,0,165,Intel,Core i7,14650HX,14th Gen,,,16,,1000,SSD,,Nvidia,RTX 5050,8,Blackwell,Windows 11,2.5,,2315.88,192990,INR,https://www.amazon.in/dp/B0H9RRSXBC,2026-10-06T11:39:02.277106+00:00
Amazon,MSI,"MSI Katana 15 HX Intel Core i9 14th Gen 14900HX (16GB/1TB SSD/Windows 11 Home/RTX 5050 8GB GDDR7/165Hz QHD Display/2 Year Warranty) B14WEK-264IN Gaming Laptop (15.6 Inch, Black, 2.4 Kg)",Gaming,15.6,2560x1440,,0,165,Intel,Core i9,,14th Gen,,,16,,1000,SSD,,Nvidia,RTX 5050,16,Blackwell,Windows 11,2.4,,2159.88,179990,INR,https://www.amazon.in/dp/B096Y98DFR,2026-10-06T11:39:02.277106+00:00
Amazon,ASUS,"ASUS ROG Zephyrus G16 (2026),Intel Core Ultra 9 386H(Series 3),RTX 5070 Ti-12GB,32GB RAM,1TB SSD,OLED,16""(40 cm),240Hz,Win 11,M365 Basic(1Y),Office 24,Eclipse Gray,1.9 Kg,GU606AR-TB112WS,Gaming Laptop",Gaming,16.0,,OLED,0,240,Intel,Core Ultra 9,386H,Panther Lake,,,32,,1000,SSD,,Nvidia,RTX 5070 Ti,12,Blackwell,Windows 11,1.9,,5159.88,429990,INR,https://www.amazon.in/dp/B09BLB41FV,2026-10-06T11:39:02.277106+00:00
Amazon,HP,"HP Victus, 12th Gen Intel Core i5-12450H, 4GB NVIDIA GeForce RTX 2050 Gaming Laptop (8GB RAM, 512GB SSD), 144Hz, IPS, 15.6""/39.6cm, Win 11, Office 2021, Blue, 2.3Kg, Enhanced Cooling, fa1310TX",Gaming,15.6,,IPS,0,144,Intel,Core i5,12450H,12th Gen,,,8,,512,SSD,,Nvidia,RTX 2050,4,Turing,Windows 11,2.3,,1283.88,106990,INR,https://www.amazon.in/dp/B0CPY2VZ82,2026-10-06T11:39:02.277106+00:00
Amazon,Lenovo,"Lenovo LOQ -E 15 15IAX9E RTX 3050 AI Gaming Laptop, 15.6"" IPS 300Nits FHD 144Hz, NVIDIA GeForce RTX 3050, Intel i5-12450HX, 16GB RAM 512GB SSD, Wi-Fi 6, W11H, Luna Grey with 3 Months Gaming Pass",Gaming,15.6,1920x1080,IPS,0,144,Intel,Core i5,12450HX,12th Gen,,,16,,512,SSD,,Nvidia,RTX 3050,16,Ampere,,,,1295.99,107999,INR,https://www.amazon.in/dp/B0FMFPJW9B,2026-10-06T11:39:02.277106+00:00
Amazon,Razer,"Razer Blade 18 Gaming -Laptop: NVIDIA GeForce RTX 4070 13th Gen Intel 24-Core i9 HX CPU 18"" QHD+ 240Hz - 32GB -RAM - 1TB SSD CNC Aluminum Compact GaN -Charger - Windows 11 -Chroma RGB",Gaming,18.0,2560x1440,,0,240,Intel,Core i9,,13th Gen,,24,32,,1000,SSD,,Nvidia,RTX 4070,32,Ada Lovelace,Windows 11,,,19856.71,1654726,INR,https://www.amazon.in/dp/B0BSRJFD9N,2026-10-06T11:39:02.277106+00:00
Amazon,ASUS,"ASUS ROG Strix G17 (2022), 17.3""(43.94 cm) FHD 360Hz/3ms, AMD Ryzen 9 6900HX, 8GB RTX 3070 Ti Graphics, Gaming Laptop (16GB/1TB SSD/90WHrs Battery/Windows 11/Office 2021/Gray/2.9 Kg), G713RW-KH110WS",Gaming,17.3,1920x1080,,0,360,AMD,Ryzen 9,6900HX,Zen 3+,,,16,,1000,SSD,,Nvidia,RTX 3070 Ti,8,Ampere,Windows 11,2.9,,2495.88,207990,INR,https://www.amazon.in/dp/B0B93ZMNWJ,2026-10-06T11:39:02.277106+00:00
Amazon,ASUS,"ASUS TUF A16 (2025), AMD Ryzen 7 7445HS, RTX 4050-6GB, 16GB RAM, 512GB SSD, FHD+, 16"", 40 cm, Windows 11 Home, M365 Basic(1yr)* Office24, Mecha Gray, 2.2 Kg, FA607NUG-RL136WS, Gaming Laptop",Gaming,16.0,1920x1080,,0,,AMD,Ryzen 7,7445HS,Zen 4,,,16,,512,SSD,,Nvidia,RTX 4050,6,Ada Lovelace,Windows 11,2.2,,1679.88,139990,INR,https://www.amazon.in/dp/B0BTNBSR76,2026-10-06T11:39:02.277106+00:00
Amazon,Lenovo,"Lenovo LOQ 2024, AMD Ryzen 5 7235HS, NVIDIA RTX 3050-6GB, 12GB RAM, 512GB SSD, FHD IPS 144Hz 300Nits, 15.6""/39.6cm, Windows 11, MS Office 21, Grey, 2.4Kg, 83JC0031IN, 3 Mon. Game Pass Gaming Laptop",Gaming,15.6,1920x1080,IPS,0,144,AMD,Ryzen 5,7235HS,Zen 4,,,12,,512,SSD,,Nvidia,RTX 3050,6,Ampere,Windows 11,2.4,,1320.00,110000,INR,https://www.amazon.in/dp/B0D7VMYDJY,2026-10-06T11:39:02.277106+00:00
Amazon,ASUS,"ASUS Gaming V16 (2026),Intel Core 5 210H (i5-14th Gen),RTX 3050-6GB,8GB RAM (Upgradeable),512GB SSD,FHD+,16""(40 cm),144Hz,Windows 11,Matte Black,1.95 Kg,V3607VJ-TK288W,Gaming Laptop",Gaming,16.0,1920x1080,,0,144,Intel,Core 5,210H,14th Gen,,,8,,512,SSD,,Nvidia,RTX 3050,6,Ampere,Windows 11,1.95,,1403.88,116990,INR,https://www.amazon.in/dp/B09BLCHLPM,2026-10-06T11:39:02.277106+00:00
Amazon,Lenovo,"Lenovo LOQ AMD Ryzen 7 250 | NVIDIA RTX 5050 8GB (16GB RAM/512GB SSD/FHD IPS/144Hz Refresh Rate/440 AI TOPS/15.6"" (39.6cm)/Windows 11/Office 2024/Grey/2.4Kg), 83JG00H0IN Gaming Laptop",Gaming,15.6,1920x1080,IPS,0,144,AMD,Ryzen 7,,,,,16,,512,SSD,,Nvidia,RTX 5050,8,Blackwell,Windows 11,2.4,,1979.88,164990,INR,https://www.amazon.in/dp/B0H6PQTXFH,2026-10-06T11:39:02.277106+00:00
Amazon,Acer,"acer Nitro 5 Intel Core i5-9th Gen 15.6"" (39.62cms) Display 1920 x 1080 Thin and Light Gaming Laptop (8GB Ram/1TB HDD/Windows 10 Home/GTX 1650 Graphics/Obsidian Black/2.3 Kgs), AN515-54",Gaming,15.6,1920x1080,,0,,Intel,Core i5,,9th Gen,,,8,,1000,HDD,,Nvidia,GTX 1650,8,Turing,Windows 10,2.3,,1079.99,89999,INR,https://www.amazon.in/dp/B088FLW4TW,2026-10-06T11:39:02.277106+00:00
Amazon,Lenovo,"Lenovo Legion Pro 5 2025, Intel Core Ultra 9 275HX, NVIDIA RTX 5070 8GB, 32GB RAM, 1TB SSD, WQXGA OLED, 16 (40.6cm), 165Hz, Windows 11, Office 2024+AI Now, Black, 2.4Kg, 83F3007BIN Gaming Laptop",Gaming,,2560x1600,OLED,0,165,Intel,Core Ultra 9,275HX,Arrow Lake,,,32,,1000,SSD,,Nvidia,RTX 5070,8,Blackwell,Windows 11,2.4,,3599.88,299990,INR,https://www.amazon.in/dp/B0G71G2F8L,2026-10-06T11:39:02.277106+00:00
Amazon,MSI,"MSI Katana GF66, Intel 12th Gen. i5-12450H, 40CM FHD 144Hz Gaming Laptop (8GB/512GB NVMe SSD/Windows 11 Home/Nvidia RTX3050 4GB GDDR6/Black/2.25Kg), 12UC-636IN",Gaming,,1920x1080,,0,144,Intel,Core i5,12450H,12th Gen,,,8,,512,SSD,,Nvidia,RTX 3050,8,Ampere,Windows 11,2.25,,1151.88,95990,INR,https://www.amazon.in/dp/B0B912J6VT,2026-10-06T11:39:02.277106+00:00
Amazon,ASUS,"ASUS ROG Strix G16 (2026),Intel Core Ultra 9 290HX(Series 2),RTX 5080-16GB,32GB RAM (Upgradeable),1TB SSD,2.5k FHD+,16""(40 cm),Win 11,M365 Basic(1Y),Office 24,Gray,2.6 Kg,G615LW-TS356WS,Gaming Laptop",Gaming,16.0,2560x1440,,0,,Intel,Core Ultra 9,290HX,Arrow Lake,,,32,,1000,SSD,,Nvidia,RTX 5080,16,Blackwell,Windows 11,2.6,,5639.88,469990,INR,https://www.amazon.in/dp/B0HCPKYC6Q,2026-10-06T11:39:02.277106+00:00
Amazon,ASUS,"ASUS ROG Zephyrus G16 (2026),Intel Core Ultra 7 255H, RTX 5070-8GB, 32GB RAM, 1TB SSD, 2.5k FHD+,16""(40 cm), Win 11,M365 Basic(1 Year),Office 2024, Eclipse Gray, 1.85 Kg, GU605CP-QR117WS,Gaming Laptop",Gaming,16.0,2560x1440,,0,,Intel,Core Ultra 7,255H,Arrow Lake,,,32,,1000,SSD,,Nvidia,RTX 5070,8,Blackwell,Windows 11,1.85,,4439.88,369990,INR,https://www.amazon.in/dp/B0H45T8QJ9,2026-10-06T11:39:02.277106+00:00
Amazon,Acer,"acer Nitro 5 AMD Ryzen 5 5600H 15.6"" (39.62cms) Full HD IPS Gaming Laptop (8 GB/512 GB SSD/Win 11/4 GB Graphics/NVIDIA GeForce GTX 1650/144 Hz, Black), AN515-45",Gaming,15.6,1920x1080,IPS,0,144,Intel,,,,,,8,,512,SSD,,Nvidia,GTX 1650,8,Turing,Windows 11,,,1031.88,85990,INR,https://www.amazon.in/dp/B09Z6ZQBGL,2026-10-06T11:39:02.277106+00:00
Amazon,Lenovo,"Lenovo LOQ 15IAX9 Gaming Laptop | 15.6"" FHD Intel Core i5-12450HX 8 Core 16GB RAM 512GB SSD | NVIDIA GeForce RTX 3050 6GB | LOQ M100 Mouse | Backlit Keyboard, Windows 11 Home",Gaming,15.6,1920x1080,,0,,Intel,Core i5,12450HX,12th Gen,,8,16,,512,SSD,,Nvidia,RTX 3050,16,Ampere,Windows 11,,,1559.88,129990,INR,https://www.amazon.in/dp/B0CZ7NP6F9,2026-10-06T11:39:02.277106+00:00
Amazon,MSI,"MSI Stealth 18 AI Studio,Intel 1st. Gen Ultra 9 185H,Built-in AI,46CM 16:10 UHD+ MiniLED120Hz Gaming Laptop(32GB/2TB NVMe SSD/Windows 11 Home/NVIDIA GeForce RTX 4090/Midnight Black/2.89Kg),A1VIG-022IN",Gaming,,3840x2160,,0,120,Intel,,,,,,32,,2000,SSD,,Nvidia,RTX 4090,32,Ada Lovelace,Windows 11,2.89,,3540.00,295000,INR,https://www.amazon.in/dp/B0CXDQHR1Y,2026-10-06T11:39:02.277106+00:00
Amazon,Acer,"Acer Nitro 5 11th Gen Intel Core i5-11400H 15.6""(39cm) FHD 144Hz Gaming Laptop (8GB/512GB SSD/Windows 10/4 GB Graphics/NVIDIA GeForce GTX 1650/Shale Black, 2.2 kg/RGB Backlit Keyboard) AN515-57",Gaming,15.6,1920x1080,,0,144,Intel,Core i5,11400H,11th Gen,,,8,,512,SSD,,Nvidia,GTX 1650,8,Turing,Windows 10,2.2,,947.88,78990,INR,https://www.amazon.in/dp/B09D38VZWC,2026-10-06T11:39:02.277106+00:00
Amazon,MSI,"MSI Katana 15, Intel 14th Gen. i9-14900HX, 40cm QHD 165Hz Gaming Laptop (16GB/1TB NVMe SSD/Windows 11 Home/NVIDIA GeForce RTX 5060, GDDR7 8GB/Black/2.4Kg) B14WFK-261IN",Gaming,,2560x1440,,0,165,Intel,Core i9,14900HX,14th Gen,,,16,,1000,SSD,,Nvidia,RTX 5060,16,Blackwell,Windows 11,2.4,,2639.88,219990,INR,https://www.amazon.in/dp/B097PMZMMY,2026-10-06T11:39:02.277106+00:00
Amazon,Dell,"Dell Alienware 15 15.3"" WUXGA 165Hz Gaming Laptop, NVIDIA GeForce RTX 4050 6GB GDDR6, AMD Ryzen 5 220, 64GB DDR5, 5TB Storage(4TB SSD+1TB Docking Station), Backlit Keyboard, Win 11, Black",Gaming,15.3,1920x1200,,0,165,AMD,Ryzen 5,,,,,64,DDR5,64,SSD,5000,Nvidia,RTX 4050,6,Ada Lovelace,Windows 11,,,7001.15,583429,INR,https://www.amazon.in/dp/B0HHHNVBPY,2026-10-06T11:39:02.277106+00:00
Amazon,HP,"HP Victus Gaming Laptop, 13th Gen Intel Core i5-13420H, 4GB RTX 2050 GPU, 15.6-inch (39.6 cm), FHD, IPS, 144Hz, 16GB DDR4, 1TB SSD, Backlit KB, B&O, Dual Speakers (MSO, Silver, 2.37 kg), fa1307TX",Gaming,,1920x1080,IPS,0,144,Intel,Core i5,13420H,13th Gen,,,16,DDR4,1000,SSD,,Nvidia,RTX 2050,4,Turing,,2.37,,1187.99,98999,INR,https://www.amazon.in/dp/B0DN65MXGD,2026-10-06T11:39:02.277106+00:00
Amazon,MSI,"MSI Sword 15 Gaming, Intel i5-11400H, 15.6"" FHD IPS-Level 144Hz Panel Laptop (8GB/512GB NVMe SSD/Windows 10 Home/Nvidia RTX3050 4GB GDDR6/2.25Kg), 11UC-892IN, White, (Sword 15 A11UC-892IN)",Gaming,15.6,1920x1080,IPS,0,144,Intel,Core i5,11400H,11th Gen,,,8,,512,SSD,,Nvidia,RTX 3050,8,Ampere,Windows 10,2.25,,995.88,82990,INR,https://www.amazon.in/dp/B09NPQNWLG,2026-10-06T11:39:02.277106+00:00
Amazon,Acer,"acer Nitro 5 AN515-57 Intel Core i7-11800H 15.6""(39.6cm) FHD 144Hz IPS Display Gaming Laptop (NVIDIA GeForce RTX 3050 Ti Graphics, 16GB DDR4, Windows 10 Home, 256GB SSD+1TB HDD), 2.4kg",Gaming,15.6,1920x1080,IPS,0,144,Intel,Core i7,11800H,11th Gen,,,16,DDR4,256,SSD,1000,Nvidia,RTX 3050 Ti,16,Ampere,Windows 10,2.4,,1427.99,118999,INR,https://www.amazon.in/dp/B09HHHT2XP,2026-10-06T11:39:02.277106+00:00
Amazon,MSI,"MSI Gaming GL63 9SD-1042IN Intel Core i5-9300H 9th Gen 15.6-inch Gaming Laptop(8GB/1TB HDD + 256GB NVMe SSD/Windows 10 Home/GTX 1660 Ti, 6GB Graphics/Black/2.22Kg) 9S7-16P732-1043",Gaming,,,,0,,Intel,Core i5,9300H,9th Gen,,,8,,1000,HDD,256,Nvidia,GTX 1660 Ti,8,Turing,Windows 10,2.22,,1319.88,109990,INR,https://www.amazon.in/dp/B07VXQTJCK,2026-10-06T11:39:02.277106+00:00
Amazon,HP,"HP Omen AMD Ryzen 7-6800H 16.1 inch(40.9cm) FHD Gaming Laptop (16GB RAM/1TB SSD/GeForce RTX 3060 GPU 6GB Graphics/144Hz/7ms Response Time/Win 11/MSO 2021/Backlit KB/B&O Audio/Alexa),16-n0054AX",Gaming,16.1,1920x1080,,0,144,Intel,N0054,AX,Budget,,,16,,1000,SSD,,Nvidia,RTX 3060,16,Ampere,Windows 11,,,1751.88,145990,INR,https://www.amazon.in/dp/B0BBMQ12Z2,2026-10-06T11:39:02.277106+00:00
Amazon,Lenovo,"Lenovo V15, AMD Ryzen 5 7520U, 16GB RAM, 512GB SSD, WUXGA 15.6” (39.62cm), DOS, Arctic Grey, 1.63Kg, 83CQA01BIN, 250 Nits, Antiglare, 1Y Warranty, Laptop",Notebook,,1920x1200,,0,,AMD,Ryzen 5,7520U,Zen 4,,,16,,512,SSD,,AMD,AMD Radeon Graphics,16,Integrated,DOS,1.63,,701.99,58499,INR,https://www.amazon.in/dp/B0FTK282LH,2026-10-06T11:39:02.277106+00:00
Amazon,ASUS,"ASUS Vivobook Go 14 (2026),AMD Ryzen 5 40,AMD Radeon iGPU,8GB RAM,512GB SSD,FHD, 14""(35.5 cm),Windows 11 Home,M365 Basic(1 Year)* Office 2024,Mixed Black, 1.38 Kg, E1404FA-EB1415WS,Thin & Light Laptop",Ultrabook,14.0,1920x1080,,0,,AMD,Ryzen 5,,,,,8,,512,SSD,,AMD,iGPU,8,Integrated,Windows 11,1.38,,767.88,63990,INR,https://www.amazon.in/dp/B09BB87Y6D,2026-10-06T11:39:02.277106+00:00
Amazon,Lenovo,"Lenovo LOQ, Intel Core i7-13650HX, 13th Gen, NVIDIA RTX 4060-8GB, 16GB RAM, 1TB SSD, FHD 144Hz 300Nits, 15.6""/39.62cm, Windows 11 Home, MS Office 24, Grey, 2.38Kg, 83DV01BHIN, 100% sRGB Gaming Laptop",Gaming,15.6,1920x1080,,0,144,Intel,Core i7,13650HX,13th Gen,,,16,,1000,SSD,,Nvidia,RTX 4060,8,Ada Lovelace,Windows 11,2.38,,2070.00,172500,INR,https://www.amazon.in/dp/B0G39Y8P3V,2026-10-06T11:39:02.277106+00:00
Amazon,Lenovo,"Lenovo Legion 5 AMD Ryzen 7 5800H 15.6"" (39.62cm) FHD IPS Gaming Laptop (16GB/512GB SSD/4GB NVIDIA RTX 3050/165Hz/Windows 11/Office 2021/RGB Backlit/3months Game Pass/Phantom Blue/2.4Kg), 82JW00E2IN",Gaming,15.6,1920x1080,IPS,0,165,AMD,Ryzen 7,5800H,Zen 3,,,16,,512,SSD,,Nvidia,RTX 3050,16,Ampere,Windows 11,2.4,,1421.99,118499,INR,https://www.amazon.in/dp/B09P1K1VDR,2026-10-06T11:39:02.277106+00:00
Amazon,,"NIAKUN Gaming Laptop,Ryzen 7 5700U 8C/16T Processor,15.6 Inch Laptop Computer,AMD (up to 4.3Ghz),16GB RAM 1TB SSD,AMD Radeon Graphics,15.6” FHD 1920 * 1080 Display,WiFi 5,BT5.0,Backlit Keyboard",Gaming,15.6,1920x1080,,0,,AMD,Ryzen 7,5700U,Zen 3,4.3,,16,,1000,SSD,,AMD,Graphics,16,Integrated,,,,1334.87,111239,INR,https://www.amazon.in/dp/B0FJ8NW6K2,2026-10-06T11:39:02.277106+00:00
Amazon,Acer,"Acer Nitro 5, Intel Core i5-14450HX, Office 2024 + M365 Basic, NVIDIA GeF RTX 4050-6GB, 16GB RAM/1TB SSD, (16"") WUXGA IPS, 165Hz/62Whr, Win 11H, Herald Grey, 2.5Kg, AN516-74G1, RGB KB, Gaming Laptop",Gaming,16.0,1920x1200,IPS,0,165,Intel,Core i5,14450HX,14th Gen,,,16,,1000,SSD,,Nvidia,RTX 4050,6,Ada Lovelace,Windows 11,2.5,,2015.88,167990,INR,https://www.amazon.in/dp/B0H9RPSDM8,2026-10-06T11:39:02.277106+00:00
Amazon,MSI,"MSI Crosshair 18 HX AI, Intel 2nd Series. Core Ultra 9 275HX, 46CM QHD+ 240Hz Gaming Laptop (32GB/1TB NVMe SSD/Windows 11 Home/NVIDIA GeForce RTX 5070, GDDR7 12GB/Black/3.1Kg) A2XWGXKG-096INY",Gaming,,2560x1440,,0,240,Intel,Core Ultra 9,275HX,Arrow Lake,,,32,,1000,SSD,,Nvidia,RTX 5070,32,Blackwell,Windows 11,3.1,,3959.88,329990,INR,https://www.amazon.in/dp/B0HBB1X56X,2026-10-06T11:39:02.277106+00:00
Amazon,Lenovo,"Lenovo-LOQ Gaming-Laptop RTX 5060- Intel i7-13650HX - 15.6"" FHD 144Hz Display MUX Switch -G-SYNC -32GB RAM -1TB SSD -Backlit Keyboard -2025 Portatil Gamer PC - Windows 11",Gaming,15.6,1920x1080,,0,144,Intel,Core i7,13650HX,13th Gen,,,32,,1000,SSD,,Nvidia,RTX 5060,32,Blackwell,Windows 11,,,5128.64,427387,INR,https://www.amazon.in/dp/B0FW4L2T2M,2026-10-06T11:39:02.277106+00:00
Amazon,ASUS,"ASUS ROG Strix G16 (2026),Intel Core Ultra 9 290HX (Series 2),RTX 5070-8GB,32GB RAM (Upgradeable),1TB SSD,FHD+,16""(40 cm),300Hz,Win 11,M365 Basic(1Y),Office 24,Gray,2.6 Kg,G615LP-TS210WS,Gaming Laptop",Gaming,16.0,1920x1080,,0,300,Intel,Core Ultra 9,290HX,Arrow Lake,,,32,,1000,SSD,,Nvidia,RTX 5070,8,Blackwell,Windows 11,2.6,,3959.88,329990,INR,https://www.amazon.in/dp/B09BLFBB9D,2026-10-06T11:39:02.277106+00:00
Amazon,ASUS,"ASUS TUF 16 (2026),14th Gen,Intel Core i7 14650HX,RTX 5060-8GB,16GB RAM (Upgradeable),512GB SSD,FHD+,16""(40 cm),Win 11,M365 Basic(1Y),Office 2024,Off Black,2.2 Kg,FX610JM-TU105WS,Gaming Laptop",Gaming,16.0,1920x1080,,0,,Intel,Core i7,14650HX,14th Gen,,,16,,512,SSD,,Nvidia,RTX 5060,8,Blackwell,Windows 11,2.2,,2519.88,209990,INR,https://www.amazon.in/dp/B0HCP6FPH9,2026-10-06T11:39:02.277106+00:00
Amazon,Lenovo,"Lenovo Legion 5i - 15.1"" GeForce RTX 5060 Laptop GPU - Intel Core i7-14700HX - 16GB Memory - 512GB SSD - (2560x1660) 165Hz OLED Display - Windows 11 Home Gaming Laptop (83LY000LUS)",Gaming,15.1,2560x1660,OLED,0,165,Intel,Core i7,14700HX,14th Gen,,,16,,512,SSD,,Nvidia,RTX 5060,16,Blackwell,Windows 11,,,4533.12,377760,INR,https://www.amazon.in/dp/B0FP3XNKG7,2026-10-06T11:39:02.277106+00:00
Amazon,Lenovo,"Lenovo LOQ Intel Core i7-13645HX | NVIDIA RTX 5050 8GB (16GB RAM/1TB SSD/144Hz Refresh Rate/440 AI TOPS/15.6"" (39.6cm)/Windows 11/Office 2024/Grey/2.4Kg), 83JE01G5IN Gaming Laptop",Gaming,15.6,,,0,144,Intel,Core i7,13645HX,13th Gen,,,16,,1000,SSD,,Nvidia,RTX 5050,8,Blackwell,Windows 11,2.4,,2123.88,176990,INR,https://www.amazon.in/dp/B0H6PNYLS9,2026-10-06T11:39:02.277106+00:00
Amazon,,"OMEN Transcend 14-in Gaming Laptop, 2.8K OLED display, 32GB RAM, 1TB SSD, Intel® Evo™ Edition platform powered by Intel® Core™ Ultra 9 185H, NVIDIA® GeForce RTX™ 4060 Laptop GPU (8 GB GDDR6 dedicated)",Gaming,14.0,,OLED,0,,Intel,,,,,,32,,1000,SSD,,Intel,Intel UHD Graphics,32,Integrated,,,,2879.88,239990,INR,https://www.amazon.in/dp/B0D7QRKHYQ,2026-10-06T11:39:02.277106+00:00
Amazon,Lenovo,"Lenovo LOQ Intel Core i7-14700HX 15.6"" (39.6cm) 144Hz 300Nits FHD Gaming Laptop (16GB/1TB SSD/Win 11/NVIDIA GeForce RTX 4060 8GB Graphics/100% sRGB/Office 21/1Yr ADP Free/Grey/2.4Kg), 83DV00BEIN",Gaming,15.6,1920x1080,,0,144,Intel,Core i7,14700HX,14th Gen,,,16,,1000,SSD,,Nvidia,RTX 4060,16,Ada Lovelace,Windows 11,2.4,,2100.00,175000,INR,https://www.amazon.in/dp/B0CX8SF49C,2026-10-06T11:39:02.277106+00:00
Amazon,Acer,"Acer Nitro 5 Pro, Intel Core i7-14650HX, Office 2024+M365 Basic, NVIDIA GeF RTX 5050-8GB, 16GB RAM/1TB SSD, (16"") WUXGA IPS, 165Hz/73Whr, Win 11H, Dark Grey, 2.5Kg, AN5P16-74G2, RGB KB, Gaming Laptop",Gaming,16.0,1920x1200,IPS,0,165,Intel,Core i7,14650HX,14th Gen,,,16,,1000,SSD,,Nvidia,RTX 5050,8,Blackwell,Windows 11,2.5,,2315.88,192990,INR,https://www.amazon.in/dp/B0H9SGRP7H,2026-10-06T11:39:02.277106+00:00
Amazon,Acer,"acer Aspire 3D 15 SpatialLabs Edition Gaming Laptop Intel Core i7-13620H Processor (16GB/1TB/NVIDIA RTX4050/Win11Home) A3D15-71GM, 39.6 cm(15.6"") UHD 3840 x 2160 IPS Display, Obsidian Black, 2.32KG",Gaming,15.6,3840x2160,IPS,0,,Intel,Core i7,13620H,13th Gen,,,16,,1000,SSD,,Nvidia,RTX 4050,16,Ada Lovelace,,2.32,,1799.88,149990,INR,https://www.amazon.in/dp/B0D9LKSXQ6,2026-10-06T11:39:02.277106+00:00
Amazon,MSI,"MSI Stealth 14 Studio, Intel 13th Gen. i7-13700H, 36CM FHD+ 165Hz Gaming Laptop (16GB/1TB NVMe SSD/Windows 11 Home/Nvidia GeForce RTX4050, 6GB GDDR6/Star Blue/1.7Kg), A13VE-038IN",Gaming,,1920x1080,,0,165,Intel,Core i7,13700H,13th Gen,,,16,,1000,SSD,,Nvidia,RTX 4050,16,Ada Lovelace,Windows 11,1.7,,2131.81,177651,INR,https://www.amazon.in/dp/B0BWK4KMXD,2026-10-06T11:39:02.277106+00:00
Amazon,MSI,"MSI GL63 8RE-455IN 2018 15.6-inch Laptop (Core i7-8750H/16GB/128GBSSD+1TB/Windows 10/6GB Graphics), Black",Notebook,,,,0,,Intel,Core i7,8750H,8th Gen,,,16,,128,SSD,1000,Intel,Intel Iris Xe Graphics,16,Integrated,Windows 10,,,1499.88,124990,INR,https://www.amazon.in/dp/B07DDNJXQ8,2026-10-06T11:39:02.277106+00:00
Amazon,Lenovo,Lenovo,Notebook,,,,0,,,,Lenovo,,,,,,,,,,Lenovo,,,,,,698.16,58180,INR,https://www.amazon.in/dp/B0H93GYSMW,2026-10-06T11:39:02.277106+00:00
Amazon,Dell,Dell,Notebook,,,,0,,,,Dell,,,,,,,,,,Dell,,,,,,749.88,62490,INR,https://www.amazon.in/dp/B0DSFPW382,2026-10-06T11:39:02.277106+00:00
Amazon,Apple,Apple,Notebook,,,,0,,Apple,,Apple,,,,,,,,,Apple,Apple,,,macOS,,,1667.88,138990,INR,https://www.amazon.in/dp/B0GR1G3C3X,2026-10-06T11:39:02.277106+00:00
Amazon,Acer,Acer,Notebook,,,,0,,,,Acer,,,,,,,,,,Acer,,,,,,753.60,62800,INR,https://www.amazon.in/dp/B077KRQTCK,2026-10-06T11:39:02.277106+00:00
Amazon,HP,HP,Notebook,,,,0,,,,HP,,,,,,,,,,HP,,,,,,761.88,63490,INR,https://www.amazon.in/dp/B0GTYBZFLC,2026-10-06T11:39:02.277106+00:00
Amazon,ASUS,ASUS,Notebook,,,,0,,,,ASUS,,,,,,,,,,ASUS,,,,,,839.88,69990,INR,https://www.amazon.in/dp/B0DTYKLHYC,2026-10-06T11:39:02.277106+00:00
Amazon,,"𝗗𝗲𝗹𝗹Laptop Model 3400 Business Laptop | Core i5 8th Gen | 8GB DDR4 RAM | 256GB SSD | 14"" Full HD Display | Win 10 | A+Condition (Pre-Owned & Tested)",Notebook,14.0,1920x1080,,0,,Intel,Core i5,,8th Gen,,,8,DDR4,256,SSD,,Intel,Intel Iris Xe Graphics,8,Integrated,Windows 10,,,318.00,26500,INR,https://www.amazon.in/dp/B0HH9QFTFB,2026-10-06T11:39:02.277106+00:00
Amazon,Samsung,Samsung,Notebook,,,,0,,,,Samsung,,,,,,,,,,Samsung,,,,,,832.19,69349,INR,https://www.amazon.in/dp/B0FMS373M7,2026-10-06T11:39:02.277106+00:00
Amazon,,𝗗𝗲𝗹𝗹Laptop Model 5570 Laptop | InteI Core i5 8th Gen | 8GB RAM | 256GB SSD | 14” FHD Display | Win 10 | Business Laptop | Seller Warranty | A+ Condition (Refab),Notebook,,1920x1080,,0,,Intel,Core i5,,8th Gen,,,8,,256,SSD,,Intel,Intel Iris Xe Graphics,8,Integrated,Windows 10,,,335.99,27999,INR,https://www.amazon.in/dp/B0HK7WRSVC,2026-10-06T11:39:02.277106+00:00
Amazon,,𝗟𝗲𝗻𝗼𝘃𝗼Model E15 | 𝗜𝗡𝗧𝗘𝗟i5 11th Gen | 8GB RAM/256GB SSD | 14″ FHD Display Win 10 | A+ Condition Laptop (Refab),Notebook,,1920x1080,,0,,,,,11th Gen,,,8,,256,SSD,,,,8,,Windows 10,,,389.94,32495,INR,https://www.amazon.in/dp/B0HKNJJWDG,2026-10-06T11:39:02.277106+00:00
Amazon,,"𝗗𝗲𝗹𝗹Laptop Model 5400 Business Laptop | Core i5 8th Gen | 8GB DDR4 RAM | 256GB SSD | 14"" Full HD Display | Win 10 | A+Condition (Pre-Owned & Tested)",Notebook,14.0,1920x1080,,0,,Intel,Core i5,,8th Gen,,,8,DDR4,256,SSD,,Intel,Intel Iris Xe Graphics,8,Integrated,Windows 10,,,370.80,30900,INR,https://www.amazon.in/dp/B0HK858TQN,2026-10-06T11:39:02.277106+00:00
Amazon,,𝗟𝗲𝗻𝗼𝘃𝗼Model T450 | InteI Core i5 5th Gen Processor | 8GB RAM | 256GB SSD | 14-inch FHD Display | Win 10 | A+ Condition Laptop (Refab),Notebook,,1920x1080,,0,,Intel,Core i5,,5th Gen,,,8,,256,SSD,,Intel,Intel Iris Xe Graphics,8,Integrated,Windows 10,,,330.00,27500,INR,https://www.amazon.in/dp/B0HHDDVCNJ,2026-10-06T11:39:02.277106+00:00
Amazon,,"Tech IT 𝗗𝗲𝗹𝗹Laptop Model 5411 Business Laptop | Core i5 10th Gen | 8GB DDR4 RAM | 256GB SSD | 14"" Full HD Display | Win 10 | A+Condition (Pre-Owned & Tested)",Notebook,14.0,1920x1080,,0,,Intel,Core i5,,10th Gen,,,8,DDR4,256,SSD,,Intel,Intel Iris Xe Graphics,8,Integrated,Windows 10,,,372.00,31000,INR,https://www.amazon.in/dp/B0HKN1XFJ8,2026-10-06T11:39:02.277106+00:00
Amazon,MSI,MSI,Notebook,,,,0,,,,MSI,,,,,,,,,,MSI,,,,,,623.88,51990,INR,https://www.amazon.in/dp/B0BX9MXTT2,2026-10-06T11:39:02.277106+00:00
Amazon,,"𝗗𝗲𝗹𝗹Laptop Model 5420 | 𝗜𝗡𝗧𝗘𝗟i5 11th Gen Processor |8GB DDR4 RAM |256GB SSD |14"" FHD Display | Win10 | A+ Condition Laptop (Refab)",Notebook,14.0,1920x1080,,0,,,,,11th Gen,,,8,DDR4,256,SSD,,,,8,,,,,444.00,37000,INR,https://www.amazon.in/dp/B0HK82NN4V,2026-10-06T11:39:02.277106+00:00
Amazon,,𝗗𝗲𝗹𝗹Laptop Model 5280 Laptop | InteI Core i5 7th Gen | 8GB RAM | 256GB SSD | 14” FHD Display | Win 10 | Business Laptop | Seller Warranty | A+ Condition (Refab),Notebook,,1920x1080,,0,,Intel,Core i5,,7th Gen,,,8,,256,SSD,,Intel,Intel Iris Xe Graphics,8,Integrated,Windows 10,,,300.00,25000,INR,https://www.amazon.in/dp/B0HLFSWQ5J,2026-10-06T11:39:02.277106+00:00
Amazon,,"𝗗𝗲𝗹𝗹ModeI 5420 Laptop | Core i5 11th Gen (1145g7) | Fast 8GB DDR4 RAM | 256GB SSD | 14"" FHD| Win 10 | Seller Warranty | (Pre-Owned & Tested)",Notebook,14.0,1920x1080,,0,,Intel,Core i5,,11th Gen,,,8,DDR4,256,SSD,,Intel,Intel Iris Xe Graphics,8,Integrated,Windows 10,,,419.99,34999,INR,https://www.amazon.in/dp/B0HL98CY92,2026-10-06T11:39:02.277106+00:00
Amazon,,"𝗗𝗲𝗹𝗹Laptop Model 5411 Business Laptop | Core i5 10th Gen | 8GB DDR4 RAM | 256GB SSD | 14"" Full HD Display | Win 10 | A+Condition (Pre-Owned & Tested)",Notebook,14.0,1920x1080,,0,,Intel,Core i5,,10th Gen,,,8,DDR4,256,SSD,,Intel,Intel Iris Xe Graphics,8,Integrated,Windows 10,,,408.00,34000,INR,https://www.amazon.in/dp/B0HKMVF34Y,2026-10-06T11:39:02.277106+00:00
Amazon,,"𝗗𝗲𝗹𝗹Laptop Model 5410 | 𝗜𝗡𝗧𝗘𝗟i5 10th Gen Processor |8GB DDR4 RAM |256GB SSD |14"" FHD Display | Win10 | A+ Condition Laptop (Refab)",Notebook,14.0,1920x1080,,0,,,,,10th Gen,,,8,DDR4,256,SSD,,,,8,,,,,384.00,32000,INR,https://www.amazon.in/dp/B0HKJ5VZTG,2026-10-06T11:39:02.277106+00:00
Smartprix,Lenovo,Lenovo IdeaPad Slim 3 83K100CJIN Laptop (13th Gen Core i7/ 16GB/ 512GB SSD/ Win11),Ultrabook,15.28,1920x1080,,0,,Intel,Core i7,13620H,13th Gen,,10,16,LPDDR5,512,SSD,,Intel,UHD Graphics,16,Integrated,Windows 11,,,1027.45,85621,INR,https://www.smartprix.com/laptops/lenovo-ideapad-slim-3-83k100cjin-laptop-13th-ppd1wqaavfsf,2026-10-06T11:39:02.277106+00:00
Smartprix,ASUS,Asus TUF Gaming A15 FA506NCG-HN199W Laptop (AMD Ryzen 7 7445HS/ 16GB / 512GB SSD/ Win11 Home / 4GB Graph),Gaming,15.6,1920x1080,,0,,AMD,Ryzen 7,7445HS,7th Gen,,8,16,DDR5,512,SSD,,Nvidia,RTX 3050,4,Ampere,Windows 11,,,827.88,68990,INR,https://www.smartprix.com/laptops/asus-tuf-gaming-a15-fa506ncg-hn199w-laptop-ppd11sko09l5,2026-10-06T11:39:02.277106+00:00
Smartprix,ASUS,Asus TUF Gaming A15 FA566NCR-HN075W Laptop (AMD Ryzen 7 7435HS/ 16GB / 512GB SSD/ Win11 Home / 4GB Graph),Gaming,15.6,1920x1080,,0,,AMD,Ryzen 7,7435HS,7th Gen,,8,16,DDR5,512,SSD,,Nvidia,RTX 3050,4,Ampere,Windows 11,,,779.88,64990,INR,https://www.smartprix.com/laptops/asus-tuf-gaming-a15-fa566ncr-hn075w-laptop-ppd14a50ybhk,2026-10-06T11:39:02.277106+00:00
Smartprix,ASUS,Asus VivoBook 15 2021 X515JA-EJ362WS Laptop (10th Gen Core i3/ 8GB/ 512GB SSD/ Win11 Home),Notebook,15.6,1920x1080,,0,,Intel,Core i3,1005G1,10th Gen,,2,8,DDR4,512,SSD,,Intel,UHD Graphics,8,Integrated,,,,335.88,27990,INR,https://www.smartprix.com/laptops/asus-vivobook-15-2021-x515ja-ej362ws-laptop-ppd1942at4rm,2026-10-06T11:39:02.277106+00:00
Smartprix,HP,HP Victus 15-fb3125AX Gaming Laptop (AMD Ryzen 7 7445H/ 16GB/ 512GB SSD/ Win11/ RTX 3050),Gaming,15.6,1920x1080,,0,,AMD,Ryzen 7,7445H,7th Gen,,6,16,DDR5,512,SSD,,Nvidia,RTX 4050,16,Ada Lovelace,Windows 11,,,989.93,82494,INR,https://www.smartprix.com/laptops/hp-victus-15-fb3125ax-gaming-laptop-amd-ryzen-ppd1vsyqgihz,2026-10-06T11:39:02.277106+00:00
Smartprix,ASUS,Asus TUF F17 FX706HF-NY040W Gaming Laptop (11th Gen Core i5/ 16GB/ 512GB SSD/ Win11/ 4GB Graph),Gaming,17.3,1920x1080,,0,,Intel,Core i5,11400H,11th Gen,,6,16,,512,SSD,,Nvidia,RTX 2050,4,Turing,Windows 11,,,611.88,50990,INR,https://www.smartprix.com/laptops/asus-tuf-f17-fx706hf-ny040w-gaming-laptop-ppd1be8lpd7h,2026-10-06T11:39:02.277106+00:00
Smartprix,ASUS,Asus Gaming V16 V3607VM-RP057WS Laptop (Intel Core 7 240H/ 16GB/ 512GB SSD/ Win11 / 8GB RTX 5060 Graph),Gaming,16,1920x1200,,0,,Intel,Core 7,240H,Raptor Lake Refresh,,10,16,DDR5,512,SSD,,Nvidia,RTX 5060,8,Blackwell,Windows 11,,,1319.88,109990,INR,https://www.smartprix.com/laptops/asus-gaming-v16-v3607vm-rp057ws-laptop-intel-ppd1bc38h4hg,2026-10-06T11:39:02.277106+00:00
Smartprix,Lenovo,Lenovo IdeaPad Slim 1 82R400BGIN Laptop (AMD Ryzen 5 5500U/ 8GB/ 512GB SSD/ Win11 Home),Ultrabook,15.6,1920x1080,,0,,AMD,Ryzen 5,5500U,5th Gen,,6,8,DDR4,512,SSD,,AMD,Graphics,8,Integrated,Windows 11,,,455.88,37990,INR,https://www.smartprix.com/laptops/lenovo-ideapad-slim-1-82r400bgin-laptop-amd-ppd1d7m5czgs,2026-10-06T11:39:02.277106+00:00
Smartprix,ASUS,Asus CX9406 Googlebook Laptop (Intel Core Ultra 5 325/ 32GB/ ChromeOS),Notebook,14,,,1,,Intel,Core Ultra 5,325,Panther Lake,,8,32,LPDDR5X,,,,Intel,Intel UHD Graphics,32,Integrated,Chrome OS,,,419.99,34999,INR,https://www.smartprix.com/laptops/asus-cx9406-googlebook-laptop-intel-core-ppd1r70tzg1q,2026-10-06T11:39:02.277106+00:00
Smartprix,Lenovo,Lenovo LOQ 2023 Gaming Laptop  (13th Gen Core i5/ 8GB/ 512GB SSD/ Win11/ 8GB Graph),Gaming,15.6,1920x1080,,0,,Intel,Core i5,13420H,13th Gen,,8,8,DDR5,512,SSD,,Nvidia,RTX 4060,8,Ada Lovelace,Windows 11,,,1079.99,89999,INR,https://www.smartprix.com/laptops/lenovo-loq-2023-gaming-laptop-13th-gen-core-ppd1zd7nhpaz,2026-10-06T11:39:02.277106+00:00
Smartprix,ASUS,Asus Vivobook 15 X1504ZA-NJ540WS Laptop (12th Gen Core i5/ 16GB/ 512GB SSD/ Win11),Notebook,15.6,1920x1080,,0,,Intel,Core i5,1235U,12th Gen,,10,16,DDR4,512,SSD,,Intel,Intel Iris Xe Graphics,16,Integrated,Windows 11,,,893.35,74446,INR,https://www.smartprix.com/laptops/asus-vivobook-15-x1504za-nj540ws-laptop-12th-ppd18ctqe9e1,2026-10-06T11:39:02.277106+00:00
Smartprix,ASUS,Asus TUF A15  FA506NCQ-HN006W Gaming Laptop (AMD Ryzen 7 170/ 16GB / 512GB SSD/ Win11 Home / 4GB Graph),Gaming,15.6,1920x1080,,0,,AMD,Ryzen 1,,,,8,16,,512,SSD,,Nvidia,RTX 3050,4,Ampere,Windows 11,,,1271.99,105999,INR,https://www.smartprix.com/laptops/asus-tuf-a15-fa506ncq-hn006w-gaming-laptop-ppd1hlt4hs0s,2026-10-06T11:39:02.277106+00:00
Smartprix,ASUS,Asus TUF Gaming F16 X608JHR-RV135WS Gaming Laptop (14th Gen Core i7/ 16GB/ 1TB SSD/ Win11/ 8GB RTX 5050 Graphics),Gaming,16,1920x1200,,0,,Intel,Core i7,14650HX,14th Gen,,16,16,,1000,SSD,,Nvidia,RTX 5050,8,Blackwell,Windows 11,,,1679.88,139990,INR,https://www.smartprix.com/laptops/asus-tuf-gaming-f16-x608jhr-rv135ws-gaming-ppd1s25tn1p4,2026-10-06T11:39:02.277106+00:00
Smartprix,Lenovo,Lenovo LOQ 83DV007GIN Gaming Laptop (13th Gen Core i5/ 16GB/ 512GB SSD/ Win11/ 6GB RTX 4050 Graph),Gaming,15.6,1920x1080,,0,,Intel,Core i5,13450HX,13th Gen,,10,16,DDR5,512,SSD,,Nvidia,RTX 4050,6,Ada Lovelace,Windows 11,,,1343.87,111989,INR,https://www.smartprix.com/laptops/lenovo-loq-83dv007gin-gaming-laptop-13th-ppd1fvwmwkx6,2026-10-06T11:39:02.277106+00:00
Smartprix,Apple,Apple MacBook Air 13 2026 Laptop (Apple M5/ 16GB/ 512GB SSD/ MacOS/ 10‑core GPU),Ultrabook,13.6,2560x1664,,0,,Apple,,10 Core Apple GPU,,,10,16,,512,SSD,,Apple, GPU,16,,macOS,,,1673.88,139490,INR,https://www.smartprix.com/laptops/apple-macbook-air-13-2026-laptop-apple-m5-ppd1z9tazegp,2026-10-06T11:39:02.277106+00:00
Smartprix,HP,HP 15 250R G10  Laptop (Intel Core 3 100U/ 16GB/ 512GB SSD/ Win11),Notebook,15.6,1920x1080,,0,,Intel,Core 3,100U,Raptor Lake Refresh,,6,16,DDR4,512,SSD,,Intel,UHD Graphics,16,Integrated,Windows 11,,,572.88,47740,INR,https://www.smartprix.com/laptops/hp-15-250r-g10-laptop-intel-core-3-100u-16gb-ppd1xqbaao1k,2026-10-06T11:39:02.277106+00:00
Smartprix,Acer,Acer ALG ‎AL15G-53 Gaming Laptop (13th Gen Intel Core i7/ 16GB/ 512GB SSD/ Win11/ 6GB RTX 3050 Graphics),Gaming,15.6,1920x1080,,0,,Intel,Core i7,13620H,13th Gen,,10,16,DDR4,512,SSD,,Nvidia,RTX 3050,6,Ampere,Windows 11,,,959.88,79990,INR,https://www.smartprix.com/laptops/acer-alg-al15g-53-gaming-laptop-13th-gen-ppd1p6mm1o0k,2026-10-06T11:39:02.277106+00:00
Smartprix,ASUS,Asus Vivobook 14 2025 X1407CA-LY160WS Laptop (Intel Core Ultra 5 225H/ 16GB/ 512GB SSD/ Win11),Notebook,14,1920x1200,,0,,Intel,Core Ultra 5,225H,Arrow Lake,,14,16,DDR5,512,SSD,,Intel,Intel Integrated Arc,16,Alchemist,Windows 11,,,899.88,74990,INR,https://www.smartprix.com/laptops/asus-vivobook-14-2025-x1407ca-ly160wslaptop-ppd1okoku0p7,2026-10-06T11:39:02.277106+00:00
Smartprix,HP,HP Victus 15-fa2192TX  Gaming Laptop (13th Gen Core i5/ 16GB/ 512GB SSD/ Win 11/ 4GB Graphics),Gaming,15.6,1920x1080,,0,,Intel,Core i5,13420H,13th Gen,,8,16,DDR4,512,SSD,,Nvidia,RTX 3050,4,Ampere,Windows 11,,,947.88,78990,INR,https://www.smartprix.com/laptops/hp-victus-15-fa2192tx-gaming-laptop-13th-ppd1dffm0np1,2026-10-06T11:39:02.277106+00:00
Smartprix,ASUS,Asus Vivobook 15 X1502ZA-EJ953WS Laptop (12th Gen Core i3/ 8GB/ 512GB SSD/ Win11),Notebook,15.6,1920x1080,,0,,Intel,Core i3,1215U,12th Gen,,6,8,DDR4,512,SSD,,Intel,Iris Xe,8,Integrated,Windows 11,,,419.88,34990,INR,https://www.smartprix.com/laptops/asus-vivobook-15-x1502za-ej953ws-laptop-12th-ppd1ynchqdpw,2026-10-06T11:39:02.277106+00:00
Smartprix,ASUS,Asus Vivobook 16 2025 X1607CA-MB142WS Laptop (Intel Core Ultra 5 225H/ 16GB/ 512GB SSD/ Win11),Notebook,,2025x1607,,0,,Intel,Core Ultra 5,225H,Arrow Lake,,,16,,512,SSD,,Intel,Intel UHD Graphics,16,Integrated,,,,935.88,77990,INR,https://www.smartprix.com/laptops/asus-vivobook-16-2025-x1607ca-mb142ws-laptop-ppd11w29jlcb,2026-10-06T11:39:02.277106+00:00
Smartprix,HP,HP 15-FD1458TU Laptop (Intel Core Ultra 5 125H/ 24GB/ 1TB SSD/ Win11 Home),Notebook,,,,0,,Intel,Core Ultra 5,125H,Meteor Lake,,,24,,1000,SSD,,Intel,Intel UHD Graphics,24,Integrated,,,,995.88,82990,INR,https://www.smartprix.com/laptops/hp-15-fd1458tu-laptop-intel-core-ultra-5-ppd1ond2yckd,2026-10-06T11:39:02.277106+00:00
Smartprix,Lenovo,Lenovo IdeaPad Slim 5 83HX00DWIN AI Laptop (AMD Ryzen AI 5 330/ 8GB RAM/ 512GB SSD/ Win 11),Ultrabook,,,,0,,AMD,Ryzen AI 5,330,Zen 5 (Strix),,,8,,512,SSD,,AMD,AMD Radeon Graphics,8,Integrated,Windows 11,,,1319.88,109990,INR,https://www.smartprix.com/laptops/lenovo-ideapad-slim-5-83hx00dwin-ai-laptop-ppd1ug61jsl8,2026-10-06T11:39:02.277106+00:00
Smartprix,Samsung,Samsung Galaxy Book 5 NP750XHD-KD2IN Laptop (Intel Core Ultra 7 255U/ 16GB/ 512GB SSD/ Win11),Notebook,,,,0,,Intel,Core Ultra 7,255U,Arrow Lake,,,16,,512,SSD,,Intel,HD Graphics,16,Integrated,,,,1103.88,91990,INR,https://www.smartprix.com/laptops/samsung-galaxy-book-5-np750xhd-kd2in-laptop-ppd1jjq4m7y1,2026-10-06T11:39:02.277106+00:00
Smartprix,Lenovo,Lenovo IdeaPad Slim 3 82RK006DIN Laptop (12th Gen Core i3/ 8GB/ 512GB SSD/ Win11),Ultrabook,15.6,1920x1080,,0,,Intel,Core i3,1215U,12th Gen,,6,8,,512,SSD,,Intel,UHD Graphics,8,Integrated,Windows 11,,,779.99,64999,INR,https://www.smartprix.com/laptops/lenovo-ideapad-slim-3-82rk006din-laptop-12th-ppd1ws7bx3rs,2026-10-06T11:39:02.277106+00:00
Smartprix,Lenovo,Lenovo IdeaPad Flex 5 82XX007KIN Laptop (AMD Ryzen 5 7530U/ 16GB/ 512GB SSD/ Win11 Home),Notebook,14,1920x1200,,1,,AMD,Ryzen 5,7530U,7th Gen,,6,16,LPDDR4X,512,SSD,,AMD,AMD,16,Integrated,Windows 11,,,725.88,60490,INR,https://www.smartprix.com/laptops/lenovo-ideapad-flex-5-82xx007kin-laptop-amd-ppd16u9u0f2o,2026-10-06T11:39:02.277106+00:00
Smartprix,Lenovo,Lenovo Lecoo Pro 14 Laptop (Intel Core Ultra 5 135H/ 24GB/ 512GB SSD/ Win 11),Notebook,14,2880x1800,,0,,Intel,Core Ultra 5,135H,Meteor Lake,,14,24,LPDDR5,512,SSD,,Intel,Intel Graphics,24,,Windows 11,,,995.99,82999,INR,https://www.smartprix.com/laptops/lenovo-lecoo-pro-14-laptop-intel-core-ultra-ppd15ol9mut4,2026-10-06T11:39:02.277106+00:00
Smartprix,Lenovo,Lenovo IdeaPad Slim 1 82VG009MIN Laptop (AMD Ryzen 3 7320U/ 8GB/ 512GB SSD/ Win11 Home),Ultrabook,15.6,1920x1080,,0,,AMD,Ryzen 3,7320U,Zen 4,,4,8,LPDDR5,512,SSD,,AMD,Graphics,8,Integrated,Windows 11,,,418.79,34899,INR,https://www.smartprix.com/laptops/lenovo-ideapad-slim-1-82vg009min-laptop-amd-ppd121k37qfl,2026-10-06T11:39:02.277106+00:00
Smartprix,Lenovo,Lenovo IdeaPad Slim 3 82RJ0040IN Laptop (12th Gen Core i3/ 8GB/ 512GB SSD/ Win11),Ultrabook,14,1920x1080,,0,,Intel,Core i3,1215U,12th Gen,,6,8,DDR4,512,SSD,,Intel,UHD Graphics,8,Integrated,Windows 11,,,474.86,39572,INR,https://www.smartprix.com/laptops/lenovo-ideapad-slim-3-82rj0040in-laptop-12th-ppd1bn83j9dw,2026-10-06T11:39:02.277106+00:00
Smartprix,Lenovo,Lenovo LOQ 15ARP10E 83S000FYIN Gaming Laptop (AMD Ryzen 5 7535HS/ 16GB/ 512GB SSD/ Win11/ 6GB RTX 3050 Graph),Gaming,15.6,1920x1080,,0,,AMD,Ryzen 5,7535HS,7th Gen,,6,16,DDR5,512,SSD,,Nvidia,RTX 3050,6,Ampere,Windows 11,,,1085.88,90490,INR,https://www.smartprix.com/laptops/lenovo-loq-15arp10e-83s000fyin-gaming-laptop-ppd1w0bxu137,2026-10-06T11:39:02.277106+00:00
Smartprix,Lenovo,Lenovo IdeaPad Gaming 3 15ACH6 82K201Y8IN Laptop (AMD Ryzen 7-5800H/ 8GB/ 512GB SSD/ Win11 Home/ 4GB Graph),Gaming,15.6,1920x1080,,0,,AMD,Ryzen 7,5800H,5th Gen,,8,8,DDR4,512,SSD,,Nvidia,RTX 3050,4,Ampere,Windows 11,,,760.68,63390,INR,https://www.smartprix.com/laptops/lenovo-ideapad-gaming-3-15ach6-82k201y8in-ppd1gmj5revd,2026-10-06T11:39:02.277106+00:00
Smartprix,Lenovo,Lenovo IdeaPad Slim 3 82RK0085IN Laptop (12th Gen Core i5/ 16GB/ 512GB SSD/ Win11),Ultrabook,15.6,1920x1080,,0,,Intel,Core i5,1235U,12th Gen,,10,16,,512,SSD,,Intel,Iris Xe,16,Integrated,Windows 11,,,713.99,59499,INR,https://www.smartprix.com/laptops/lenovo-ideapad-slim-3-82rk0085in-laptop-12th-ppd1a5mbalie,2026-10-06T11:39:02.277106+00:00
Smartprix,Lenovo,Lenovo IdeaPad Gaming 3 15IHU6 82K101PBIN Laptop (11th Gen Core i5/ 8GB/ 512GB SSD/ Win11 Home/ 4GB Graph),Gaming,15.6,1920x1080,,0,,Intel,Core i5,11320H,11th Gen,,4,8,DDR4,512,SSD,,Nvidia,RTX 2050,4,Turing,Windows 11,,,647.88,53990,INR,https://www.smartprix.com/laptops/lenovo-ideapad-gaming-3-15ihu6-82k101pbin-ppd1v05y96t2,2026-10-06T11:39:02.277106+00:00
Smartprix,Lenovo,Lenovo Legion Pro 5 161IRX9 Laptop (14th Gen Core i9/ 32GB/ 1TB SSD/ Win11/ 8GB Graph),Notebook,16,2560x1600,,0,,Intel,Core i9,14900HX,14th Gen,,24,32,DDR5,1000,SSD,,Nvidia,RTX 4070,8,Ada Lovelace,Windows 11,,,1799.88,149990,INR,https://www.smartprix.com/laptops/lenovo-legion-pro-5-161irx9-laptop-14th-gen-ppd11be27hig,2026-10-06T11:39:02.277106+00:00
Smartprix,Lenovo,Lenovo IdeaPad Gaming 3 15IHU6 82K101GSIN Laptop (11th Gen Core i5/ 8GB/ 512GB SSD/ Win11 Home/ 4GB Graph),Gaming,15.6,1920x1080,,0,,Intel,Core i5,11300H,11th Gen,,4,8,DDR4,512,SSD,,Nvidia,GTX 1650,4,Turing,Windows 11,,,635.88,52990,INR,https://www.smartprix.com/laptops/lenovo-ideapad-gaming-3-15ihu6-82k101gsin-ppd1x4vr2ps8,2026-10-06T11:39:02.277106+00:00
Smartprix,Lenovo,Lenovo IdeaPad Slim 3 83RR00MRIN Laptop (Intel Core 5 320/ 16GB/ 512GB SSD/ Win 11),Ultrabook,15.3,1920x1200,,0,,Intel,Core 5,320,Raptor Lake Refresh,,6,16,,512,SSD,,Intel,Intel Graphics,16,,Windows 11,,,1420.12,118343,INR,https://www.smartprix.com/laptops/lenovo-ideapad-slim-3-83rr00mrin-laptop-intel-ppd1bofotu2i,2026-10-06T11:39:02.277106+00:00
Smartprix,Lenovo,Lenovo IdeaPad 5 2-in-1 14AKP10 83KT008AIN Laptop (AMD Ryzen AI 5 330/ 16GB RAM/ 512GB SSD/ Win 11),2-in-1,14,1920x1200,,1,,AMD,Ryzen AI 3,00,Zen 5 (Strix),,4,16,LPDDR5X,512,SSD,,AMD,AMD Radeon Graphics,16,Integrated,Windows 11,,,1559.88,129990,INR,https://www.smartprix.com/laptops/lenovo-ideapad-5-2-in-1-14akp10-83kt008ain-ppd1z1t1w6pv,2026-10-06T11:39:02.277106+00:00
Smartprix,Lenovo,Lenovo LOQ 15IAX9E 83LK00D9IN Gaming Laptop (12th Gen Core i7/ 16GB/ 512GB SSD/ Win11/ 6GB RTX 4050 Graph),Gaming,15.6,1920x1080,,0,,Intel,Core i7,12650HX,12th Gen,,10,16,DDR5,512,SSD,,Nvidia,RTX 4050,6,Ada Lovelace,Windows 11,,,1602.61,133551,INR,https://www.smartprix.com/laptops/lenovo-loq-15iax9e-83lk00d9in-gaming-laptop-ppd1f6w56il6,2026-10-06T11:39:02.277106+00:00
Smartprix,Lenovo,Lenovo IdeaPad Slim 5 13ARP10 83J2003NIN Laptop (AMD Ryzen 7 7735HS/ 16GB/ 512GB SSD/ Win11),Ultrabook,13.3,1920x1200,,0,,AMD,Ryzen 7,7735HS,7th Gen,,8,16,LPDDR5X,512,SSD,,AMD,680M,16,Integrated,Windows 11,,,917.88,76490,INR,https://www.smartprix.com/laptops/lenovo-ideapad-slim-5-13arp10-83j2003nin-ppd1pjncpua9,2026-10-06T11:39:02.277106+00:00
Smartprix,Lenovo,Lenovo Ideapad Slim 3i 81WQ00NXIN Laptop (Intel Celeron N4020/ 8GB/ 256GB SSD/ Win11),Ultrabook,15.6,1366x768,,0,,Intel,Celeron,N4020,Budget,,2,8,DDR4,256,SSD,,Intel,UHD Graphics,8,Integrated,Windows 11,,,335.88,27990,INR,https://www.smartprix.com/laptops/lenovo-ideapad-slim-3i-81wq00nxin-laptop-ppd1txz8xkou,2026-10-06T11:39:02.277106+00:00
Smartprix,ASUS,Asus Vivobook Go 15 2023 E1504FA-NJ522WS Laptop (Ryzen 5 7520U / 8GB/ 512GB SSD/ Win11 Home),Notebook,15.6,1920x1080,,0,,AMD,Ryzen 5,7520U,7th Gen,,4,8,LPDDR5,512,SSD,,AMD,AMD,8,Integrated,Windows 11,,,563.88,46990,INR,https://www.smartprix.com/laptops/asus-vivobook-go-15-2023-e1504fa-nj522ws-ppd1fnynbrl1,2026-10-06T11:39:02.277106+00:00
Smartprix,ASUS,Asus X515EA-EJ312WS Laptop (11th Gen Core i3/ 8GB/ 256GB SSD/ Win11 Home),Notebook,15.6,1920x1080,,0,,Intel,Core i3,1115G4,11th Gen,,2,8,DDR4,256,SSD,,Intel,UHD Graphics,8,Integrated,,,,347.88,28990,INR,https://www.smartprix.com/laptops/asus-x515ea-ej312ws-laptop-11th-gen-core-ppd1y5mpktjx,2026-10-06T11:39:02.277106+00:00
Smartprix,ASUS,Asus ROG Strix G16 G615LM-S5128WS Gaming Laptop (Intel Core Ultra 9 275HX / 16GB/ 1TB SSD/ Win11/ 8GB RTX 5060 Graphics),Gaming,16,2560x1600,,0,,Intel,Core Ultra 9,275HX,Arrow Lake,,24,16,DDR5,1000,SSD,,Nvidia,RTX 5060,8,Blackwell,Windows 11,,,2399.88,199990,INR,https://www.smartprix.com/laptops/asus-rog-strix-g16-g615lm-s5128ws-gaming-ppd1jdnjj6yq,2026-10-06T11:39:02.277106+00:00
Smartprix,ASUS,Asus TUF Gaming A15 2026 FA506NCQ-HN008W Gaming Laptop (AMD Ryzen 7 170/ 16GB / 1TB SSD/ Win11 Home / 4GB Graph),Gaming,15.6,1920x1080,,0,,AMD,Ryzen 1,,,,8,16,,1000,SSD,,Nvidia,RTX 3050,4,Ampere,Windows 11,,,959.88,79990,INR,https://www.smartprix.com/laptops/asus-tuf-gaming-a15-2026-fa506ncq-hn008w-ppd1ayp2l27a,2026-10-06T11:39:02.277106+00:00
Smartprix,ASUS,Asus Gaming V16 2025 V3607VH-RP038WS Laptop (Intel Core 7 240H/ 16GB/ 512GB SSD/ Win11/ 8GB Graph RTX 5050),Gaming,16,1920x1200,,0,,Intel,Core 7,240H,Raptor Lake Refresh,,10,16,DDR5,512,SSD,,Nvidia,RTX 5050,8,Blackwell,Windows 11,,,1199.88,99990,INR,https://www.smartprix.com/laptops/asus-gaming-v16-2025-v3607vh-rp038ws-laptop-ppd12br27e6m,2026-10-06T11:39:02.277106+00:00
Smartprix,ASUS,Asus Expertbook P5 P5606CCA-SH0061WS Laptop (Intel Core Ultra 5 225H/ 16GB/ 512GB SSD/ Win11 Home,Notebook,14,1920x1200,,0,,Intel,Core Ultra 5,225H,Arrow Lake,,14,16,DDR5,512,SSD,,Intel,Intel Graphics,16,,Windows 11,,,1115.88,92990,INR,https://www.smartprix.com/laptops/asus-expertbook-p5-p5606cca-sh0061ws-laptop-ppd1oje98um3,2026-10-06T11:39:02.277106+00:00
Smartprix,ASUS,Asus TUF Gaming A16 FA607NUQ-RL063WS Gaming Laptop (AMD Ryzen 7 170/ 16GB / 1TB SSD/ Win11 / 6GB RTX4050 Graph),Gaming,16,1920x1200,,0,,AMD,Ryzen 7,,,,,16,,1000,SSD,,Nvidia,RTX 4050,6,Ada Lovelace,Windows 11,,,1307.88,108990,INR,https://www.smartprix.com/laptops/asus-tuf-gaming-a16-fa607nuq-rl063ws-gaming-ppd1wqbf18us,2026-10-06T11:39:02.277106+00:00
Smartprix,ASUS,Asus Gaming V16 2025 V3607VU-RP550WS Laptop (Intel Core 5 210H/ 16GB/ 512GB SSD/ Win11/ 6GB Graph),Gaming,16,1920x1200,,0,,Intel,Core 5,210H,5th Gen,,8,16,DDR5,512,SSD,,Nvidia,RTX 4050,6,Ada Lovelace,Windows 11,,,1019.88,84990,INR,https://www.smartprix.com/laptops/asus-gaming-v16-2025-v3607vu-rp550ws-laptop-ppd1ljev5lzl,2026-10-06T11:39:02.277106+00:00
Smartprix,MSI,MSI Thin 15 B13UC-3231IN Gaming Laptop (13th Gen Core i5/ 16GB/ 512GB SSD/ Win11 Home/ 4GB Graph),Gaming,,,,0,,Intel,Core i5,,13th Gen,,,16,,512,SSD,,Intel,Intel Iris Xe Graphics,16,Integrated,,,,923.88,76990,INR,https://www.smartprix.com/laptops/msi-thin-15-b13uc-3231in-gaming-laptop-13th-ppd1dlgs64u5,2026-10-06T11:39:02.277106+00:00
Smartprix,ASUS,Asus TUF A15 FA506NCQ-HN007WS Gaming Laptop (AMD Ryzen 7 170/ 16GB / 512GB SSD/ Win11 Home / 4GB Graph),Gaming,,,,0,,Intel,,,,,,16,,512,SSD,,Intel,Intel UHD Graphics,16,Integrated,,,,1205.99,100499,INR,https://www.smartprix.com/laptops/asus-tuf-a15-fa506ncq-hn007ws-gaming-laptop-ppd1hp2ujuxt,2026-10-06T11:39:02.277106+00:00
Smartprix,Lenovo,Lenovo LOQ 15ARP10E 83S00074IN Gaming Laptop (AMD Ryzen 7 7735HS/ 16GB/ 512GB SSD/ Win11/ 6GB RTX 3050 Graph),Gaming,,,,0,,AMD,Ryzen 7,7735HS,Zen 4,,,16,,512,SSD,,Nvidia,RTX 3050,16,Ampere,,,,1605.48,133790,INR,https://www.smartprix.com/laptops/lenovo-loq-15arp10e-83s00074in-gaming-laptop-ppd1jakocr9t,2026-10-06T11:39:02.277106+00:00
Smartprix,HP,HP Victus 15-fa2203TX Gaming Laptop (Intel Core 5/ 16GB/ 512GB SSD/ Win11/ 6GB RTX 4050),Gaming,15.6,1920x1080,,0,,Intel,Core 5,210H,Raptor Lake Refresh,,8,16,DDR4,512,SSD,,Nvidia,RTX 4050,6,Ada Lovelace,Windows 11,,,1139.88,94990,INR,https://www.smartprix.com/laptops/hp-victus-15-fa2203tx-gaming-laptop-intel-ppd1phpizhgq,2026-10-06T11:39:02.277106+00:00
Smartprix,HP,HP Omen 16-xf0081AX Gaming Laptop (AMD Ryzen 7 7840HS/ 32GB/ 1TB SSD/ Win11/ 8GB Graph),Gaming,16,1440x2560,,0,,AMD,Ryzen 7,7840HS,7th Gen,,8,32,DDR5,1000,SSD,,Nvidia,RTX 4060,8,Ada Lovelace,Windows 11,,,1631.99,135999,INR,https://www.smartprix.com/laptops/hp-omen-16-xf0081ax-gaming-laptop-amd-ryzen-ppd1lsg96cp6,2026-10-06T11:39:02.277106+00:00
Smartprix,HP,HP Victus 15-fb3118AX Gaming Laptop (AMD Ryzen 7 7445H/ 16GB/ 512GB SSD/ Win11/ 6GB RTX 4050),Gaming,15.6,1920x1080,,0,,AMD,Ryzen 7,7445H,7th Gen,,8,16,DDR5,512,SSD,,Nvidia,RTX 4050,6,Ada Lovelace,Windows 11,,,1379.88,114990,INR,https://www.smartprix.com/laptops/hp-victus-15-fb3118ax-gaming-laptop-amd-ryzen-ppd1c8sv0gmi,2026-10-06T11:39:02.277106+00:00
Smartprix,HP,HP 15-fd0552TU Laptop (13th Gen Core i5/ 16GB/ 1TB SSD/ Win11 Home),Notebook,15.6,1920x1080,,0,,Intel,Core i5,1334U,13th Gen,,10,16,DDR4,1000,SSD,,Intel,UHD Graphics,16,Integrated,Windows 11,,,827.88,68990,INR,https://www.smartprix.com/laptops/hp-15-fd0552tu-laptop-13th-gen-core-i5-16gb-ppd1fdceo796,2026-10-06T11:39:02.277106+00:00
Smartprix,HP,HP OmniBook 3 14-ht0051TU AI Laptop (Intel Core Ultra 5 225U/ 16GB/ 512GB SSD/ Win11 Home),Notebook,14,1920x1200,,0,,Intel,Core 5,225U,Raptor Lake Refresh,,12,16,,512,SSD,,Intel,Intel UHD Graphics,16,Integrated,Windows 11,,,1175.88,97990,INR,https://www.smartprix.com/laptops/hp-omnibook-3-14-ht0051tu-ai-laptop-intel-ppd1pucbcwqw,2026-10-06T11:39:02.277106+00:00
Smartprix,HP,HP Omen 16-am0240tx Gaming Laptop (Intel Core Ultra 7 255H/ 24GB/ 1TB SSD/ Win11/ 8GB RTX 5050 Graph),Gaming,16,1920x1200,,0,,Intel,Core Ultra 7,255H,Arrow Lake,,16,24,DDR5,1000,SSD,,Nvidia,RTX 5050,8,Blackwell,Windows 11,,,1919.88,159990,INR,https://www.smartprix.com/laptops/hp-omen-16-am0240tx-gaming-laptop-intel-core-ppd1pgpohd6v,2026-10-06T11:39:02.277106+00:00
Smartprix,HP,HP EliteBook 650 G10 Laptop (13th Gen Core i5/ 8GB/ 512GB SSD/ DOS),Notebook,15.6,1920x1080,,1,,Intel,Core i5,1335U,13th Gen,,10,8,,512,SSD,,Intel,Iris Xe,8,Integrated,DOS,,,681.48,56790,INR,https://www.smartprix.com/laptops/hp-elitebook-650-g10-laptop-13th-gen-core-ppd15an7dcxh,2026-10-06T11:39:02.277106+00:00
Smartprix,HP,HP 14s-dq3141TU Laptop (Intel Celeron N4500/ 8GB/ 512GB SSD/ Win11 Home),Notebook,14,1366x768,,0,,Intel,Celeron,N4500,Budget,,2,8,DDR4,512,SSD,,Intel,UHD Graphics,8,Integrated,Windows 11,,,383.20,31933,INR,https://www.smartprix.com/laptops/hp-14s-dq3141tu-laptop-intel-celeron-n4500-ppd13lipn7ho,2026-10-06T11:39:02.277106+00:00
Smartprix,HP,HP Victus 16-s0095AX Gaming Laptop (AMD Ryzen 7 7840HS/ 16GB/ 512GB SSD/ Win11/ 6GB Graph),Gaming,16.1,1920x1080,,0,,AMD,Ryzen 7,7840HS,7th Gen,,8,16,DDR5,512,SSD,,Nvidia,RTX 3050,6,Ampere,Windows 11,,,1198.81,99901,INR,https://www.smartprix.com/laptops/hp-victus-16-s0095ax-gaming-laptop-amd-ryzen-ppd1zdmy4i41,2026-10-06T11:39:02.277106+00:00
Smartprix,HP,HP OmniBook 3 14-ht0242TU AI Laptop ( Intel Core Ultra 5 315/ 12GB/ 512GB SSD/ Win11 Home),Notebook,14,1920x1200,,0,,Intel,Core 5,315,Raptor Lake Refresh,,,12,DDR5,512,SSD,,Intel,Intel UHD Graphics,12,Integrated,Windows 11,,,1139.88,94990,INR,https://www.smartprix.com/laptops/hp-omnibook-3-14-ht0242tu-ai-laptop-intel-ppd1kdcnma4o,2026-10-06T11:39:02.277106+00:00
Smartprix,HP,HP OmniBook 5 14-kf0021TU AI Laptop (Intel Core Ultra 5 320/ 16GB/ 512GB SSD/ Win11),Notebook,14,1920x1200,,1,,Intel,Core Ultra 5,320,Panther Lake,,6,16,,512,SSD,,Intel,Iris Xe,16,Integrated,Windows 11,,,1199.99,99999,INR,https://www.smartprix.com/laptops/hp-omnibook-5-14-kf0021tu-ai-laptop-intel-ppd18leaklxh,2026-10-06T11:39:02.277106+00:00
Smartprix,HP,HP Chromebook 14a-nm0004MU Laptop (MediaTek Kompanio 540/ 4GB/ 128GB SSD/ Chrome OS),Chromebook,14,1366x768,,0,,,,,,,,4,LPDDR5,128,SSD,,,,4,,Chrome OS,,,311.88,25990,INR,https://www.smartprix.com/laptops/hp-chromebook-14a-nm0004mu-laptop-mediatek-ppd1i6elj31h,2026-10-06T11:39:02.277106+00:00
Smartprix,HP,HP 15-fd0574TU Laptop (13th Gen Core i3/ 16GB/ 512GB SSD/ Win11 Home),Notebook,15.6,1920x1080,,0,,Intel,Core i3,1315U,13th Gen,,6,16,DDR4,512,SSD,,Intel,UHD Graphics,16,Integrated,Windows 11,,,610.84,50903,INR,https://www.smartprix.com/laptops/hp-15-fd0574tu-laptop-13th-gen-core-i3-16gb-ppd1jtfg3zqz,2026-10-06T11:39:02.277106+00:00
Smartprix,HP,HP Pavilion Plus ‎14-ey0789AU Laptop (AMD Ryzen 7 7840U/ 16GB/ 1TB SSD/ Win 11),Notebook,14,2880x1800,,0,,AMD,Ryzen 7,7840U,7th Gen,,8,16,LPDDR5X,1000,SSD,,AMD,780M Graphics,16,Integrated,Windows 11,,,1031.99,85999,INR,https://www.smartprix.com/laptops/hp-pavilion-plus-14-ey0789au-laptop-amd-ryzen-ppd13c9h2d09,2026-10-06T11:39:02.277106+00:00
Smartprix,HP,HP 255R G10 2025 Laptop (AMD Ryzen 5 7535U/ 8GB/ 512GB SSD/ Win11),Notebook,15.6,1920x1080,,0,,AMD,Ryzen 5,7535U,7th Gen,,6,8,DDR5,512,SSD,,AMD,Radeon 660M,8,Integrated,Windows 11,,,641.28,53440,INR,https://www.smartprix.com/laptops/hp-255r-g10-2025-laptop-amd-ryzen-5-7535u-ppd1tadl4q9m,2026-10-06T11:39:02.277106+00:00
Smartprix,HP,HP Victus 15-fa2303tx Gaming Laptop (14th Gen Core i5/ 24GB/ 512GB SSD/ Win11/ 6GB RTX3050),Gaming,15.6,1920x1080,,0,,Intel,Core i5,14450HX,14th Gen,,10,24,DDR5,512,SSD,,Nvidia,RTX 3050,6,Ampere,Windows 11,,,1307.88,108990,INR,https://www.smartprix.com/laptops/hp-victus-15-fa2303tx-gaming-laptop-14th-ppd15dq7taqv,2026-10-06T11:39:02.277106+00:00
Smartprix,Acer,Acer Aspire 7 A715-79G UN.U35SI.002 Gaming Laptop (Intel Core 5 210H/ 16GB/ 512GB SSD/ Win11 Home/ 6GB Graph),Gaming,,,,0,,Intel,Core 5,210H,Raptor Lake Refresh,,,16,,512,SSD,,Intel,Intel UHD Graphics,16,Integrated,,,,1116.00,93000,INR,https://www.smartprix.com/laptops/acer-aspire-7-a715-79g-un-u35si-002-gaming-ppd1lpaqw2nw,2026-10-06T11:39:02.277106+00:00
Smartprix,Dell,Dell G15-5530 GN5530D83M6002ORB1 Gaming Laptop (13th Gen Core i5/ 16GB/ 512GB SSD/ Win11/ 6GB Graph),Gaming,15.6,1920x1080,,0,,Intel,Core i5,13450HX,13th Gen,,10,16,DDR5,512,SSD,,Nvidia,RTX 3050,6,Ampere,Windows 11,,,1043.88,86990,INR,https://www.smartprix.com/laptops/dell-g15-5530-gn5530d83m6002orb1-gaming-laptop-ppd1m9s5zt3c,2026-10-06T11:39:02.277106+00:00
Smartprix,Dell,Dell CD14260 Laptop (Intel Core Ultra 5 225U/ 16GB/ 512GB SSD/Windows 11 Home),Notebook,14,1920x1200,,0,,Intel,Core Ultra 5,225U,Arrow Lake,,12,16,DDR5,512,SSD,,Intel,Intel Integrated Arc,16,Alchemist,Windows 11,,,1115.88,92990,INR,https://www.smartprix.com/laptops/dell-cd14260-laptop-intel-core-ultra-5-225u-ppd1hj29odka,2026-10-06T11:39:02.277106+00:00
Smartprix,Dell,Dell  D15260 15 AI Laptop (Intel Core Ultra 5 225U/ 16GB/ 512GB SSD/ Win11),Notebook,15.6,1920x1080,,0,,Intel,Core Ultra 5,225U,Arrow Lake,,12,16,,512,SSD,,Intel,Intel Graphics,16,,Windows 11,,,977.88,81490,INR,https://www.smartprix.com/laptops/dell-d15260-15-ai-laptop-intel-core-ultra-ppd1vtolc7fu,2026-10-06T11:39:02.277106+00:00
Smartprix,Dell,Dell 15 DB15250 Laptop (Intel Core 3 100U/ 16GB/ 512GB SSD/ Win11),Notebook,15.6,1920x1080,,0,,Intel,Core 3,100U,Raptor Lake Refresh,,6,16,,512,SSD,,Intel,UHD Graphics,16,Integrated,Windows 11,,,635.88,52990,INR,https://www.smartprix.com/laptops/dell-15-db15250-laptop-intel-core-3-100u-ppd1xx18nu3z,2026-10-06T11:39:02.277106+00:00
Smartprix,Dell,Dell DC15255 Laptop (AMD Ryzen 5-7530U/ 16GB/ 512GB SSD/ Win11),Notebook,15.6,1920x1080,,0,,AMD,Ryzen 5,7530U,7th Gen,,6,16,DDR4,512,SSD,,AMD,610M,16,Integrated,Windows 11,,,671.88,55990,INR,https://www.smartprix.com/laptops/dell-dc15255-laptop-amd-ryzen-5-7530u-16gb-ppd1f155vzwn,2026-10-06T11:39:02.277106+00:00
Smartprix,Dell,Dell 15 DC15260 Laptop (Intel Core Ultra 5 225H/ 16GB/ 512GB SSD/ Win11),Notebook,15.6,1920x1080,,0,,Intel,Core Ultra 5,225H,Arrow Lake,,14,16,,512,SSD,,Intel,Intel Graphics,16,,Windows 11,,,1067.88,88990,INR,https://www.smartprix.com/laptops/dell-15-dc15260-laptop-intel-core-ultra-5-ppd1o03ss84x,2026-10-06T11:39:02.277106+00:00
Smartprix,Dell,Dell XPS 13 2026 Laptop (Intel Core 5-320/ 8GB/ 512GB SSD/ Win11),Notebook,13.4,2560x1440,,1,,Intel,Core 5,320,Raptor Lake Refresh,,10,8,LPDDR5X,512,SSD,,Intel,Intel UHD Graphics,8,Integrated,Windows 11,,,959.99,79999,INR,https://www.smartprix.com/laptops/dell-xps-13-2026-laptop-intel-core-series-ppd1134i3nmk,2026-10-06T11:39:02.277106+00:00
Smartprix,Dell,Dell DC15255 Laptop (AMD Ryzen 5-7520U/ 8GB/ 512GB SSD/ Win11),Notebook,15.6,1920x1080,,0,,AMD,Ryzen 5,7520U,7th Gen,,4,8,LPDDR5,512,SSD,,AMD,610M,8,Integrated,Windows 11,,,587.28,48940,INR,https://www.smartprix.com/laptops/dell-dc15255-laptop-amd-ryzen-5-7520u-8gb-ppd1zkwjv712,2026-10-06T11:39:02.277106+00:00
Smartprix,Dell,Dell 15 DC15250 ODC1525002001RINS1 Laptop (Intel Core 3 100U/ 8GB/ 512GB SSD/ Win11),Notebook,15.6,1920x1080,,0,,Intel,Core 3,100U,Raptor Lake Refresh,,6,8,,512,SSD,,Intel,UHD Graphics,8,Integrated,Windows 11,,,538.68,44890,INR,https://www.smartprix.com/laptops/dell-15-dc15250-odc1525002001rins1-laptop-ppd1nfe6qne2,2026-10-06T11:39:02.277106+00:00
Smartprix,Dell,Dell 14 Plus 2-in-1 Touch Laptop (Intel Core Ultra 5 226V/ 16GB/ 512GB SSD/Windows 11 Home),2-in-1,14,1920x1200,,1,,Intel,Core Ultra 5,226V,Arrow Lake,,8,16,LPDDR5X,512,SSD,,Intel,Arc Graphics,16,Alchemist,Windows 11,,,1231.87,102656,INR,https://www.smartprix.com/laptops/dell-14-plus-2-in-1-touch-laptop-intel-core-ppd126joez4o,2026-10-06T11:39:02.277106+00:00
Smartprix,Dell,Dell G15-5530 Gaming Laptop (13th Gen Core i5/ 16GB/ 1TB SSD/ Win11/ 6GB Graph),Gaming,15.6,1920x1080,,0,,Intel,Core i5,13450HX,13th Gen,,10,16,DDR5,1000,SSD,,Nvidia,RTX 3050,6,Ampere,Windows 11,,,1499.88,124990,INR,https://www.smartprix.com/laptops/dell-g15-5530-gaming-laptop-13th-gen-core-6gb-ppd11j4pgajq,2026-10-06T11:39:02.277106+00:00
Smartprix,Dell,Dell 15 D15260 AI Laptop (Intel Core Ultra 5 225H/ 16GB/ 512GB SSD/ Win11),Notebook,15.6,1920x1080,,0,,Intel,Core Ultra 5,225H,Arrow Lake,,14,16,,512,SSD,,Intel,Intel Graphics,16,,Windows 11,,,1019.88,84990,INR,https://www.smartprix.com/laptops/dell-15-d15260-ai-laptop-intel-core-ultra-ppd1a71qxww0,2026-10-06T11:39:02.277106+00:00
Smartprix,Dell,Dell 15 DC15250 Laptop (13th Gen Core i5/ 16GB/ 512GB SSD/ Win11),Notebook,15.6,1920x1080,,0,,Intel,Core i5,1334U,13th Gen,,10,16,,512,SSD,,Intel,UHD Graphics,16,Integrated,Windows 11,,,821.88,68490,INR,https://www.smartprix.com/laptops/dell-15-dc15250-laptop-13th-gen-core-i5-16gb-ppd1pjhcwwwl,2026-10-06T11:39:02.277106+00:00
Smartprix,Dell,Dell Alienware 15 Gaming Laptop (Intel Core 5 210H/ 16GB/ 1TB SSD/ Win 11/ 8GB RTX 5060),Gaming,15.3,1920x1200,,0,,Intel,Core 5,210H,Raptor Lake Refresh,,8,16,DDR5,1000,SSD,,Nvidia,RTX 5060,8,Blackwell,Windows 11,,,1559.99,129999,INR,https://www.smartprix.com/laptops/dell-alienware-15-gaming-laptop-intel-core-ppd1wwqi3kp2,2026-10-06T11:39:02.277106+00:00
Smartprix,Dell,Dell 15 D15260 Laptop (Intel Core Ultra 7 255H/ 16GB/ 512GB SSD/ Win11),Notebook,15.6,1920x1080,,0,,Intel,Core Ultra 7,255H,Arrow Lake,,16,16,,512,SSD,,Intel,Intel Graphics,16,,Windows 11,,,1247.88,103990,INR,https://www.smartprix.com/laptops/dell-15-d15260-laptop-intel-core-ultra-7-ppd1gx632hwl,2026-10-06T11:39:02.277106+00:00
Smartprix,Dell,Dell 15 D15260 AI Powered Laptop (Intel Core Ultra 5 225H/ 8GB/ 512GB SSD/ Win11),Notebook,15.6,1920x1080,,0,,Intel,Core Ultra 5,225H,Arrow Lake,,14,8,,512,SSD,,Intel,Intel Graphics,8,,Windows 11,,,899.88,74990,INR,https://www.smartprix.com/laptops/dell-15-d15260-ai-powered-laptop-intel-core-ppd1vxj4cfqm,2026-10-06T11:39:02.277106+00:00
Smartprix,Dell,Dell Inspiron 14 5440 Laptop (Intel Core 3 100U / 8GB/ 512GB SSD/ Win11),Notebook,14,1920x1080,,0,,Intel,Core i3,Intel Core i3 100U,Raptor Lake Refresh,,6,8,DDR5,512,SSD,,Intel,Intel Iris Xe Graphics,8,Integrated,Windows 11,,,636.60,53050,INR,https://www.smartprix.com/laptops/dell-inspiron-14-5440-laptop-intel-core-3-ppd1fr71mp8y,2026-10-06T11:39:02.277106+00:00
Smartprix,Dell,Dell DC15255 Laptop (AMD Ryzen 7 7730U/ 16GB/ 512GB SSD/ Win11),Notebook,15,1920x1080,,0,,AMD,Ryzen 7,7730U,7th Gen,,8,16,DDR4,512,SSD,,AMD,AMD,16,Integrated,Windows 11,,,791.88,65990,INR,https://www.smartprix.com/laptops/dell-dc15255-laptop-amd-ryzen-7-7730u-16gb-ppd15j8luk0a,2026-10-06T11:39:02.277106+00:00
Smartprix,Dell,Dell 14 Plus DB14250 Laptop (Intel Core Ultra 5 226V/ 16GB/ 512GB SSD/Windows 11 Home),Notebook,14,2560x1600,,0,,Intel,Core Ultra 5,226V,Arrow Lake,,8,16,LPDDR5X,512,SSD,,Intel,Intel Integrated Arc,16,Alchemist,Windows 11,,,1055.88,87990,INR,https://www.smartprix.com/laptops/dell-14-plus-db14250-laptop-intel-core-ultra-ppd1f4to47ns,2026-10-06T11:39:02.277106+00:00
Smartprix,Dell,Dell Inspiron 15 3535 Laptop (AMD Ryzen R5-7530U/ 16GB/ 512GB SSD/ Win11),Notebook,15.6,1920x1080,,0,,AMD,Ryzen 5,7530U,7th Gen,,6,16,,512,SSD,,AMD,Graphics,16,Integrated,Windows 11,,,814.63,67886,INR,https://www.smartprix.com/laptops/dell-inspiron-15-3535-laptop-amd-ryzen-r5-ppd1chdo3kuc,2026-10-06T11:39:02.277106+00:00
Smartprix,MSI,MSI VenturePro 15 AI A1UDXG-009IN Laptop (Intel Core Ultra 5 125H/ 16GB/ 1TB SSD/ Win11/ 6GB Graphics),Notebook,,,,0,,Intel,Core Ultra 5,125H,Meteor Lake,,,16,,1000,SSD,,Intel,Intel UHD Graphics,16,Integrated,,,,1151.88,95990,INR,https://www.smartprix.com/laptops/msi-venturepro-15-ai-a1udxg-009in-laptop-ppd1sghv1wa0,2026-10-06T11:39:02.277106+00:00
Smartprix,Dell,Dell 14 Plus ODB1425550701RINU1 AI Laptop (AMD Ryzen AI 5 340/ 16 GB/ 512GB SSD/Windows 11 Home),Notebook,,,,0,,AMD,Ryzen AI 5,340,Zen 5 (Strix),,,16,,512,SSD,,AMD,AMD Radeon Graphics,16,Integrated,Windows 11,,,899.88,74990,INR,https://www.smartprix.com/laptops/dell-14-plus-odb1425550701rinu1-ai-laptop-ppd1nmlevjic,2026-10-06T11:39:02.277106+00:00
Smartprix,Lenovo,Lenovo LOQ 15IRX9 83DV018NIN Gaming Laptop (13th Gen Core i5/ 16GB/ 512GB SSD/ Win11/ 6GB RTX3050),Gaming,,,,0,,Intel,Core i5,,13th Gen,,,16,,512,SSD,,Nvidia,RTX 3050,16,Ampere,,,,1259.88,104990,INR,https://www.smartprix.com/laptops/lenovo-loq-15irx9-83dv018nin-gaming-laptop-ppd1af7repqr,2026-10-06T11:39:02.277106+00:00
Smartprix,Acer,Acer Aspire Lite AL15-52 Laptop (12th Gen Core i7/ 16GB/ 512GB SSD/ Win11),Notebook,15.6,1920x1080,,0,,Intel,Core i7,1255U,12th Gen,,10,16,DDR4,512,SSD,,Intel,Intel Graphics,16,,Windows 11,,,647.99,53999,INR,https://www.smartprix.com/laptops/acer-aspire-lite-al15-52-laptop-12th-gen-i7-ppd1lxjvi4eq,2026-10-06T11:39:02.277106+00:00
Smartprix,Acer,Acer Aspire Lite AL15-41 Laptop (AMD Ryzen 3 5300U/ 8GB/ 512GB SSD/ Win11),Notebook,15.6,1920x1080,,0,,AMD,Ryzen 3,5300U,5th Gen,,4,8,DDR4,512,SSD,,AMD,AMD Graphics,8,,Windows 11,,,443.88,36990,INR,https://www.smartprix.com/laptops/acer-aspire-lite-al15-41-laptop-amd-ryzen-8gb-ppd14xbnamrt,2026-10-06T11:39:02.277106+00:00
Smartprix,Acer,Acer Aspire 3 A324-53 UN.34RSI.004 Laptop (13th Gen Core i5/ 16GB/ 512GB SSD/ Win11),Notebook,14,1920x1080,,0,,Intel,Core i5,1334U,13th Gen,,10,16,DDR4,512,SSD,,Intel,UHD Graphics,16,Integrated,Windows 11,,,827.88,68990,INR,https://www.smartprix.com/laptops/acer-aspire-3-a324-53-un-34rsi-004-laptop-ppd10avoc2dx,2026-10-06T11:39:02.277106+00:00
Smartprix,Acer,Acer Aspire 3 14 A324-31 Laptop (Intel Core i3 N305/ 16GB/ 512GB SSD/ Win11),Notebook,14,1920x1080,,0,,Intel,Core i3,Intel Core i3 N305,,,8,16,DDR4,512,SSD,,Intel,UHD Graphics,16,Integrated,Windows 11,,,479.88,39990,INR,https://www.smartprix.com/laptops/acer-aspire-3-14-a324-31-laptop-intel-core-ppd1rxqbiufh,2026-10-06T11:39:02.277106+00:00
Smartprix,Acer,Acer Aspire 5 A514-54H Laptop (Intel Core Ultra 5 125H/ 16GB/ 512GB SSD/ Win11 Home),Notebook,14,1920x1080,,0,,Intel,Core Ultra 5,125H,Meteor Lake,,14,16,,512,SSD,,Intel,Iris Xe,16,Integrated,Windows 11,,,875.88,72990,INR,https://www.smartprix.com/laptops/acer-aspire-5-a514-54h-laptop-intel-core-ppd13dwk2rw2,2026-10-06T11:39:02.277106+00:00
Smartprix,Acer,Acer Nitro V ANV15-41 UN.QPFSI.002 Gaming Laptop (AMD Ryzen 5 7535HS/ 16GB/ 512GB SSD/ Win11/ 6GB RTX3050 Graph),Gaming,15.6,1920x1080,,0,,AMD,Ryzen 5,7535HS,7th Gen,,6,16,DDR5,512,SSD,,Nvidia,RTX 3050,6,Ampere,Windows 11,,,1031.99,85999,INR,https://www.smartprix.com/laptops/acer-nitro-v-anv15-41-un-qpfsi-002-gaming-ppd12oegw3f8,2026-10-06T11:39:02.277106+00:00
Smartprix,Acer,Acer Aspire 14 AS14-39 Laptop (Ryzen 5 3500U/ 8GB/ 256GB SSD/ Win11),Notebook,14,1920x1080,,0,,AMD,Ryzen 5,3500U,3rd Gen,,4,8,DDR4,256,SSD,,AMD,Vega,8,Integrated,Windows 11,,,467.88,38990,INR,https://www.smartprix.com/laptops/acer-aspire-14-as14-39-laptop-ryzen-5-3500u-ppd1zbznzac0,2026-10-06T11:39:02.277106+00:00
Smartprix,Acer,Acer Aspire 14 AS14-39 Laptop (AMD Ryzen 3 3200U/ 8GB/ 256GB SSD/ Win11),Notebook,14,1920x1080,,0,,AMD,Ryzen 3,3200U,3rd Gen,,2,8,DDR4,256,SSD,,AMD,Vega,8,Integrated,Windows 11,,,395.88,32990,INR,https://www.smartprix.com/laptops/acer-aspire-14-as14-39-laptop-amd-ryzen-3-ppd1xxinuhhn,2026-10-06T11:39:02.277106+00:00
Smartprix,Acer,Acer Swift Neo OLED AI SFN14-54H Laptop (Intel Core Ultra 5 115U/ 16GB/ 512GB SSD/Win 11),Ultrabook,14,1920x1200,OLED,0,,Intel,Core Ultra 5,115U,Meteor Lake,,8,16,LPDDR5,512,SSD,,Intel,Intel Integrated Arc,16,Alchemist,Windows 11,,,839.88,69990,INR,https://www.smartprix.com/laptops/acer-swift-neo-oled-ai-sfn14-54h-laptop-intel-ppd1by7r2ep0,2026-10-06T11:39:02.277106+00:00
Smartprix,Acer,Acer Aspire 3 14 A324-45 Laptop (Intel Core Celeron N4500/ 8GB/ 256GB SSD/ Win11),Notebook,14,1366x768,,0,,Intel,Celeron,N4500,Budget,,2,8,LPDDR4X,256,SSD,,Intel,UHD Graphics,8,Integrated,Windows 11,,,359.99,29999,INR,https://www.smartprix.com/laptops/acer-aspire-3-14-a324-45-laptop-intel-core-ppd1h8b0xjim,2026-10-06T11:39:02.277106+00:00
Smartprix,Acer,Acer Aspire Lite AL15-41 Laptop (AMD Ryzen 7 5700U/ 16GB/ 1TB SSD/ Win11),Notebook,15.6,1920x1080,,0,,AMD,Ryzen 7,5700U,5th Gen,,8,16,DDR4,1000,SSD,,AMD,AMD Graphics,16,,Windows 11,,,875.99,72999,INR,https://www.smartprix.com/laptops/acer-aspire-lite-al15-41-laptop-amd-ryzen-5700u-ppd1z10kki68,2026-10-06T11:39:02.277106+00:00
Smartprix,Acer,Acer Nitro V ANV15-52 NH.QZ9SI.002 Gaming Laptop (13th Gen Core i5/ 16GB/ 512GB SSD/ Win11/ 8GB RTX5050),Gaming,15.6,1920x1080,,0,,Intel,Core i5,13420H,13th Gen,,8,16,DDR4,512,SSD,,Nvidia,RTX 5050,8,Blackwell,Windows 11,,,1379.99,114999,INR,https://www.smartprix.com/laptops/acer-nitro-v-anv15-52-nh-qz9si-002-gaming-ppd154orkugk,2026-10-06T11:39:02.277106+00:00
Smartprix,Acer,Acer Nitro V ANV15-52 NH.QZ9SI.001 Gaming Laptop (13th Gen Core i7/ 16GB/ 512GB SSD/ Win11/ 8GB RTX5050),Gaming,15.6,1920x1080,,0,,Intel,Core i7,13620H,13th Gen,,10,16,DDR4,512,SSD,,Nvidia,RTX 5050,8,Blackwell,Windows 11,,,1507.19,125599,INR,https://www.smartprix.com/laptops/acer-nitro-v-anv15-52-nh-qz9si-001-gaming-ppd1ixl1bzoa,2026-10-06T11:39:02.277106+00:00
Smartprix,Acer,Acer Aspire 7 A715-79G UN.U2KSI.006 Gaming Laptop (Intel Core 7 240H/ 16GB/ 512GB SSD/ Win11 Home/ 6GB Graph),Gaming,15.6,1920x1080,,0,,Intel,Core 7,240H,Raptor Lake Refresh,,10,16,DDR4,512,SSD,,Nvidia,RTX 3050,6,Ampere,Windows 11,,,1119.05,93254,INR,https://www.smartprix.com/laptops/acer-aspire-7-a715-79g-un-u2ksi-006-gaming-ppd1v5q80xvt,2026-10-06T11:39:02.277106+00:00
Smartprix,Acer,Acer Aspire 3 2025 A325-53 Laptop (13th Gen Core i5/ 16GB/ 512GB SSD/ Win11),Notebook,15.6,1920x1080,,0,,Intel,Core i5,1334U,13th Gen,,10,16,DDR4,512,SSD,,Intel,UHD Graphics,16,Integrated,Windows 11,,,671.88,55990,INR,https://www.smartprix.com/laptops/acer-aspire-3-2025-a325-53-laptop-13th-gen-ppd12njk8ixj,2026-10-06T11:39:02.277106+00:00
Smartprix,Acer,Acer Nitro Lite NL16-71G NH.D5ASI.001 Gaming Laptop (13th Gen Core i5/ 8GB/ 512GB SSD/ Win11/ 6GB RTX4050),Gaming,16,1920x1200,,0,,Intel,Core i5,13420H,13th Gen,,8,8,DDR5,512,SSD,,Nvidia,RTX 4050,6,Ada Lovelace,Windows 11,,,1233.59,102799,INR,https://www.smartprix.com/laptops/acer-nitro-lite-nl16-71g-nh-d5asi-001-gaming-ppd1j9f8h7kz,2026-10-06T11:39:02.277106+00:00
Smartprix,Acer,Acer Aspire Lite AMD AL15-42 Laptop (AMD Ryzen 3 7330U/ 8GB/ 256GB SSD/ Win11),Notebook,15.6,1920x1080,,0,,AMD,Ryzen 3,7330U,7th Gen,,4,8,,256,SSD,,AMD,AMD Graphics,8,,Windows 11,,,479.88,39990,INR,https://www.smartprix.com/laptops/acer-aspire-lite-amd-al15-42-laptop-amd-ryzen-ppd1pcocqkmx,2026-10-06T11:39:02.277106+00:00
Smartprix,Acer,Acer ALG ‎AL15G-53 15 Gaming Laptop (Intel Core 5 210H/ 16GB/ 512GB SSD/ Win11/ 4GB RTX 3050 Graphics),Gaming,15.6,1920x1080,,0,,Intel,Core 5,210H,Raptor Lake Refresh,,8,16,,512,SSD,,Nvidia,RTX 3050,4,Ampere,Windows 11,,,957.00,79750,INR,https://www.smartprix.com/laptops/acer-alg-al15g-53-15-gaming-laptop-intel-ppd1s9tzle9y,2026-10-06T11:39:02.277106+00:00
Smartprix,Lenovo,Lenovo V15 G4 Laptop (AMD Ryzen 7 7730U/ 16GB/ 512GB SSD/ Win11 Home),Notebook,,,,0,,AMD,Ryzen 7,7730U,Zen 4,,,16,,512,SSD,,AMD,AMD Radeon Graphics,16,Integrated,,,,959.99,79999,INR,https://www.smartprix.com/laptops/lenovo-v15-g4-laptop-amd-ryzen-7-7730u-16gb-ppd1ulbl0whf,2026-10-06T11:39:02.277106+00:00
Smartprix,HP,HP Victus 15-fb3102AX Gaming Laptop (AMD Ryzen 7 260/ 16GB/ 1TB SSD/ Win11/ 8GB RTX 5050),Gaming,,,,0,,AMD,Ryzen 7,,,,,16,,1000,SSD,,Nvidia,RTX 5050,16,Blackwell,,,,1883.88,156990,INR,https://www.smartprix.com/laptops/hp-victus-15-fb3102ax-gaming-laptop-amd-ryzen-ppd1nvygyexo,2026-10-06T11:39:02.277106+00:00
Smartprix,Acer,Acer ALG ‎AL15G-53 15 Gaming Laptop (13th Gen Intel Core i5/ 16GB/ 512GB SSD/ Win11/ 6GB RTX 3050 Graphics),Gaming,,,,0,,Intel,Core i5,,13th Gen,,,16,,512,SSD,,Nvidia,RTX 3050,16,Ampere,,,,1086.00,90500,INR,https://www.smartprix.com/laptops/acer-alg-al15g-53-15-gaming-laptop-13th-gen-ppd148ughokg,2026-10-06T11:39:02.277106+00:00
Smartprix,Apple,Apple MacBook Neo 2026 Laptop (Apple A18 Pro Chip/ 8GB/ 512GB SSD/ MacOS),Ultrabook,13,2408x1506,,0,,Apple,,Hexa Core (2P + 4E),,,6,8,,512,SSD,,Apple, GPU,8,,macOS,,,1001.88,83490,INR,https://www.smartprix.com/laptops/apple-macbook-neo-2026-laptop-apple-a18-pro-ppd1uouv6pp2,2026-10-06T11:39:02.277106+00:00
Smartprix,Apple,Apple MacBook Air 2026 Laptop (Apple M5/ 16GB/ 512GB SSD/ MacOS/ 8‑core GPU),Ultrabook,13.6,2560x1664,,0,,Apple,,8 Core Apple GPU,,,10,16,,512,SSD,,Apple, GPU,16,,macOS,,,1667.88,138990,INR,https://www.smartprix.com/laptops/apple-macbook-air-2026-laptop-apple-m5-16gb-ppd11tpjuecy,2026-10-06T11:39:02.277106+00:00
Smartprix,Apple,Apple MacBook Air 15 2026 Laptop (Apple M5/ 16GB/ 512GB SSD/ MacOS),Ultrabook,15.3,2880x1864,,0,,Apple,,Apple 10 Core GPU,,,10,16,,512,SSD,,Apple, GPU,16,,macOS,,,2003.88,166990,INR,https://www.smartprix.com/laptops/apple-macbook-air-15-2026-laptop-apple-m5-ppd12hq3vzzi,2026-10-06T11:39:02.277106+00:00
Smartprix,Apple,Apple MacBook Air M4 2025 15 Laptop (Apple M4/ 24GB/ 512GB SSD/ MacOS),Ultrabook,15.3,2880x1864,,0,,Apple,M4,M4,M4,,10,24,,512,SSD,,Apple,M4  GPU,24,M4,macOS,,,1822.80,151900,INR,https://www.smartprix.com/laptops/apple-macbook-air-m4-2025-15-laptop-apple-ppd1n229ghgk,2026-10-06T11:39:02.277106+00:00
Smartprix,Apple,Apple MacBook Neo 2026 Laptop (Apple A18 Pro Chip/ 8GB/ 256GB SSD/ MacOS),Ultrabook,13,2408x1506,,0,,Apple,,Hexa Core (2P + 4E),,,6,8,,256,SSD,,Apple, GPU,8,,macOS,,,911.88,75990,INR,https://www.smartprix.com/laptops/apple-macbook-2026-laptop-a-series-chip-16gb-ppd1b2v4yp8r,2026-10-06T11:39:02.277106+00:00
Smartprix,Apple,Apple 2026 MacBook Pro 16 Laptop (Apple M5 Max / 48GB/ 2TB SSD/ macOS/ 40-core GPU),Ultrabook,16.2,3456x2234,,0,,Apple,,40 Core GPU,,,18,48,,2000,SSD,,Apple, GPU,48,,macOS,,,7079.88,589990,INR,https://www.smartprix.com/laptops/apple-2026-macbook-pro-16-laptop-apple-m5-ppd1anzx3p2u,2026-10-06T11:39:02.277106+00:00
Smartprix,Apple,Apple MacBook Air 15 M4 2025 Laptop (Apple M4/ 16GB/ 1TB SSD/ MacOS),Ultrabook,15.3,2880x1864,,0,,Apple,M4,M4,M4,,10,16,,1000,SSD,,Apple,M4  GPU,16,M4,macOS,,,1822.80,151900,INR,https://www.smartprix.com/laptops/apple-macbook-air-15-m4-2025-laptop-apple-ppd1t31d9mhi,2026-10-06T11:39:02.277106+00:00
Smartprix,Apple,Apple MacBook Air 13 Laptop (Apple M5/ 16GB/ 1TB SSD/ MacOS/ 10‑core GPU),Ultrabook,13.6,2560x1664,,0,,Apple,,10 Core Apple GPU,,,10,16,,1000,SSD,,Apple, GPU,16,,macOS,,,2069.88,172490,INR,https://www.smartprix.com/laptops/apple-macbook-air-13-laptop-apple-m5-16gb-ppd17gln5c5r,2026-10-06T11:39:02.277106+00:00
Smartprix,Apple,Apple MacBook Pro 14 Laptop (Apple M4 Pro/ 24GB/ 1TB SSD/ macOS/ 20-Core GPU),Ultrabook,14.2,3024x1964,,0,,Apple,M4,M4 Pro,M4,,14,24,,1000,SSD,,Apple,M4 Pro GPU,24,M4,macOS,,,2878.80,239900,INR,https://www.smartprix.com/laptops/apple-macbook-pro-14-laptop-apple-m4-pro-20core-ppd10tw0jbtb,2026-10-06T11:39:02.277106+00:00
Smartprix,Apple,Apple MacBook Air 13 2024 Laptop (Apple M3/ 16GB/ 256GB SSD/ MacOS),Ultrabook,13.6,2560x1664,,0,,Apple,M3,M3,M3,,10,16,,256,SSD,,Apple,M3  GPU,16,M3,macOS,,,1378.80,114900,INR,https://www.smartprix.com/laptops/apple-macbook-air-2024-mxcv3hn-a-laptop-apple-ppd1hs48meqe,2026-10-06T11:39:02.277106+00:00
Smartprix,Apple,Apple MacBook Pro 14 Laptop (Apple M5/ 32GB/ 1TB SSD/ macOS),Ultrabook,14.2,3024x1964,,0,,Apple,,10 Core GPU,,,10,32,,1000,SSD,,Apple, GPU,32,,macOS,,,3287.88,273990,INR,https://www.smartprix.com/laptops/apple-macbook-pro-14-laptop-apple-m5-32gb-ppd1erw8w4l3,2026-10-06T11:39:02.277106+00:00
Smartprix,Apple,Apple MacBook Pro 14 Laptop (Apple M5 Pro/ 24GB/ 1TB SSD/ macOS/ 15‑core CPU/ 16‑core GPU),Ultrabook,14.2,3024x1964,,0,,Apple,,16 Core GPU,,,15,24,,1000,SSD,,Apple, GPU,24,,macOS,,,3341.88,278490,INR,https://www.smartprix.com/laptops/apple-macbook-pro-14-laptop-apple-m5-pro-ppd1b0n3mzje,2026-10-06T11:39:02.277106+00:00
Smartprix,Apple,Apple MacBook Pro M5 Pro 16 2026 Laptop (Apple M5 Pro/ 48GB/ 1TB SSD/ macOS),Ultrabook,16.2,3456x2234,,0,,Apple,,20 Core GPU,,,18,48,,1000,SSD,,Apple, GPU,48,,macOS,,,5027.88,418990,INR,https://www.smartprix.com/laptops/apple-macbook-pro-m5-pro-16-2026-laptop-apple-ppd1k2ecxbud,2026-10-06T11:39:02.277106+00:00
Smartprix,Apple,Apple MacBook Pro 16 2026 Laptop (Apple M5 Pro/ 24GB/ 1TB SSD/ macOS),Ultrabook,16.2,3456x2234,,0,,Apple,,20 Core GPU,,,18,24,,1000,SSD,,Apple, GPU,24,,macOS,,,4109.88,342490,INR,https://www.smartprix.com/laptops/apple-macbook-pro-16-2026-laptop-apple-m5-ppd1wmmlo497,2026-10-06T11:39:02.277106+00:00
Smartprix,Apple,Apple MacBook Pro 14 2023 Laptop (Apple M3/ 8GB/ 512GB SSD/ macOS),Ultrabook,14.2,3024x1964,,0,,Apple,M3,M3,M3,,10,8,,512,SSD,,Apple,M3  GPU,8,M3,macOS,,,1798.80,149900,INR,https://www.smartprix.com/laptops/apple-macbook-pro-2023-laptop-apple-m3-8gb-ppd1ck5yylg4,2026-10-06T11:39:02.277106+00:00
Smartprix,Apple,Apple MacBook Air 2020 MGND3HN Laptop (Apple M1/ 8GB/ 256GB SSD/ MacOS),Ultrabook,13.3,2560x1600,,0,,Apple,M1,M1,M1,,8,8,DDR4,256,SSD,,Apple,M1  GPU,8,M1,macOS,,,1078.80,89900,INR,https://www.smartprix.com/laptops/apple-macbook-air-2020-mgnd3hn-laptop-apple-ppd1qcpd5gj6,2026-10-06T11:39:02.277106+00:00
Smartprix,Apple,Apple MacBook Ultra Laptop,Ultrabook,16.2,3456x2234,,0,,Apple,,20 Core GPU,,,20,24,,1000,SSD,,Apple, GPU,24,,macOS,,,3599.99,299999,INR,https://www.smartprix.com/laptops/apple-macbook-ultra-laptop-ppd1krnzsdid,2026-10-06T11:39:02.277106+00:00
Smartprix,Apple,Apple MacBook Pro 14 MJLV4HN/A Laptop (Apple M5 Pro/ 24GB/ 2TB SSD/ macOS/ 15‑core CPU/ 16‑core GPU),Ultrabook,14.2,3024x1964,,0,,Apple,,16 Core GPU,,,15,24,,2000,SSD,,Apple, GPU,24,,macOS,,,4109.88,342490,INR,https://www.smartprix.com/laptops/apple-macbook-pro-14-mjlv4hn-a-laptop-apple-ppd1847f370y,2026-10-06T11:39:02.277106+00:00
Smartprix,Apple,Apple MacBook Pro 14 2026 Laptop (Apple M5 Max/ 36GB/ 2TB SSD/ macOS/ 18‑core CPU/ 32‑core GPU),Ultrabook,14.2,3024x1964,,0,,Apple,,32 Core GPU,,,18,36,,2000,SSD,,Apple, GPU,36,,macOS,,,5573.88,464490,INR,https://www.smartprix.com/laptops/apple-macbook-pro-14-2026-laptop-apple-m5-max-ppd1gg167sld,2026-10-06T11:39:02.277106+00:00
Smartprix,Acer,Acer Aspire 5 A515-57G UN.K9TSI.002 Gaming Laptop (12th Gen Core i5/ 16GB/ 512GB SSD/ Win11 Home/ 4GB Graph),Gaming,,,,0,,Intel,Core i5,,12th Gen,,,16,,512,SSD,,Intel,Intel Iris Xe Graphics,16,Integrated,,,,1067.99,88999,INR,https://www.smartprix.com/laptops/acer-aspire-5-a515-57g-un-k9tsi-002-gaming-ppd13k4ahwq7,2026-10-06T11:39:02.277106+00:00
Smartprix,Lenovo,Lenovo V14 83GUA052IG Laptop (13th Gen Core i5/ 8GB/ 512GB SSD/ Win11),Notebook,,,,0,,Intel,Core i5,,13th Gen,,,8,,512,SSD,,Intel,Intel Iris Xe Graphics,8,Integrated,,,,696.00,58000,INR,https://www.smartprix.com/laptops/lenovo-v14-83gua052ig-laptop-13th-gen-core-ppd1vu9h22gl,2026-10-06T11:39:02.277106+00:00
Smartprix,,Motorola Motobook 60 Pro 83NY000CIN Laptop (Intel Core Ultra 5 225H/ 16GB/ 512GB SSD/ Win11 Home),Notebook,,,,0,,Intel,Core Ultra 5,225H,Arrow Lake,,,16,,512,SSD,,Intel,Intel UHD Graphics,16,Integrated,,,,1019.88,84990,INR,https://www.smartprix.com/laptops/motorola-motobook-60-pro-83ny000cin-laptop-ppd1rr650zfg,2026-10-06T11:39:02.277106+00:00
Smartprix,MSI,MSI Cyborg 15 AI A1VEK-050IN Gaming Laptop (Intel Core Ultra 7 155H/ 16GB/ 1TB SSD/ Win11/ 6GB Graph),Gaming,15.6,1920x1080,,0,,Intel,Core Ultra 7,155H,Meteor Lake,,16,16,DDR5,1000,SSD,,Nvidia,RTX 4050,6,Ada Lovelace,Windows 11,,,1235.88,102990,INR,https://www.smartprix.com/laptops/msi-cyborg-15-ai-a1vek-050in-gaming-laptop-ppd1eevlcbr7,2026-10-06T11:39:02.277106+00:00
Smartprix,MSI,MSI Titan 18 HX AI A2XWIG Gaming Laptop (Intel Core Ultra 9-285HX/ 96GB/ 4TB SSD/ Win11 Pro/ 16GB Graphics RTX 5080),Gaming,18,3840x2400,,0,,Intel,Core Ultra 9,285HX,Arrow Lake,,24,96,DDR5,4000,SSD,,Nvidia,RTX 5080,16,Blackwell,Windows 11,,,5999.99,499999,INR,https://www.smartprix.com/laptops/msi-titan-18-hx-ai-a2xwig-gaming-laptop-intel-ppd1hib08pdz,2026-10-06T11:39:02.277106+00:00
Smartprix,MSI,MSI Thin 15 B12UCX-1695IN Gaming Laptop (12th Gen Core i5/ 16GB/ 512GB SSD/ Win11 Home/ 4GB RTX 2050 Graph),Gaming,15.6,1920x1080,,0,,Intel,Core i5,12450H,12th Gen,,8,16,DDR4,512,SSD,,Nvidia,RTX 2050,4,Turing,Windows 11,,,851.88,70990,INR,https://www.smartprix.com/laptops/msi-thin-15-b12ucx-1695in-gaming-laptop-12th-ppd161dzyx99,2026-10-06T11:39:02.277106+00:00
Smartprix,MSI,MSI Modern 15 B13M-289IN Laptop (13th Gen Core i5/ 16GB/ 512GB SSD/ Win11 Home),Notebook,15.6,1920x1080,,0,,Intel,Core i5,1335U,13th Gen,,10,16,DDR4,512,SSD,,Intel,Iris Xe,16,Integrated,Windows 11,,,623.88,51990,INR,https://www.smartprix.com/laptops/msi-modern-15-b13m-289in-laptop-13th-gen-ppd1fubjk4rd,2026-10-06T11:39:02.277106+00:00
Smartprix,MSI,MSI Cyborg 15 A2RUDX-111IN Gaming Laptop (Intel Core 5 210H/ 16GB/ 512GB/ Win 11/ 6GB RTX 3050),Gaming,15.6,1920x1080,,0,,Intel,Core 5,210H,Raptor Lake Refresh,,8,16,DDR5,512,SSD,,Nvidia,RTX 3050,6,Ampere,Windows 11,,,1319.88,109990,INR,https://www.smartprix.com/laptops/msi-cyborg-15-a2rudx-111in-gaming-laptop-ppd1pgg2j36y,2026-10-06T11:39:02.277106+00:00
Smartprix,MSI,MSI Prestige N16 Flip AI+ Laptop (NVIDIA RTX Spark/ 32GB/ 1TB SSD/ Win11 Home),2-in-1,16,3840x2160,,1,,,,,,,20,32,,1000,SSD,,Nvidia,NVIDIA RTX,32,,,,,2519.88,209990,INR,https://www.smartprix.com/laptops/msi-prestige-n16-flip-ai-laptop-nvidia-rtx-ppd1sszfp6vi,2026-10-06T11:39:02.277106+00:00
Smartprix,MSI,MSI Stealth 18 AI Studio A1VIG-022IN Gaming Laptop (Intel Core Ultra 9 185H/ 32GB/ 2TB SSD/ Win11 Home/ 16GB RTX 4090 Graph),Gaming,18,3840x2400,,0,,Intel,Core Ultra 9,185H,Meteor Lake,,16,32,DDR5,2000,SSD,,Nvidia,RTX 4090,16,Ada Lovelace,Windows 11,,,3540.00,295000,INR,https://www.smartprix.com/laptops/msi-stealth-18-ai-studio-a1vig-022in-gaming-ppd1gxcnjy88,2026-10-06T11:39:02.277106+00:00
Smartprix,MSI,MSI Thin A15 AI B7UCX-068IN Gaming Laptop (AMD Ryzen 5 7535H/ 16GB/ 512GB SSD/ Win11/ 4GB Graph),Gaming,15.6,1920x1080,,0,,AMD,Ryzen 5,7535HS,7th Gen,,6,16,DDR4,512,SSD,,Nvidia,RTX 2050,4,Turing,Windows 11,,,1060.67,88389,INR,https://www.smartprix.com/laptops/msi-thin-a15-ai-b7ucx-068in-gaming-laptop-ppd17izz45gg,2026-10-06T11:39:02.277106+00:00
Smartprix,MSI,MSI Prestige 16 AI Studio B1VFG Laptop ( Intel Core Ultra 7/ 32GB/ 1TB SSD/ Win11/ 8GB Graphics),Notebook,16,2560x1600,,0,,Intel,Core Ultra 7,,Meteor Lake,,16,32,LPDDR5,1000,SSD,,Nvidia,RTX 4060,8,Ada Lovelace,Windows 11,,,1859.88,154990,INR,https://www.smartprix.com/laptops/msi-prestige-16-ai-studio-b1vfg-laptop-intel-ppd1ijb9xn0r,2026-10-06T11:39:02.277106+00:00
Smartprix,MSI,MSI Prestige 16 AI Studio B1VEG Laptop ( Intel Core Ultra 7/ 32GB/ 1TB SSD/ Win11/ 6GB Graphics),Notebook,16,2560x1600,,0,,Intel,Core Ultra 7,,Meteor Lake,,16,32,LPDDR5,1000,SSD,,Nvidia,RTX 4050,6,Ada Lovelace,Windows 11,,,1679.88,139990,INR,https://www.smartprix.com/laptops/msi-prestige-16-ai-studio-b1veg-laptop-intel-ppd1u4n9d4hr,2026-10-06T11:39:02.277106+00:00
Smartprix,MSI,MSI Cyborg 15 Max C13WE-104IN Gaming Laptop (13th Gen Core i7/ 16GB/ 512GB SSD/ Win11/ 8GB RTX 5050 Graph),Gaming,15.6,1920x1080,,0,,Intel,Core i7,13620H,13th Gen,,10,16,DDR5,512,SSD,,Nvidia,RTX 5050,8,Blackwell,Windows 11,,,2039.88,169990,INR,https://www.smartprix.com/laptops/msi-cyborg-15-max-c13we-104in-gaming-laptop-ppd191bryfvw,2026-10-06T11:39:02.277106+00:00
Smartprix,MSI,MSI Cyborg 15 Max C2WF-103IN Gaming Laptop (Intel Core 7 240H/ 16GB/ 512GB SSD/ Win11/ 8GB RTX 5060 Graph),Gaming,15.6,1920x1080,,0,,Intel,Core 7,240H,Raptor Lake Refresh,,10,16,DDR5,512,SSD,,Nvidia,RTX 5060,8,Blackwell,Windows 11,,,2279.88,189990,INR,https://www.smartprix.com/laptops/msi-cyborg-15-max-c2wf-103in-gaming-laptop-ppd11d1smdsl,2026-10-06T11:39:02.277106+00:00
Smartprix,MSI,MSI Modern 14 C13M-116IN Laptop (13th Gen Core i5/ 16GB/ 512GB SSD/ Win11 Home),Notebook,14,1920x1080,,0,,Intel,Core i5,1334U,13th Gen,,10,16,DDR4,512,SSD,,Intel,Intel Iris Xe Graphics,16,Integrated,Windows 11,,,635.88,52990,INR,https://www.smartprix.com/laptops/msi-modern-14-c13m-116in-laptop-13th-gen-ppd12tiowqh9,2026-10-06T11:39:02.277106+00:00
Smartprix,MSI,MSI Thin 15 B13UDX-3223I Gaming Laptop (13th Gen Core i5/ 16GB/ 512GB SSD/ Win11 Home/ 6GB RTX 3050 Graph),Gaming,15.6,1920x1080,,0,,Intel,Core i5,13420H,13th Gen,,8,16,DDR4,512,SSD,,Nvidia,RTX 3050,6,Ampere,Windows 11,,,971.88,80990,INR,https://www.smartprix.com/laptops/msi-thin-15-b13udx-3223i-gaming-laptop-13th-ppd1qg2x3wxy,2026-10-06T11:39:02.277106+00:00
Smartprix,MSI,MSI Katana 15 B13UDXK Gaming Laptop (13th Gen Core i5/ 16GB/ 1TB SSD/ Win11 Home/ 6GB Graph),Gaming,15.6,1920x1080,,0,,Intel,Core i5,13420H,13th Gen,,8,16,,1000,SSD,,Nvidia,RTX 3050,6,Ampere,Windows 11,,,1163.88,96990,INR,https://www.smartprix.com/laptops/msi-katana-15-b13udxk-gaming-laptop-13th-ppd1u1p207l9,2026-10-06T11:39:02.277106+00:00
Smartprix,MSI,MSI Cyborg 15 A12UDX-1468IN Gaming Laptop (12th Gen Core i5/ 16GB/ 512GB SSD/ Win11/ 6GB RTX3050 Graph),Gaming,15.6,1920x1080,,0,,Intel,Core i5,12450H,12th Gen,,8,16,DDR5,512,SSD,,Nvidia,RTX 3050,6,Ampere,Windows 11,,,1136.40,94700,INR,https://www.smartprix.com/laptops/msi-cyborg-15-a12udx-1468in-gaming-laptop-ppd120yjcl3a,2026-10-06T11:39:02.277106+00:00
Smartprix,MSI,MSI Stealth 14 AI Studio A1VFG-053IN Gaming Laptop (Intel Core Ultra 7 155H/ 16GB/ 1TB SSD/ Win11 Home/ 8GB RTX 4060 Graph),Gaming,14,1920x1200,,0,,Intel,Core Ultra 7,155H,Meteor Lake,,16,16,DDR5,1000,SSD,,Nvidia,RTX 4060,8,Ada Lovelace,Windows 11,,,1991.88,165990,INR,https://www.smartprix.com/laptops/msi-stealth-14-ai-studio-a1vfg-053in-gaming-ppd12hp79efm,2026-10-06T11:39:02.277106+00:00
Smartprix,MSI,MSI Commercial 14 H A13MG vPro-065IN Laptop (13th Gen Core i7/ 32GB/ 1TB SSD/Win11),Notebook,14,1920x1200,,0,,Intel,Core i7,13700H,13th Gen,,14,32,DDR4,1000,SSD,,Intel,Iris Xe,32,Integrated,Windows 11,,,1115.88,92990,INR,https://www.smartprix.com/laptops/msi-commercial-14-h-a13mg-vpro-065in-laptop-ppd14v4laakq,2026-10-06T11:39:02.277106+00:00
Smartprix,HP,HP Victus 15-fa2103tx Gaming Laptop (13th Gen Core i7/ 16GB/ 512GB SSD/ Win11/ 6GB RTX4050),Gaming,,,,0,,Intel,Core i7,,13th Gen,,,16,,512,SSD,,Nvidia,RTX 4050,16,Ada Lovelace,,,,1619.88,134990,INR,https://www.smartprix.com/laptops/hp-victus-15-fa2103tx-gaming-laptop-13th-ppd102xmrtax,2026-10-06T11:39:02.277106+00:00
Smartprix,Dell,Dell Alienware M16 R2 2024 Gaming Laptop (Intel Core Ultra 7 155H / 16GB/ 1TB SSD/ Win 11/ 6GB Graph),Gaming,,,,0,,Intel,Core Ultra 7,155H,Meteor Lake,,,16,,1000,SSD,,Intel,Intel UHD Graphics,16,Integrated,Windows 11,,,2368.14,197345,INR,https://www.smartprix.com/laptops/dell-alienware-m16-r2-2024-gaming-laptop-ppd1uqfhijlu,2026-10-06T11:39:02.277106+00:00
Smartprix,ASUS,Asus TUF Gaming F16 FX608JMR-RV049WS Laptop (14th Gen Core i7/ 16GB/ 1TB SSD/ Win11/ 8GB RTX 5060-8GB Graphics),Gaming,,,,0,,Intel,Core i7,,14th Gen,,,16,,1000,SSD,,Nvidia,RTX 5060,16,Blackwell,,,,2356.68,196390,INR,https://www.smartprix.com/laptops/asus-tuf-gaming-f16-fx608jmr-rv049ws-laptop-ppd1tiowzh7j,2026-10-06T11:39:02.277106+00:00
Smartprix,Samsung,Samsung Galaxy Book 3 Pro 14 NP940XFG-KC5IN Laptop (13th Gen Core i7/ 16GB/ 1TB SSD/ Win11),Notebook,14,2880x1800,,0,,Intel,Core i7,1360P,13th Gen,,12,16,LPDDR5,1000,SSD,,Intel,Iris Xe,16,Integrated,Windows 11,,,1199.88,99990,INR,https://www.smartprix.com/laptops/samsung-galaxy-book-3-pro-14-np940xfg-kc5in-ppd1ombzoaiv,2026-10-06T11:39:02.277106+00:00
Smartprix,Samsung,Samsung Galaxy Book 4 NP750XGJ-LG4IN Laptop (13th Gen Intel Core i3-1315U/ 8GB/ 512GB SSD/ Win11),Notebook,15.6,1920x1080,,0,,Intel,Core i3,1315U,13th Gen,,6,8,LPDDR4X,512,SSD,,Intel,Intel Graphics,8,,Windows 11,,,623.88,51990,INR,https://www.smartprix.com/laptops/samsung-galaxy-book-4-np750xgj-lg4in-laptop-ppd1fpu0qfmv,2026-10-06T11:39:02.277106+00:00
Smartprix,Samsung,Samsung Galaxy Book 4 Pro 14 NP940XGK-KG3IN Laptop (Intel Core Ultra 7/ 32GB/ 1TB SSD/ Win11),Notebook,14,2880x1800,,1,,Intel,Core Ultra 7,Intel Arc Graphics,Meteor Lake,,16,32,LPDDR5X,1000,SSD,,Intel,Arc Graphics,32,Alchemist,Windows 11,,,1354.80,112900,INR,https://www.smartprix.com/laptops/samsung-galaxy-book-4-pro-14-np940xgk-kg3in-ppd1u4kyrsmf,2026-10-06T11:39:02.277106+00:00
Smartprix,Samsung,Samsung Galaxy Book 4 np750xgj-kg2in Laptop (13th Gen Intel Core i5-1335U/ 16GB/ 512GB SSD/ Win11),Notebook,15.6,1920x1080,,0,,Intel,Core i5,1335U,13th Gen,,10,16,LPDDR4X,512,SSD,,Intel,Iris Xe,16,Integrated,Windows 11,,,832.19,69349,INR,https://www.smartprix.com/laptops/samsung-galaxy-book-4-np750xgj-kg2in-laptop-ppd1slbmde84,2026-10-06T11:39:02.277106+00:00
Smartprix,Samsung,Samsung Galaxy Book 6 NP760XJG-KG2 Laptop (Intel Core Ultra 7 355/ 16GB/ 512GB SSD/ Win11),Notebook,16,1920x1200,,1,,Intel,Core Ultra 7,355,Panther Lake,,8,16,LPDDR5X,512,SSD,,Intel,Intel Graphics,16,,Windows 11,,,1553.88,129490,INR,https://www.smartprix.com/laptops/samsung-galaxy-book-6-np760xjg-kg2-laptop-ppd1b2enhypu,2026-10-06T11:39:02.277106+00:00
Smartprix,Samsung,Samsung Galaxy Book 5 np750xhd-kd1in Laptop (Intel Core Ultra 5 225U/ 16GB/ 512GB SSD/ Win11),Notebook,15.6,1920x1080,,0,,Intel,Core Ultra 5,Intel Graphics,Meteor Lake,,,16,LPDDR5X,512,SSD,,Intel,Intel Graphics,16,Integrated,Windows 11,,,1043.88,86990,INR,https://www.smartprix.com/laptops/samsung-galaxy-book-5-np750xhd-kd1in-laptop-ppd1mu30s3ty,2026-10-06T11:39:02.277106+00:00
Smartprix,Samsung,Samsung Galaxy Book 4 Edge np750xqb-ka1in Laptop (Snapdragon X X1-26-100/ 16GB/ 512GB SSD/ Win11),Notebook,15.6,1920x1080,,1,,Qualcomm,Snapdragon X,Elite,Snapdragon,,,16,LPDDR5X,512,SSD,,,,16,,Windows 11,,,839.88,69990,INR,https://www.smartprix.com/laptops/samsung-galaxy-book-4-edge-laptop-snapdragon-ppd1a4mv79ns,2026-10-06T11:39:02.277106+00:00
Smartprix,Samsung,Samsung Galaxy Book 5 360 np750qha-lg1in Laptop (Intel Core Ultra 5 226V/ 16GB/ 512GB SSD/ Win11),Notebook,15.6,1920x1080,,1,,Intel,Core Ultra 5,226V,Arrow Lake,,8,16,LPDDR5X,512,SSD,,Intel,Arc Graphics,16,Alchemist,Windows 11,,,1374.52,114543,INR,https://www.smartprix.com/laptops/samsung-galaxy-book-5-360-np750qha-lg1in-ppd1o3zbgwk3,2026-10-06T11:39:02.277106+00:00
Smartprix,Samsung,Samsung Galaxy Book 5 Pro NP940XHA-LG1IN Laptop (Intel Core Ultra 5 226V/ 16GB/ 512GB SSD/ Win11),Notebook,14,2880x1800,,1,,Intel,Core Ultra 5,"Octa Core (4P + 4LP-E), 8 Threads",Meteor Lake,,8,16,LPDDR5X,512,SSD,,Intel,Arc 130V,16,Alchemist,Windows 11,,,1583.88,131990,INR,https://www.smartprix.com/laptops/samsung-galaxy-book-5-pro-np940xha-lg1in-ppd1nenplwsp,2026-10-06T11:39:02.277106+00:00
Smartprix,Samsung,Samsung Galaxy Book2 Pro 360 13 Laptop (12th Gen Core i5/ 16GB/ 512GB SSD/ Win11),Notebook,13.3,1080x1920,,1,,Intel,Core i5,1240P,12th Gen,,12,16,LPDDR5,512,SSD,,Intel,Iris Xe,16,Integrated,Windows 11,,,1079.88,89990,INR,https://www.smartprix.com/laptops/samsung-galaxy-book2-pro-360-13-laptop-12th-ppd15jttlewt,2026-10-06T11:39:02.277106+00:00
Smartprix,Samsung,Samsung Galaxy Book 6 NP760XJG-KG1 Laptop (Intel Core Ultra 5 325/ 16GB/ 512GB SSD/ Win11),Notebook,16,1920x1200,,1,,Intel,Core Ultra 5,325,Panther Lake,,8,16,LPDDR5X,512,SSD,,Intel,Intel Graphics,16,,Windows 11,,,1487.88,123990,INR,https://www.smartprix.com/laptops/samsung-galaxy-book-6-np760xjg-kg1-laptop-ppd1ba51v18e,2026-10-06T11:39:02.277106+00:00
Smartprix,Samsung,Samsung Galaxy Book 6 NP760XJG-KG3 Laptop (Intel Core Ultra 7 355/ 16GB/ 1TB SSD/ Win11),Notebook,16,1920x1200,,1,,Intel,Core Ultra 7,355,Panther Lake,,8,16,LPDDR5X,1000,SSD,,Intel,Intel Graphics,16,,Windows 11,,,1763.88,146990,INR,https://www.smartprix.com/laptops/samsung-galaxy-book-6-np760xjg-kg3-laptop-ppd1juwnycz6,2026-10-06T11:39:02.277106+00:00
Smartprix,Samsung,Samsung Galaxy Book 3 Pro NP960XFG-KC2IN Laptop (13th Gen Core i7/ 16GB/ 1TB SSD/ Win11),Notebook,16,2880x1800,,0,,Intel,Core i7,1360P,13th Gen,,12,16,LPDDR5,1000,SSD,,Intel,Iris Xe,16,Integrated,Windows 11,,,1548.00,129000,INR,https://www.smartprix.com/laptops/samsung-galaxy-book-3-pro-np960xfg-kc2in-ppd18x0ie8xm,2026-10-06T11:39:02.277106+00:00
Smartprix,Samsung,Samsung Galaxy Book 6 NP740VJG-KG3 Laptop (Intel Core Ultra 7 355/ 16GB/ 1TB SSD/ Win11),Notebook,14,1920x1200,,0,,Intel,Core Ultra 7,355,Panther Lake,,8,16,LPDDR5X,1000,SSD,,Intel,Intel Graphics,16,,Windows 11,,,1679.88,139990,INR,https://www.smartprix.com/laptops/samsung-galaxy-book-6-np740vjg-kg3-laptop-ppd1pto6g9as,2026-10-06T11:39:02.277106+00:00
Smartprix,Samsung,Samsung Galaxy Book 6 NP740VJG-KG1 Laptop (Intel Core Ultra 5 325/ 16GB/ 512GB SSD/ Win11),Notebook,14,1920x1200,,0,,Intel,Core Ultra 5,325,Panther Lake,,8,16,LPDDR5X,512,SSD,,Intel,Intel Graphics,16,,Windows 11,,,1355.88,112990,INR,https://www.smartprix.com/laptops/samsung-galaxy-book-6-np740vjg-kg1-laptop-ppd1vgr7mdkm,2026-10-06T11:39:02.277106+00:00
Smartprix,Samsung,Samsung Galaxy Book 6 Ultra NP960UJH-XG3 Laptop (Intel Core Ultra 7 356H/ 32GB/ 1TB SSD/ Win11/ RTX 5070 8GB),Notebook,16,2880x1800,,1,,Intel,Core Ultra 7,Intel Core Ultra X7 358H,Panther Lake,,16,32,LPDDR5X,1000,SSD,,Nvidia,RTX 5070,8,Blackwell,Windows 11,,,3731.88,310990,INR,https://www.smartprix.com/laptops/samsung-galaxy-book-6-ultra-np960ujh-xg3-ppd1je9u7slb,2026-10-06T11:39:02.277106+00:00
Smartprix,Samsung,Samsung Galaxy Book 5 np750xhd-kd4in Laptop (Intel Core Ultra 7 255U/ 32GB/ 1TB SSD/ Win11),Notebook,15.6,1920x1080,,0,,Intel,Core Ultra 7,Intel Graphics,Meteor Lake,,12,32,LPDDR5X,1000,SSD,,Intel,Intel Graphics,32,Integrated,Windows 11,,,1763.88,146990,INR,https://www.smartprix.com/laptops/samsung-galaxy-book-5-np750xhd-kd4in-laptop-ppd11b93ysr4,2026-10-06T11:39:02.277106+00:00
Smartprix,Samsung,Samsung Galaxy Book 5 np750xhd-kd3in Laptop (Intel Core Ultra 7 255U/ 16GB/ 1TB SSD/ Win11),Notebook,15.6,1920x1080,,0,,Intel,Core Ultra 7,Intel Graphics,Meteor Lake,,12,16,LPDDR5X,1000,SSD,,Intel,Intel Graphics,16,Integrated,Windows 11,,,1535.88,127990,INR,https://www.smartprix.com/laptops/samsung-galaxy-book-5-np750xhd-kd3in-laptop-ppd1agtmcgzq,2026-10-06T11:39:02.277106+00:00
Smartprix,Samsung,Samsung Galaxy Book 4 NP750XGJ-KG3IN Laptop (Intel Core i7 1355U/ 16GB/ 512GB SSD/ Win11),Notebook,15.6,1920x1080,,0,,Intel,Core i7,1355U,13th Gen,,10,16,LPDDR4X,512,SSD,,Intel,Iris Xe,16,Integrated,Windows 11,,,944.99,78749,INR,https://www.smartprix.com/laptops/samsung-galaxy-book-4-np750xgj-kg3in-alaptop-ppd1uesxx4ut,2026-10-06T11:39:02.277106+00:00
Smartprix,HP,HP 14-ep1182TU Laptop (Intel Core Ultra 7 155H 24GB/ 1TB SSD/ Win11 Home),Notebook,,,,0,,Intel,Core Ultra 7,155H,Meteor Lake,,,24,,1000,SSD,,Intel,Intel UHD Graphics,24,Integrated,,,,1175.88,97990,INR,https://www.smartprix.com/laptops/hp-14-ep1182tu-laptop-intel-core-ultra-7-ppd1b7y1crrj,2026-10-06T11:39:02.277106+00:00
Smartprix,HP,HP 15-fd1255TU Laptop (Intel Core Ultra 5 125H/ 16GB/ 1TB SSD/ Win11 Home),Notebook,,,,0,,Intel,Core Ultra 5,125H,Meteor Lake,,,16,,1000,SSD,,Intel,Intel UHD Graphics,16,Integrated,,,,1055.88,87990,INR,https://www.smartprix.com/laptops/hp-15-fd1255tu-laptop-intel-core-ultra-5-ppd1eb94msk4,2026-10-06T11:39:02.277106+00:00
Smartprix,ASUS,Asus Expertbook P3 P3606CCAP-MB1007WS Laptop (Intel Core Ultra 7 255H/ 16GB/ 512GB/ Win11),Notebook,,,,0,,Intel,Core Ultra 7,255H,Arrow Lake,,,16,,512,SSD,,Intel,Intel UHD Graphics,16,Integrated,,,,1115.88,92990,INR,https://www.smartprix.com/laptops/asus-expertbook-p3-p3606ccap-mb1007ws-laptop-ppd1n34n93nr,2026-10-06T11:39:02.277106+00:00
Smartprix,Xiaomi,Xiaomi Redmi Book 14 2025 Laptop (AMD Ryzen 7 7735H/ 16GB/ 512GB SSD/ Win 11),Notebook,14,1920x1200,,0,,AMD,Ryzen 7,7735H,7th Gen,,8,16,LPDDR5,512,SSD,,AMD,680M,16,Integrated,Windows 11,,,539.99,44999,INR,https://www.smartprix.com/laptops/xiaomi-redmi-book-14-2025-laptop-amd-ryzen-ppd1frh05rr9,2026-10-06T11:39:02.277106+00:00
Smartprix,Xiaomi,Xiaomi Redmi G Pro 2024 Gaming Laptop (14th Gen Core i9/ 16GB/ 1TB SSD/ Win11 Home/ RTX 4060),Gaming,16.1,2560x1600,,0,,Intel,Core i9,14900HX,14th Gen,,24,16,DDR5,1000,SSD,,Nvidia,RTX 4060,8,Ada Lovelace,Windows 11,,,1235.88,102990,INR,https://www.smartprix.com/laptops/xiaomi-redmi-g-pro-2024-gaming-laptop-14th-ppd10l5s7a37,2026-10-06T11:39:02.277106+00:00
Smartprix,Xiaomi,Xiaomi Redmi Book 14 (2025) Refreshed Edition Laptop (13th Gen Core i5/ 16GB/512GB SSD/ Win11),Notebook,14,1920x1200,,0,,Intel,Core i5,13420H,13th Gen,,8,16,,512,SSD,,Intel,Iris Xe,16,Integrated,Windows 11,,,491.88,40990,INR,https://www.smartprix.com/laptops/xiaomi-redmi-book-14-2025-refreshed-edition-ppd1duxr8dt6,2026-10-06T11:39:02.277106+00:00
Smartprix,Xiaomi,Xiaomi Redmi Book Pro 14 2024 Laptop (Intel Core Ultra 5/ 16GB/ 512GB SSD/ Win 11),Notebook,14,2880x1800,,0,,Intel,Core Ultra 5,Intel Iris Xe Graphics,Meteor Lake,,14,16,LPDDR5X,512,SSD,,Intel,Iris Xe,16,Integrated,Windows 11,,,719.88,59990,INR,https://www.smartprix.com/laptops/xiaomi-redmi-book-pro-14-2024-laptop-intel-ppd1o3bojg6a,2026-10-06T11:39:02.277106+00:00
Smartprix,Xiaomi,Xiaomi Redmi Book 16 2025 Laptop (Intel Core Ultra 5 Series 2/ 32GB/ 1TB SSD/ Win 11),Notebook,16,3072x1920,,0,,Intel,Core Ultra 5,Intel  ARC Graphics,Meteor Lake,,,32,LPDDR5X,1000,SSD,,Intel,Arc Graphics,32,Alchemist,Windows 11,,,779.88,64990,INR,https://www.smartprix.com/laptops/xiaomi-redmi-book-16-2025-laptop-intel-core-ppd17ywg5q7p,2026-10-06T11:39:02.277106+00:00
Smartprix,Xiaomi,Xiaomi Redmi Book Pro 16 2024 Laptop (Intel Core Ultra 5/ 32GB/ 1TB SSD/ Win 11),Notebook,16,3072x1920,,0,,Intel,Core Ultra 5,Intel  ARC Graphics,Meteor Lake,,14,32,LPDDR5X,1000,SSD,,Intel,Arc Graphics,32,Alchemist,Windows 11,,,839.88,69990,INR,https://www.smartprix.com/laptops/xiaomi-redmi-book-pro-16-2024-laptop-intel-ppd1cgzwyy8e,2026-10-06T11:39:02.277106+00:00
Smartprix,Xiaomi,Xiaomi Redmi Book Pro 16 2026 Laptop (Intel Ultra X7 358H/ 32GB/ 1TB SSD/ Win 11),Notebook,16,3200x2000,,0,,Intel,,Intel Core Ultra X7 358H,,,16,32,LPDDR5X,1000,SSD,,Intel,Arc B390,32,Alchemist,Windows 11,,,1560.00,130000,INR,https://www.smartprix.com/laptops/xiaomi-redmi-book-pro-16-2026-laptop-intel-ppd17pmp451a,2026-10-06T11:39:02.277106+00:00
Smartprix,Xiaomi,Xiaomi Book Pro 14 Laptop (Intel Core Ultra X7 358H/ 32GB/ 1TB SSD/ Win 11),Notebook,14.6,3120x2080,,0,,Intel,Core Ultra 7,358H,Panther Lake,,16,32,,1000,SSD,,Intel,Intel Graphics,32,,Windows 11,,,1439.99,119999,INR,https://www.smartprix.com/laptops/xiaomi-book-pro-14-laptop-intel-core-ultr-ppd1ij92d70o,2026-10-06T11:39:02.277106+00:00
Smartprix,Xiaomi,Xiaomi Book Pro 14 Laptop (Intel Core Ultra 5 325/ 24GB/ 1TB SSD/ Win 11),Notebook,14,,,0,,Intel,Core Ultra 5,325,Panther Lake,,8,24,,1000,SSD,,Intel,Intel Graphics,24,,Windows 11,,,1199.99,99999,INR,https://www.smartprix.com/laptops/xiaomi-book-pro-14-laptop-intel-core-ultra-ppd12o85fiq9,2026-10-06T11:39:02.277106+00:00
Smartprix,Xiaomi,Xiaomi Redmi Book 16 2024 Laptop (13th Gen Core i5/ 16GB/ 512GB SSD/ Win 11),Notebook,16,2560x1600,,0,,Intel,Core i5,13500H,13th Gen,,12,16,LPDDR5,512,SSD,,Intel,Iris Xe,16,Integrated,Windows 11,,,635.88,52990,INR,https://www.smartprix.com/laptops/xiaomi-redmi-book-16-2024-laptop-13th-gen-ppd1g9jom1sm,2026-10-06T11:39:02.277106+00:00
Smartprix,Xiaomi,Xiaomi Notebook Pro 120G Laptop (12th Gen Core i5/ 16GB/ 512GB SSD/ Win11/ 2GB Garph),Notebook,14,2560x1600,,0,,Intel,Core i5,12450H,12th Gen,,8,16,LPDDR5,512,SSD,,Nvidia,MX 550,2,Entry Discrete,Windows 11,,,730.93,60911,INR,https://www.smartprix.com/laptops/xiaomi-notebook-pro-120g-laptop-12th-gen-16gb-ppd11l5bwiud,2026-10-06T11:39:02.277106+00:00
Smartprix,Xiaomi,Xiaomi Redmi Book Pro 15 2022 Laptop (12th Gen Core i5/ 16GB/ 512GB SSD/ Win11),Notebook,15.6,3200x2000,,0,,Intel,Core i5,12450H,12th Gen,,8,16,LPDDR5,512,SSD,,Nvidia,RTX 2050,4,Turing,Windows 10,,,743.88,61990,INR,https://www.smartprix.com/laptops/xiaomi-redmi-book-pro-15-2022-laptop-12th-ppd1slai3s8s,2026-10-06T11:39:02.277106+00:00
Smartprix,Xiaomi,Xiaomi Mi Notebook Ultra Laptop (11th Gen Core i5/ 8GB/ 512GB SSD/ Win10),Notebook,15.6,3200x2000,,0,,Intel,Core i5,11300H,11th Gen,,4,8,DDR4,512,SSD,,Intel,Iris Xe,8,Integrated,Windows 10,,,551.87,45989,INR,https://www.smartprix.com/laptops/xiaomi-mi-notebook-ultra-laptop-11th-gen-ppd1fwbaowd7,2026-10-06T11:39:02.277106+00:00
Smartprix,Xiaomi,Xiaomi Mi Notebook Pro 14 Laptop (11th Gen Core i5/ 16GB/ 512GB SSD/ Win10),Notebook,14,2560x1600,,0,,Intel,Core i5,11300H,11th Gen,,4,16,DDR4,512,SSD,,Intel,Iris Xe,16,Integrated,Windows 10,,,609.10,50758,INR,https://www.smartprix.com/laptops/xiaomi-mi-notebook-pro-14-laptop-11th-gen-ppd16381frwp,2026-10-06T11:39:02.277106+00:00
Smartprix,Xiaomi,Xiaomi Mi Notebook Pro 14 Laptop (11th Gen Core i7/ 16GB/ 512GB SSD/ Win10),Notebook,14,2560x1600,,0,,Intel,Core i7,11370H,11th Gen,,4,16,DDR4,512,SSD,,Intel,Iris Xe,16,Integrated,Windows 10,,,911.99,75999,INR,https://www.smartprix.com/laptops/xiaomi-mi-notebook-pro-14-laptop-11th-gen-ppd1wyx4bxti,2026-10-06T11:39:02.277106+00:00
Smartprix,Xiaomi,Xiaomi Mi Notebook Ultra Laptop (11th Gen Core i5/ 16GB/ 512GB SSD/ Win10),Notebook,15.6,3200x2000,,0,,Intel,Core i5,11300H,11th Gen,,4,16,DDR4,512,SSD,,Intel,Iris Xe,16,Integrated,Windows 10,,,628.76,52397,INR,https://www.smartprix.com/laptops/xiaomi-mi-notebook-ultra-laptop-11th-gen-ppd141n9m373,2026-10-06T11:39:02.277106+00:00
Smartprix,Xiaomi,Xiaomi RedmiBook Pro 15 Laptop (11th Gen Core i5/ 8GB/ 512GB SSD/ Win11),Notebook,15.6,1920x1080,,0,,Intel,Core i5,11300H,11th Gen,,4,8,DDR4,512,SSD,,Intel,Iris Xe,8,Integrated,Windows 11,,,719.99,59999,INR,https://www.smartprix.com/laptops/xiaomi-redmibook-pro-15-laptop-11th-gen-core-ppd1butng2wx,2026-10-06T11:39:02.277106+00:00
Smartprix,Xiaomi,Xiaomi RedmiBook Pro 14 Laptop (AMD Ryzen 5/ 16GB/ 512GB SSD/ Win10),Notebook,14,2560x1600,,0,,AMD,Ryzen 5,5500U,5th Gen,,6,16,DDR4,512,SSD,,AMD,Graphics,16,Integrated,Windows 10,,,587.88,48990,INR,https://www.smartprix.com/laptops/xiaomi-redmibook-pro-14-laptop-amd-ryzen-ppd1sc9pd3cj,2026-10-06T11:39:02.277106+00:00
Smartprix,Xiaomi,Xiaomi RedmiBook Pro 15 Laptop (AMD Ryzen 5/ 16GB/ 512GB SSD/ Win10),Notebook,15.6,3200x2000,,0,,AMD,Ryzen 5,5600H,5th Gen,,6,16,DDR4,512,SSD,,AMD,Graphics,16,Integrated,Windows 10,,,647.88,53990,INR,https://www.smartprix.com/laptops/xiaomi-redmibook-pro-15-laptop-amd-ryzen-ppd1c9jbs0i6,2026-10-06T11:39:02.277106+00:00
Smartprix,Xiaomi,Xiaomi RedmiBook Pro 14 Laptop (AMD Ryzen 7/ 16GB/ 512GB SSD/ Win10),Notebook,14,2560x1600,,0,,AMD,Ryzen 7,5700U,5th Gen,,8,16,DDR4,512,SSD,,AMD,Graphics,16,Integrated,Windows 10,,,635.88,52990,INR,https://www.smartprix.com/laptops/xiaomi-redmibook-pro-14-laptop-amd-ryzen-ppd1l1685yb7,2026-10-06T11:39:02.277106+00:00
Smartprix,ASUS,Asus Expertbook P1 14 P1403CVA-S60938WS Laptop (13th Gen Core i3/ 16GB/ 512GB/ Win11),Notebook,,,,0,,Intel,Core i3,,13th Gen,,,16,,512,SSD,,Intel,Intel Iris Xe Graphics,16,Integrated,,,,623.88,51990,INR,https://www.smartprix.com/laptops/asus-expertbook-p1-14-p1403cva-s60938ws-laptop-ppd1g4dms6o7,2026-10-06T11:39:02.277106+00:00
Smartprix,Acer,Acer Aspire Lite AL15-41 Laptop (AMD Ryzen 3 5300U/ 16GB/ 512GB SSD/ Win11),Notebook,,,,0,,AMD,Ryzen 3,5300U,Zen 3,,,16,,512,SSD,,AMD,AMD Radeon Graphics,16,Integrated,,,,689.65,57471,INR,https://www.smartprix.com/laptops/acer-aspire-lite-al15-41-laptop-amd-ryzen-3-5300u-ppd1hp2s8r4u,2026-10-06T11:39:02.277106+00:00
Smartprix,ASUS,Asus Vivobook Go 15 E1504FA-BQ2543WS Laptop (AMD Ryzen 5 7520U / 16GB/ 512GB SSD/ Win11 Home),Notebook,,,,0,,AMD,Ryzen 5,7520U,Zen 4,,,16,,512,SSD,,AMD,AMD Radeon Graphics,16,Integrated,,,,702.00,58500,INR,https://www.smartprix.com/laptops/asus-vivobook-go-15-e1504fa-bq2543ws-laptop-ppd14uf1maz1,2026-10-06T11:39:02.277106+00:00
Smartprix,ASUS,Asus Vivobook S14 Flip 2025 TP3402VAO-LZ619WS Laptop (13th Gen Core i5/ 16GB/ 512GB SSD/ Win11 Home),2-in-1,,,,1,,Intel,Core i5,,13th Gen,,,16,,512,SSD,,Intel,Intel Iris Xe Graphics,16,Integrated,,,,827.88,68990,INR,https://www.smartprix.com/laptops/asus-vivobook-s14-flip-2025-tp3402vao-lz619ws-ppd1y83d38no,2026-10-06T11:39:02.277106+00:00
Smartprix,Lenovo,Lenovo IdeaPad Flex 5 Gen 8 82XX0070IN Laptop (AMD Ryzen 5 7530U/ 16GB/ 512GB SSD/ Win11 Home),Notebook,,,,0,,AMD,Ryzen 5,7530U,5th Gen,,,16,,512,SSD,,AMD,AMD Radeon Graphics,16,Integrated,,,,771.48,64290,INR,https://www.smartprix.com/laptops/lenovo-ideapad-flex-5-gen-8-82xx0070in-laptop-ppd1vlfnlesg,2026-10-06T11:39:02.277106+00:00
Smartprix,Infinix,Infinix INBook X1 Slim Series Laptop (10th Gen Core i7/ 8GB/ 512GB SSD/ Win 11 Home),Ultrabook,14,1920x1080,,0,,Intel,Core i7,1065G7,10th Gen,,4,8,LPDDR4X,512,SSD,,Intel,UHD Graphics,8,Integrated,Windows 11,,,779.88,64990,INR,https://www.smartprix.com/laptops/infinix-inbook-x1-slim-series-laptop-10th-ppd1rbsep8vd,2026-10-06T11:39:02.277106+00:00
Smartprix,Infinix,Infinix XBOOK B15 Series BL51A5 Laptop (AMD Ryzen 5 5500U/ 16GB/ 512GB SSD/ Win 11 Home),Notebook,15.6,1920x1080,,0,,AMD,Ryzen 5,5500U,5th Gen,,6,16,DDR4,512,SSD,,AMD,AMD,16,Integrated,Windows 11,,,719.88,59990,INR,https://www.smartprix.com/laptops/infinix-xbook-b15-series-bl51a5-laptop-amd-ppd1f8m8y8t4,2026-10-06T11:39:02.277106+00:00
Smartprix,Infinix,Infinix Inbook Air Pro Plus XL434 Laptop (13th Gen Core i5/ 16GB/ 512GB SSD/ Win 11 Home),Notebook,14,2880x1800,,0,,Intel,Core i5,1334U,13th Gen,,10,16,LPDDR4X,512,SSD,,Intel,Iris Xe,16,Integrated,Windows 11,,,839.88,69990,INR,https://www.smartprix.com/laptops/infinix-inbook-air-pro-plus-13th-gen-core-ppd1999x0bup,2026-10-06T11:39:02.277106+00:00
Smartprix,Infinix,Infinix INBook Y3 Max YL613 Laptop (12th Gen Core i7/ 16GB/ 512GB SSD/ Win 11),Notebook,16,1920x1200,,0,,Intel,Core i7,1255U,12th Gen,,10,16,LPDDR4X,512,SSD,,Intel,UHD Graphics,16,Integrated,Windows 11,,,1019.88,84990,INR,https://www.smartprix.com/laptops/infinix-inbook-y3-max-yl613-laptop-12th-gen-ppd1aiu7dwo2,2026-10-06T11:39:02.277106+00:00
Smartprix,Infinix,Infinix Zero Book Ultra AI ZL514 Laptop (Intel Core Ultra 7 155H/ 16GB/ 512GB SSD/ Win 11 Home),Notebook,15.6,1920x1080,,0,,Intel,Core Ultra 7,Intel Integrated Intel Arc,Meteor Lake,,16,16,LPDDR5X,512,SSD,,Intel,Intel Integrated Intel Arc,16,Alchemist,Windows 11,,,1199.88,99990,INR,https://www.smartprix.com/laptops/infinix-zero-book-ultra-ai-zl514-laptop-intel-ppd1osqjl5cm,2026-10-06T11:39:02.277106+00:00
Smartprix,Infinix,Infinix INBook Y4 Max Series YL613 Laptop (13th Gen Core i3/ 16GB/ 512GB SSD/ Win 11 Home),Notebook,16,1920x1200,,0,,Intel,Core i3,1315U,13th Gen,,6,16,LPDDR4X,512,SSD,,Intel,UHD Graphics,16,Integrated,Windows 11,,,719.88,59990,INR,https://www.smartprix.com/laptops/infinix-inbook-y4-max-series-yl613-laptop-ppd1w1xwtdvh,2026-10-06T11:39:02.277106+00:00
Smartprix,Infinix,Infinix Zerobook 13 ZL513 Laptop (13th Gen Core i7/ 16GB/ 512GB SSD/ Win 11 Home),Notebook,15.6,1920x1080,,0,,Intel,Core i7,13700H,13th Gen,,14,16,LPDDR5X,512,SSD,,Intel,Iris Xe,16,Integrated,Windows 11,,,1199.88,99990,INR,https://www.smartprix.com/laptops/infinix-zerobook-13-zl513-laptop-13th-gen-ppd1xmz8vpxy,2026-10-06T11:39:02.277106+00:00
Smartprix,Infinix,Infinix Zero Book Ultra Laptop (12th Gen Core i9/ 16GB/ 512GB SSD/ Win 11 Home),Notebook,15.6,1920x1080,,0,,Intel,Core i9,12900H,12th Gen,,14,16,LPDDR5,512,SSD,,Intel,Intel Graphics,16,,Windows 11,,,1559.88,129990,INR,https://www.smartprix.com/laptops/infinix-zero-book-ultra-laptop-12th-gen-core-i9-ppd1yqky83zz,2026-10-06T11:39:02.277106+00:00
Smartprix,Infinix,Infinix INBook X1 Slim XL21 Laptop (10th Gen Core i5/ 16GB/ 512GB SSD/ Win 11 Home),Ultrabook,14,1920x1080,,0,,Intel,Core i5,1035G1,10th Gen,,4,16,LPDDR4X,512,SSD,,Intel,UHD Graphics,16,Integrated,Windows 11,,,779.99,64999,INR,https://www.smartprix.com/laptops/infinix-inbook-x1-slim-xl21-laptop-10th-gen-i5-ppd14jwl8x8k,2026-10-06T11:39:02.277106+00:00
Smartprix,Infinix,Infinix INBook X1 Slim XL21 Laptop (10th Gen Core i5/ 8GB/ 512GB SSD/ Win 11 Home),Ultrabook,14,1920x1080,,0,,Intel,Core i5,1035G1,10th Gen,,4,8,LPDDR4X,512,SSD,,Intel,UHD Graphics,8,Integrated,Windows 11,,,719.99,59999,INR,https://www.smartprix.com/laptops/infinix-inbook-x1-slim-xl21-laptop-10th-gen-ppd122u7wwtl,2026-10-06T11:39:02.277106+00:00
Smartprix,Infinix,Infinix INBook Y2 Plus XL29 Laptop (11th Gen Core i7/ 16GB/ 512GB SSD/ Win 11 Home),Notebook,15.6,1920x1080,,0,,Intel,Core i7,1195G7,11th Gen,,4,16,LPDDR4X,512,SSD,,Intel,Iris Xe,16,Integrated,Windows 11,,,839.88,69990,INR,https://www.smartprix.com/laptops/infinix-inbook-y2-plus-xl29-71008301763-laptop-ppd12dv9vbq5,2026-10-06T11:39:02.277106+00:00
Smartprix,Infinix,Infinix GT Book GL613 Gaming Laptop (12th Gen Core i5/ 16GB/ 512GB SSD/ Win 11 Home/ 6GB RTX 3050 Graphics),Gaming,16,1920x1200,,0,,Intel,Core i5,12450H,12th Gen,,8,16,LPDDR5X,512,SSD,,Nvidia,RTX 3050,6,Ampere,Windows 11,,,1199.88,99990,INR,https://www.smartprix.com/laptops/infinix-gt-book-gl613-gaming-laptop-12th-ppd1lefgp8bz,2026-10-06T11:39:02.277106+00:00
Smartprix,Infinix,Infinix INBook X2 Plus Laptop (11th Gen Core i7/ 16GB/ 1TB SSD/ Win 11 Home),Notebook,15.6,1920x1080,,0,,Intel,Core i7,1195G7,11th Gen,,4,16,LPDDR4X,1000,SSD,,Intel,Iris Xe,16,Integrated,Windows 11,,,1079.88,89990,INR,https://www.smartprix.com/laptops/infinix-inbook-x2-plus-laptop-11th-gen-core-ppd11rsyz31n,2026-10-06T11:39:02.277106+00:00
Smartprix,Infinix,Infinix Zerobook 2023 Laptop (13th Gen Core i9/ 32GB/ 1TB SSD/ Win 11 Home),Notebook,15.6,1920x1080,,0,,Intel,Core i9,13900H,13th Gen,,14,32,LPDDR5X,1000,SSD,,Intel,Iris Xe,32,Integrated,Windows 11,,,1798.80,149900,INR,https://www.smartprix.com/laptops/infinix-zerobook-2023-laptop-13th-gen-core-ppd1iwfn3m0i,2026-10-06T11:39:02.277106+00:00
Smartprix,Infinix,Infinix INBook Y1 Plus XL28 Laptop (10th Gen Core i3/ 8GB/ 512GB SSD/ Win 11 Home),Notebook,15.6,1920x1080,,0,,Intel,Core i3,1005G1,10th Gen,,2,8,LPDDR4X,512,SSD,,Intel,UHD Graphics,8,Integrated,Windows 11,,,599.88,49990,INR,https://www.smartprix.com/laptops/infinix-inbook-y1-plus-xl28-laptop-10th-gen-ppd106s4ugjv,2026-10-06T11:39:02.277106+00:00
Smartprix,Infinix,Infinix INBook X2 Plus XL25 Laptop (11th Gen Core i7/ 16GB/ 512GB SSD/ Win 11 Home),Notebook,15.6,1920x1080,,0,,Intel,Core i7,1195G7,11th Gen,,4,16,LPDDR4X,512,SSD,,Intel,Iris Xe,16,Integrated,Windows 11,,,959.88,79990,INR,https://www.smartprix.com/laptops/infinix-inbook-x2-plus-xl25-laptop-11th-gen-i7-ppd13cz00y36,2026-10-06T11:39:02.277106+00:00
Smartprix,Infinix,Infinix INBook X1 Slim Series XL21 Laptop (10th Gen Core i3/ 8GB/ 256GB SSD/ Win 11 Home),Ultrabook,14,1920x1080,,0,,Intel,Core i3,1005G1,10th Gen,,2,8,LPDDR4X,256,SSD,,Intel,UHD Graphics,8,Integrated,Windows 11,,,599.99,49999,INR,https://www.smartprix.com/laptops/infinix-inbook-x1-slim-series-xl21-laptop-i3-ppd1iqsku6ki,2026-10-06T11:39:02.277106+00:00
Smartprix,Infinix,Infinix XBOOK B15 Series BL51A5 71028300082 Laptop (AMD Ryzen 7 5825U/ 8GB/ 512GB SSD/ Win 11 Home),Notebook,15.6,1920x1080,,0,,AMD,Ryzen 7,5825U,5th Gen,,8,8,DDR4,512,SSD,,AMD,AMD,8,Integrated,Windows 11,,,719.88,59990,INR,https://www.smartprix.com/laptops/infinix-xbook-b15-series-bl51a5-71028300082-ppd140l52lua,2026-10-06T11:39:02.277106+00:00
Smartprix,Infinix,Infinix XBOOK B15 Series BL51A5 Laptop (AMD Ryzen 7 5825U/ 16GB/ 512GB SSD/ Win 11 Home),Notebook,15.6,1920x1080,,0,,AMD,Ryzen 7,5825U,5th Gen,,8,16,DDR4,512,SSD,,AMD,AMD,16,Integrated,Windows 11,,,551.88,45990,INR,https://www.smartprix.com/laptops/infinix-xbook-b15-series-bl51a5-laptop-amd-r7-ppd1of1tf52e,2026-10-06T11:39:02.277106+00:00
Smartprix,Infinix,Infinix XBOOK B15 BL51A5 Laptop (AMD Ryzen 5 5500U/ 8GB/ 512GB SSD/ Win 11 Home),Notebook,15.6,1920x1080,,0,,AMD,Ryzen 5,5500U,5th Gen,,6,8,DDR4,512,SSD,,AMD,AMD,8,Integrated,Windows 11,,,599.88,49990,INR,https://www.smartprix.com/laptops/infinix-xbook-b15-bl51a5-laptop-amd-ryzen-ppd13xp7gvxz,2026-10-06T11:39:02.277106+00:00
Smartprix,Microsoft,Microsoft Surface Laptop Ultra (NVIDIA RTX Spark 20 Core CPU/ Windows 11),Notebook,15,3200x2000,,0,,,,,,,20,128,,1000,SSD,,Nvidia,NVIDIA RTX,128,,Windows 11,,,2999.99,249999,INR,https://www.smartprix.com/laptops/microsoft-surface-laptop-ultra-nvidia-rtx-ppd11oq2no08,2026-10-06T11:39:02.277106+00:00
Smartprix,Microsoft,Microsoft Surface Pro 9 QEZ-00065 Laptop (12th Gen Core i5/ 8GB/ 256GB SSD/ Win11),Notebook,13,2880x1920,,1,,Intel,Core i5,1235U,12th Gen,,10,8,LPDDR5,256,SSD,,Intel,Iris Xe,8,Integrated,Windows 11,,,1367.88,113990,INR,https://www.smartprix.com/laptops/microsoft-surface-pro-9-12th-gen-core-i5-ppd1xa4cnaqx,2026-10-06T11:39:02.277106+00:00
Smartprix,Microsoft,Microsoft Surface Pro 9 ‎QIL-00031 Laptop (12th Gen Core i7/ 16GB/ 256GB  SSD/ Win11),Notebook,13,2880x1920,,1,,Intel,Core i7,1255U,12th Gen,,10,16,LPDDR5,256,SSD,,Intel,Iris Xe,16,Integrated,Windows 11,,,1955.88,162990,INR,https://www.smartprix.com/laptops/microsoft-surface-pro-9-qil-00031-laptop-ppd1ue37xncb,2026-10-06T11:39:02.277106+00:00
Smartprix,Microsoft,Microsoft Surface Pro 9 ‎QCB-00014 Laptop (12th Gen Core i5/ 8GB/ 128GB SSD/ Win11),Notebook,13,2880x1920,,1,,Intel,Core i5,1235U,12th Gen,,10,8,LPDDR5,128,SSD,,Intel,Iris Xe,8,Integrated,Windows 11,,,1271.99,105999,INR,https://www.smartprix.com/laptops/microsoft-surface-pro-9-qcb-00014-laptop-ppd1v1vbx1j8,2026-10-06T11:39:02.277106+00:00
Smartprix,Microsoft,Microsoft Surface Pro 13 inch 2026 EP2-73230 2 in 1 Laptop (Snapdragon X2 Plus/ 16GB/ 256GB SSD/ Win11),2-in-1,13,2880x1920,,1,,Qualcomm,Snapdragon X2,Plus,Snapdragon,,10,16,LPDDR5X,256,SSD,,,,16,,Windows 11,,,2231.88,185990,INR,https://www.smartprix.com/laptops/microsoft-surface-pro-13-inch-2026-ep2-73230-ppd108twffjb,2026-10-06T11:39:02.277106+00:00
Smartprix,Microsoft,Microsoft Surface Pro 2026 13 inch EP2-65029 2 in 1 Laptop (Snapdragon X2 Elite/ 16GB/ 1TB SSD/ Win11),2-in-1,13,2880x1920,,1,,Qualcomm,Snapdragon X2,Elite,Snapdragon,,12,16,LPDDR5X,1000,SSD,,,,16,,Windows 11,,,2927.88,243990,INR,https://www.smartprix.com/laptops/microsoft-surface-pro-13-inch-ep2-65029-2-ppd1lt185g3b,2026-10-06T11:39:02.277106+00:00
Smartprix,Microsoft,Microsoft Surface Pro 2026 13 inch EP2-65137 2 in 1 Laptop (Snapdragon X2 Elite/ 16GB/ 512GB SSD/ Win11),2-in-1,13,2880x1920,,1,,Qualcomm,Snapdragon X2,Elite,Snapdragon,,12,16,LPDDR5X,512,SSD,,,,16,,Windows 11,,,2507.88,208990,INR,https://www.smartprix.com/laptops/microsoft-surface-pro-2026-13-inch-ep2-65137-ppd161awbmpt,2026-10-06T11:39:02.277106+00:00
Smartprix,Microsoft,Microsoft Surface Laptop 13.8 2026 EP2-59204 Laptop (Snapdragon X2 Plus/ 32GB/ 512GB SSD/ Win11),Notebook,13.8,2304x1536,,1,,Qualcomm,Snapdragon X2,Plus,Snapdragon,,10,32,LPDDR5X,512,SSD,,,,32,,Windows 11,,,3215.88,267990,INR,https://www.smartprix.com/laptops/microsoft-surface-laptop-13-8-2026-ep2-59204-ppd11a55k18l,2026-10-06T11:39:02.277106+00:00
Smartprix,Microsoft,Microsoft Surface Laptop 13.8 2026 EP2-59495 Laptop (Snapdragon X2 Elite/ 16GB/ 512 GB SSD/ Win11),Notebook,13.8,2304x1536,,1,,Qualcomm,Snapdragon X2,Elite,Snapdragon,,12,16,LPDDR5X,512,SSD,,,,16,,Windows 11,,,2363.88,196990,INR,https://www.smartprix.com/laptops/microsoft-surface-laptop-13-8-2026-ep2-59495-ppd1wcpdj3mc,2026-10-06T11:39:02.277106+00:00
Smartprix,Microsoft,Microsoft Surface Laptop 13.8 2026 EP2-59030 Laptop (Snapdragon X2 Plus/ 16GB/ 512GB SSD/ Win11),Notebook,13.8,2304x1536,,1,,Qualcomm,Snapdragon X2,Plus,Snapdragon,,10,16,LPDDR5X,512,SSD,,,,16,,Windows 11,,,2327.88,193990,INR,https://www.smartprix.com/laptops/microsoft-surface-laptop-13-8-2026-ep2-59030-ppd1pir4abkh,2026-10-06T11:39:02.277106+00:00
Smartprix,Microsoft,Microsoft Surface Laptop 15 2026 EP2-60906 Laptop (Snapdragon X2 Elite/ 24GB/ 512GB SSD/ Win11),Notebook,15,3270x2180,,1,,Qualcomm,Snapdragon X2,Elite,Snapdragon,,12,24,LPDDR5X,512,SSD,,,,24,,Windows 11,,,3107.88,258990,INR,https://www.smartprix.com/laptops/microsoft-surface-laptop-15-2026-ep2-60906-ppd1uh1re3tq,2026-10-06T11:39:02.277106+00:00
Smartprix,Microsoft,Microsoft Surface EP2-36996 Laptop (Snapdragon X Plus/ 16GB/ 256GB SSD/ Win11),Notebook,13,1920x1280,,1,,Qualcomm,Snapdragon X,Plus,Snapdragon,,,16,,256,SSD,,,,16,,Windows 11,,,1667.88,138990,INR,https://www.smartprix.com/laptops/microsoft-surface-ep2-36996-laptop-snapdragon-ppd1filkwk3k,2026-10-06T11:39:02.277106+00:00
Smartprix,Microsoft,Microsoft Surface Pro 12 EP2-27670 Laptop (Snapdragon X Plus/ 16GB/ 512GB SSD/ Win11),Notebook,12,2196x1464,,1,,Qualcomm,Snapdragon X,Plus,Snapdragon,,8,16,,512,SSD,,,,16,,Windows 11,,,1481.88,123490,INR,https://www.smartprix.com/laptops/microsoft-surface-pro-12-ep2-27670-laptop-ppd16594qfom,2026-10-06T11:39:02.277106+00:00
Smartprix,Microsoft,Microsoft Surface Pro 12 EP2-27654 Laptop (Snapdragon X Plus/ 16GB/ 256GB SSD/ Win11),Notebook,12,2196x1464,,1,,Qualcomm,Snapdragon X,Plus,Snapdragon,,8,16,,256,SSD,,,,16,,Windows 11,,,1487.88,123990,INR,https://www.smartprix.com/laptops/microsoft-surface-pro-12-ep2-27654-laptop-ppd15dg6ax6f,2026-10-06T11:39:02.277106+00:00
Smartprix,Microsoft,Microsoft Surface Pro 12 Laptop,Notebook,12,2196x1464,,1,,Qualcomm,Snapdragon X,Plus,Snapdragon,,8,16,LPDDR5X,256,SSD,,,,16,,Windows 11,,,815.88,67990,INR,https://www.smartprix.com/laptops/microsoft-surface-pro-12-laptop-ppd1qn26231l,2026-10-06T11:39:02.277106+00:00
Smartprix,Microsoft,Microsoft Surface Laptop 7 ‎ZGM-00023 (Snapdragon X Plus/ 16GB/ 512GB SSD/ Win11),Notebook,13.8,2304x1536,,1,,Qualcomm,Snapdragon X,Plus,Snapdragon,,10,16,LPDDR5X,512,SSD,,,,16,,Windows 11,,,1715.88,142990,INR,https://www.smartprix.com/laptops/microsoft-surface-laptop-7-zgm-00023-snapdragon-ppd1gdvbwaxv,2026-10-06T11:39:02.277106+00:00
Smartprix,Microsoft,Microsoft Surface Laptop 7 15 ‎ZHH-00048 (Snapdragon X Elite/ 16GB/ 512GB SSD/ Win11),Notebook,15,2496x1664,,1,,Qualcomm,Snapdragon X,Elite,Snapdragon,,12,16,LPDDR5X,512,SSD,,,,16,,Windows 11,,,1799.99,149999,INR,https://www.smartprix.com/laptops/microsoft-surface-laptop-7-15-zhh-00048-snapdragon-ppd17bfc4e61,2026-10-06T11:39:02.277106+00:00
Smartprix,Microsoft,Microsoft Surface Laptop 7 (Snapdragon X Elite/ 16GB/ 512GB SSD/ Win11),Notebook,13.8,2304x1536,,1,,Qualcomm,Snapdragon X,Elite,Snapdragon,,,16,LPDDR5X,512,SSD,,,,16,,Windows 11,,,1859.99,154999,INR,https://www.smartprix.com/laptops/microsoft-surface-laptop-7-snapdragon-x-elite-ppd189gj5ut0,2026-10-06T11:39:02.277106+00:00
Smartprix,Microsoft,Microsoft Surface Pro 11 Laptop (Snapdragon X Elite/ 16GB/ 512GB SSD/ Win11),Notebook,13,2880x1920,,1,,Qualcomm,Snapdragon X,Elite,Snapdragon,,12,16,LPDDR5X,512,SSD,,,,16,,Windows 11,,,2099.88,174990,INR,https://www.smartprix.com/laptops/microsoft-surface-pro-11-laptop-snapdragon-ppd1acqwtybk,2026-10-06T11:39:02.277106+00:00
Smartprix,Microsoft,Microsoft Surface Laptop 7 15 ‎ZHG-00023 (Snapdragon X Elite/ 16GB/ 256GB SSD/ Win11),Notebook,15,2496x1664,,1,,Qualcomm,Snapdragon X,Elite,Snapdragon,,12,16,LPDDR5X,256,SSD,,,,16,,Windows 11,,,1715.99,142999,INR,https://www.smartprix.com/laptops/microsoft-surface-laptop-7-zhg-00023-snapdragon-ppd1r8yqjxto,2026-10-06T11:39:02.277106+00:00
Smartprix,Lenovo,Lenovo Yoga Pro 9n Laptop (RTX Spark N1X/ 32GB/ 1TB SSD/ Win 11/ Blackwell GPU),2-in-1,,,,1,,,,,,,,32,,1000,SSD,,Nvidia,,32,,Windows 11,,,2999.99,249999,INR,https://www.smartprix.com/laptops/lenovo-yoga-pro-9n-laptop-rtx-spark-n1x-32gb-ppd1723cpntg,2026-10-06T11:39:02.277106+00:00
Smartprix,ASUS,Asus ProArt P16 H7607BA Laptop (NVIDIA RTX Spark Superchip/ 24GB/512GB SSD/ Win11 Home),Notebook,,,,0,,,,,,,,24,,512,SSD,,Nvidia,,24,,,,,2399.99,199999,INR,https://www.smartprix.com/laptops/asus-proart-p16-h7607ba-laptop-nvidia-rtx-ppd11h50cmjw,2026-10-06T11:39:02.277106+00:00
Smartprix,HP,HP Spectre x360 16-aa0664TX Laptop (Intel Core Ultra 7/ 32GB/ 1TB SSD/ Win11/ 6GB Graph),2-in-1,,,,1,,Intel,Core Ultra 7,,Meteor Lake,,,32,,1000,SSD,,Intel,Intel UHD Graphics,32,Integrated,,,,2697.88,224823,INR,https://www.smartprix.com/laptops/hp-spectre-x360-16-aa0664tx-laptop-intel-ppd1yl164ngj,2026-10-06T11:39:02.277106+00:00
Smartprix,,Huawei MateBook X Pro 2024 Laptop (Intel Core Ultra 9 185H/ 32GB/ 2TB SSD/ Win11 Home),Notebook,,,,0,,Intel,Core Ultra 9,185H,Meteor Lake,,,32,,2000,SSD,,Intel,Intel UHD Graphics,32,Integrated,,,,2267.88,188990,INR,https://www.smartprix.com/laptops/huawei-matebook-x-pro-2024-laptop-intel-core-ppd1ea4giuc0,2026-10-06T11:39:02.277106+00:00
Smartprix,Lenovo,Lenovo Yoga Pro 15 Spark Laptop (RTX Spark N1X/ 32GB/ 1TB SSD/ Win 11/ Blackwell GPU),2-in-1,,,,1,,,,,,,,32,,1000,SSD,,Nvidia,,32,,Windows 11,,,2999.99,249999,INR,https://www.smartprix.com/laptops/lenovo-yoga-pro-15-spark-laptop-rtx-spark-ppd1hzrbgfce,2026-10-06T11:39:02.277106+00:00
Smartprix,Microsoft,Microsoft Surface Laptop 6 (Intel Core Ultra 7 165H/ 16GB/ 512GB SSD/ Win11),Notebook,,,,0,,Intel,Core Ultra 7,165H,Meteor Lake,,,16,,512,SSD,,Intel,Intel UHD Graphics,16,Integrated,,,,2399.88,199990,INR,https://www.smartprix.com/laptops/microsoft-surface-laptop-6-intel-core-ultra-ppd1eo4ci10j,2026-10-06T11:39:02.277106+00:00
Smartprix,LG,LG Gram 14 2023 ‎14Z90R-G.CH75A2 Laptop (13th Gen Core i7/ 16GB/ 512GB SSD/ Win11),Ultrabook,14,1200x1920,,0,,Intel,Core i7,1360P,13th Gen,,12,16,LPDDR5,512,SSD,,Intel,Iris Xe,16,Integrated,Windows 11,,,1414.79,117899,INR,https://www.smartprix.com/laptops/lg-gram-14-2023-14z90r-g-ch75a2-laptop-13th-ppd1ryw4c15l,2026-10-06T11:39:02.277106+00:00
Smartprix,LG,LG Gram 16 2023 ‎16Z90R-G.CH75A2 Laptop (13th Gen Core i7/ 16GB/ 512GB SSD/ Win11),Ultrabook,16,1600x2560,,0,,Intel,Core i7,1360P,13th Gen,,12,16,LPDDR5,512,SSD,,Intel,Iris Xe,16,Integrated,Windows 11,,,1490.39,124199,INR,https://www.smartprix.com/laptops/lg-gram-16-2023-16z90r-g-ch75a2-laptop-12th-ppd1x8cw7vdl,2026-10-06T11:39:02.277106+00:00
Smartprix,LG,LG Gram 16 2023 16Z90R Laptop (13th Gen Core i7/ 16GB/ 1TB SSD/ Win11/ 4GB Graphics),Ultrabook,16,1600x2560,,0,,Intel,Core i7,1360P,13th Gen,,12,16,LPDDR5,1000,SSD,,Nvidia,RTX 3050,4,Ampere,Windows 11,,,1715.88,142990,INR,https://www.smartprix.com/laptops/lg-gram-16-2023-16z90r-laptop-12th-gen-core-ppd1clxbcswr,2026-10-06T11:39:02.277106+00:00
Smartprix,LG,LG Gram 14 2023 14Z90R Laptop (13th Gen Core i5/ 8GB/ 512GB SSD/ Win11),Ultrabook,14,1200x1920,,1,,Intel,Core i5,1340P,13th Gen,,12,8,LPDDR5,512,SSD,,Intel,Iris Xe,8,Integrated,Windows 11,,,1524.00,127000,INR,https://www.smartprix.com/laptops/lg-gram-14-2023-14z90r-laptop-13th-gen-core-ppd1xlnr307o,2026-10-06T11:39:02.277106+00:00
Smartprix,LG,LG Gram ‎‎16T90Q-G.AH75A2 Laptop (12th Gen Core i7/ 16GB/ 512GB SSD/ Win11),Ultrabook,16,2560x1600,,1,,Intel,Core i7,1260P,12th Gen,,12,16,LPDDR5,512,SSD,,Intel,Iris Xe,16,Integrated,Windows 11,,,1246.07,103839,INR,https://www.smartprix.com/laptops/lg-gram-16t90q-g-ah75a2-laptop-12th-gen-core-ppd10kdoa1pj,2026-10-06T11:39:02.277106+00:00
Smartprix,LG,LG Gram 16Z90Q-G.AJ54A2 Laptop (12th Gen Core i5/ 8GB/ 512GB SSD/ Win11),Ultrabook,16,1600x2560,,0,,Intel,Core i5,1240P,12th Gen,,12,8,LPDDR5,512,SSD,,Intel,Iris Xe,8,Integrated,Windows 11,,,863.93,71994,INR,https://www.smartprix.com/laptops/lg-gram-16z90q-g-aj54a2-laptop-12th-gen-core-ppd1w2oox7rk,2026-10-06T11:39:02.277106+00:00
Smartprix,LG,LG Gram 16Z90P-G.AJ64A2 Laptop (11th Gen Core i5/ 8GB/ 512GB SSD/ Win11 Home),Ultrabook,16,2560x1600,,0,,Intel,Core i5,1135G7,11th Gen,,4,8,DDR4,512,SSD,,Intel,Iris Xe,8,Integrated,Windows 11,,,1043.88,86990,INR,https://www.smartprix.com/laptops/lg-gram-16z90p-g-aj64a2-laptop-11th-gen-core-ppd1pw2k65mf,2026-10-06T11:39:02.277106+00:00
Smartprix,LG,LG Gram 16Z90P-G.AH75A2 Laptop (11th Gen Core i7/ 16GB/ 512GB SSD/ Win10 Home),Ultrabook,16,2560x1600,,0,,Intel,Core i7,1165G7,11th Gen,,4,16,LPDDR4X,512,SSD,,Intel,Iris Xe,16,Integrated,Windows 10,,,1079.88,89990,INR,https://www.smartprix.com/laptops/lg-gram-16z90p-g-ah75a2-laptop-11th-gen-core-ppd1p4hlxona,2026-10-06T11:39:02.277106+00:00
Smartprix,LG,LG Gram 17Z90P-G.AH75A2 Laptop (11th Gen Core i7/ 16GB/ 512GB SSD/ Win10 Home),Ultrabook,17,2560x1600,,0,,Intel,Core i7,1165G7,11th Gen,,4,16,LPDDR4X,512,SSD,,Intel,Iris Xe,16,Integrated,Windows 10,,,1293.60,107800,INR,https://www.smartprix.com/laptops/lg-gram-17z90p-g-ah75a2-laptop-11th-gen-core-ppd13s31eaaf,2026-10-06T11:39:02.277106+00:00
Smartprix,LG,LG Gram 17Z90P-G.AJ55A2 Laptop (11th Gen Core i5/ 8GB/ 512GB SSD/ Win10 Home),Ultrabook,17,2560x1600,,0,,Intel,Core i5,1135G7,11th Gen,,4,8,LPDDR4X,512,SSD,,Intel,Iris Xe,8,Integrated,Windows 10,,,881.88,73490,INR,https://www.smartprix.com/laptops/lg-gram-17z90p-g-aj55a2-laptop-11th-gen-core-ppd1mblsnwz2,2026-10-06T11:39:02.277106+00:00
Smartprix,LG,LG Gram 16Z90P-G.AJ55A2 Laptop (11th Gen Core i5/ 8GB/ 512GB SSD/ Win10 Home),Ultrabook,16,2560x1600,,0,,Intel,Core i5,1135G7,11th Gen,,4,8,LPDDR4X,512,SSD,,Intel,Iris Xe,8,Integrated,Windows 10,,,803.88,66990,INR,https://www.smartprix.com/laptops/lg-gram-16z90p-g-aj55a2-laptop-11th-gen-core-ppd1y5b27nfr,2026-10-06T11:39:02.277106+00:00
Smartprix,LG,LG Gram 17Z90N Laptop (10th Gen Core i7/ 8GB/ 512GB SSD/ Win10),Ultrabook,17,2560x1600,,0,,Intel,Core i7,1065G7,10th Gen,,4,8,DDR4,512,SSD,,Intel,Iris Plus,8,Integrated,Windows 10,,,1199.88,99990,INR,https://www.smartprix.com/laptops/lg-gram-17z90n-laptop-10th-gen-core-i7-8gb-ppd1cu7l80i5,2026-10-06T11:39:02.277106+00:00
Smartprix,LG,LG Gram 14Z90N Laptop (10th Gen Core i5/ 8GB/ 256GB SSD/ Win10 Home),Ultrabook,14,1920x1080,,0,,Intel,Core i5,1035G7,10th Gen,,4,8,DDR4,256,SSD,,Intel,Iris Plus,8,Integrated,Windows 10,,,1188.00,99000,INR,https://www.smartprix.com/laptops/lg-gram-14z90n-laptop-10th-gen-core-i5-8gb-ppd1004j4l0i,2026-10-06T11:39:02.277106+00:00
Smartprix,LG,LG Gram 14Z990 Laptop (8th Gen Core i5/ 8GB/ 256GB SSD/ Win10),Ultrabook,14,1920x1080,,0,,Intel,Core i5,8265U,8th Gen,,4,8,DDR4,256,SSD,,Intel,UHD Graphics 620,8,Integrated,Windows 10,,,659.88,54990,INR,https://www.smartprix.com/laptops/lg-gram-14z990-laptop-8th-gen-core-i5-8gb-ppd1m0g6loug,2026-10-06T11:39:02.277106+00:00
Smartprix,LG,LG Gram 14 2023 ‎‎14Z90R-G.CH54A2 Laptop (13th Gen Core i5/ 16GB/ 512GB SSD/ Win11),Ultrabook,14,1200x1920,,0,,Intel,Core i5,1340P,13th Gen,,12,16,LPDDR5,512,SSD,,Intel,Iris Xe,16,Integrated,Windows 11,,,1187.99,98999,INR,https://www.smartprix.com/laptops/lg-gram-14-2023-14z90r-g-ch54a2-laptop-13th-ppd1ct28lk4u,2026-10-06T11:39:02.277106+00:00
Smartprix,LG,LG Gram Style 14 14Z90RS-G.CH74A2 Laptop (13th Gen Core i7/ 16GB/ 512GB SSD/ Win11),Ultrabook,14,2880x1800,,0,,Intel,Core i7,1360P,13th Gen,,12,16,LPDDR5,512,SSD,,Intel,Iris Xe,16,Integrated,Windows 11,,,1199.99,99999,INR,https://www.smartprix.com/laptops/lg-gram-style-14-14z90rs-g-ch74a2-laptop-ppd1cfn96xn7,2026-10-06T11:39:02.277106+00:00
Smartprix,LG,LG gram360 16 Laptop (13th Gen Core i7/ 16GB/ 1TB SSD/ Win11),Ultrabook,16,1600x2560,,1,,Intel,Core i7,1360P,13th Gen,,12,16,LPDDR5,1000,SSD,,Intel,Iris Xe,16,Integrated,Windows 11,,,1555.49,129624,INR,https://www.smartprix.com/laptops/lg-gram360-16-laptop-13th-gen-core-i7-16gb-ppd1t2prmdzm,2026-10-06T11:39:02.277106+00:00
Smartprix,LG,LG UltraPC 16 16U70R-G.AH76A2 Laptop (AMD Ryzen7-7730U/ 16GB/ 512GB SSD/ Win11),Notebook,16,1920x1200,,0,,AMD,Ryzen 7,7730U,7th Gen,,8,16,DDR4,512,SSD,,AMD,7 Graphics,16,Integrated,Windows 11,,,1077.59,89799,INR,https://www.smartprix.com/laptops/lg-ultrapc-16-16u70r-g-ah76a2-laptop-amd-ppd12grnrdwh,2026-10-06T11:39:02.277106+00:00
Smartprix,LG,LG UltraPC 16 ‎16U70R-G.AH56A2 Laptop (AMD Ryzen5-7530U/ 16GB/ 512GB SSD/ Win11),Notebook,16,1920x1200,,0,,AMD,Ryzen 5,7530U,7th Gen,,6,16,DDR4,512,SSD,,AMD,7 Graphics,16,Integrated,Windows 11,,,798.65,66554,INR,https://www.smartprix.com/laptops/lg-ultrapc-16-16u70r-g-ah56a2-laptop-amd-ppd1sqq0hgpd,2026-10-06T11:39:02.277106+00:00
Smartprix,LG,LG Gram 16 2023 ‎16Z90R-G.CH78A2 Laptop (13th Gen Core i7/ 16GB/1TB SSD/ Win11),Ultrabook,16,1600x2560,,0,,Intel,Core i7,1360P,13th Gen,,12,16,LPDDR5,1000,SSD,,Intel,Iris Xe,16,Integrated,Windows 11,,,1544.39,128699,INR,https://www.smartprix.com/laptops/lg-gram-16-2023-16z90r-g-ch78a2-laptop-13th-ppd1meiuqc4j,2026-10-06T11:39:02.277106+00:00
Smartprix,Honor,Honor MagicBook X14 Pro 2024 ‎FRI-G56 Laptop (13th Gen Core i5/ 16GB/ 512GB SSD/ Win11 Home),Notebook,14,1920x1200,,0,,Intel,Core i5,13420H,13th Gen,,8,16,,512,SSD,,Intel,UHD Graphics,16,Integrated,Windows 11,,,515.99,42999,INR,https://www.smartprix.com/laptops/honor-magicbook-x14-pro-2024-laptop-13th-ppd1pe9idx0j,2026-10-06T11:39:02.277106+00:00
Smartprix,Honor,Honor MagicBook Art 14 2024 Laptop (Intel Core Ultra 5 125H/ 32GB/ 1TB SSD/ Win11 Home),Notebook,14.6,3120x2080,,1,,Intel,Core Ultra 5,Intel ARC Graphics,Meteor Lake,,14,32,LPDDR5,1000,SSD,,Intel,Arc Graphics,32,Alchemist,Windows 11,,,1175.88,97990,INR,https://www.smartprix.com/laptops/honor-magicbook-art-14-2024-laptop-intel-ppd16anxjocc,2026-10-06T11:39:02.277106+00:00
Smartprix,Honor,Honor Notebook X16 Plus 2026 Laptop (Intel Core Ultra 5 325/ 16GB/ 1TB SSD/ Win 11),Notebook,16,2560x1600,,0,,Intel,Core Ultra 5,325,Panther Lake,,8,16,LPDDR5X,1000,SSD,,Intel,Intel Graphics,16,,Windows 11,,,1115.99,92999,INR,https://www.smartprix.com/laptops/honor-notebook-x16-plus-2026-laptop-intel-ppd1j6ukixnn,2026-10-06T11:39:02.277106+00:00
Smartprix,Honor,Honor Notebook X14 Plus 2026 Laptop (Intel Core Ultra 5 325/ 16GB/ 1TB SSD/ Win 11),Notebook,14,2880x1800,,0,,Intel,Core Ultra 5,325,Panther Lake,,8,16,LPDDR5X,1000,SSD,,Intel,Intel Graphics,16,,Windows 11,,,1079.99,89999,INR,https://www.smartprix.com/laptops/honor-notebook-x14-plus-2026-laptop-intel-ppd1mulmcmpu,2026-10-06T11:39:02.277106+00:00
Smartprix,Honor,Honor MagicBook Pro 16 2025 Laptop (Intel Core Ultra 9-285H/ 32GB/ 1TB SSD/ Win11),Notebook,16,3072x1920,,0,,Intel,Core Ultra 9,Intel 285H,Arrow Lake,,16,32,LPDDR5X,1000,SSD,,Intel,Arc 140T,32,Alchemist,Windows 11,,,1163.99,96999,INR,https://www.smartprix.com/laptops/honor-magicbook-pro-16-2025-laptop-intel-ppd1bqxvn824,2026-10-06T11:39:02.277106+00:00
Smartprix,Honor,Honor MagicBook Pro 16 2025 Hunter Edition Gaming Laptop (Intel Core Ultra 9-285H/ 32GB/ 1TB SSD/ Win11/ 8GB Graphics),Gaming,16,3072x1920,,0,,Intel,Core Ultra 9,Intel 285H,Arrow Lake,,16,32,LPDDR5X,1000,SSD,,Nvidia,RTX 5070,8,Blackwell,Windows 11,,,1727.99,143999,INR,https://www.smartprix.com/laptops/honor-magicbook-pro-16-2025-hunter-edition-ppd1cccw03uh,2026-10-06T11:39:02.277106+00:00
Smartprix,Honor,Honor MagicBook Art 14 2024 Laptop (Snapdragon X Elite/ 32GB/ 1TB SSD/ Win11 Home),Notebook,14.6,3120x2080,,1,,Qualcomm,Snapdragon X,Elite,Snapdragon,,,32,LPDDR5,1000,SSD,,,Qualcomm Adreno Graphics,32,,Windows 11,,,1079.88,89990,INR,https://www.smartprix.com/laptops/honor-magicbook-art-14-2024-laptop-snapdragon-ppd13a8at0ct,2026-10-06T11:39:02.277106+00:00
Smartprix,Honor,Honor MagicBook X14 Pro 2024 FRI-G58 Laptop (13th Gen Core i5/ 8GB/ 512GB SSD/ Win11 Home),Notebook,14,1920x1200,,0,,Intel,Core i5,13420H,13th Gen,,8,8,,512,SSD,,Intel,UHD Graphics,8,Integrated,Windows 11,,,539.88,44990,INR,https://www.smartprix.com/laptops/honor-magicbook-x14-pro-2024-fri-g58-laptop-ppd1otv8f8xl,2026-10-06T11:39:02.277106+00:00
Smartprix,Honor,Honor MagicBook X16 Pro 2024 BRN-G58 Laptop (13th Gen Core i5/ 8GB/ 512GB SSD/ Win11 Home),Notebook,16,1920x1200,,0,,Intel,Core i5,13420H,13th Gen,,8,8,LPDDR4X,512,SSD,,Intel,UHD Graphics,8,Integrated,Windows 11,,,759.20,63267,INR,https://www.smartprix.com/laptops/honor-magicbook-x16-pro-2024-brn-g58-laptop-ppd1r7n2cstl,2026-10-06T11:39:02.277106+00:00
Smartprix,Honor,Honor MagicBook X16 Pro 2024 ‎BRN-G56 Laptop (13th Gen Core i5/ 16GB/ 512GB SSD/ Win11 Home),Notebook,16,1920x1200,,0,,Intel,Core i5,13420H,13th Gen,,8,16,LPDDR4X,512,SSD,,Intel,UHD Graphics,16,Integrated,Windows 11,,,707.88,58990,INR,https://www.smartprix.com/laptops/honor-magicbook-x16-pro-2024-laptop-13th-ppd1nsgc68fc,2026-10-06T11:39:02.277106+00:00
Smartprix,Honor,Honor MagicBook 15 BMH-WFQ9HN Laptop (AMD Ryzen 5 5500U/ 16GB/ 512GB SSD/ Win11),Notebook,15.6,1920x1080,,0,,AMD,Ryzen 5,5500U,5th Gen,,6,16,DDR4,512,SSD,,AMD,AMD Radeon,16,Integrated,Windows 11,,,395.88,32990,INR,https://www.smartprix.com/laptops/honor-magicbook-15-bmh-wfq9hn-laptop-amd-ppd1zwu1rs67,2026-10-06T11:39:02.277106+00:00
Smartprix,Honor,Honor MagicBook X14 2023 ‎‎FRI-F58 Laptop (12th Gen Core i5/ 8GB/ 512GB SSD/ Win11 Home),Notebook,14,1920x1200,,0,,Intel,Core i5,12450H,12th Gen,,8,8,DDR4,512,SSD,,Intel,UHD Graphics,8,Integrated,Windows 11,,,685.22,57102,INR,https://www.smartprix.com/laptops/honor-magicbook-x14-2023-fri-f58-laptop-12th-ppd19gvu580a,2026-10-06T11:39:02.277106+00:00
Smartprix,Honor,Honor MagicBook X14 2023 ‎FRI-F56 Laptop (12th Gen Core i5/ 16GB/ 512GB SSD/ Win11 Home),Notebook,14,1920x1200,,0,,Intel,Core i5,12450H,12th Gen,,8,16,DDR4,512,SSD,,Intel,UHD Graphics,16,Integrated,Windows 11,,,599.88,49990,INR,https://www.smartprix.com/laptops/honor-magicbook-x14-2023-fri-f56-laptop-12th-ppd1kl9ie85d,2026-10-06T11:39:02.277106+00:00
Smartprix,Honor,Honor MagicBook X14 Laptop (10th Gen Core i5/ 8GB/ 512GB SSD/ Win10 Home),Notebook,14,1920x1080,,0,,Intel,Core i5,10210U,10th Gen,,4,8,DDR4,512,SSD,,Intel,UHD Graphics,8,Integrated,Windows 10,,,474.11,39509,INR,https://www.smartprix.com/laptops/honor-magicbook-x14-laptop-10th-gen-core-i5-ppd1lu9n9yw7,2026-10-06T11:39:02.277106+00:00
Smartprix,Honor,Honor MagicBook Pro 2019 Laptop (Ryzen 7 3750H/ 16GB/ 512GB SSD/ Win10),Notebook,16.1,1920x1080,,0,,AMD,Ryzen 7,3750H,3rd Gen,,4,16,DDR4,512,SSD,,AMD,RX Vega 10,16,Integrated,Windows 10,,,628.32,52360,INR,https://www.smartprix.com/laptops/honor-magicbook-pro-2019-laptop-ryzen-7-3750h-ppd1wbkd1150,2026-10-06T11:39:02.277106+00:00
Smartprix,Honor,Honor MagicBook Pro 16 Laptop (8th Gen Core i7/ 8GB/ 512GB SSD/ Win10/ 2GB Graph),Notebook,16.1,1920x1080,,0,,Intel,Core i7,8th Gen Intel Core i7,8th Gen,,4,8,DDR4,512,SSD,,Nvidia,MX 250,2,Entry Discrete,Windows 10,,,743.99,61999,INR,https://www.smartprix.com/laptops/honor-magicbook-pro-16-laptop-8th-gen-core-ppd13mr6r8or,2026-10-06T11:39:02.277106+00:00
Smartprix,Honor,Honor MagicBook Pro 16 Laptop (8th Gen Core i7/ 16GB/ 1TB SSD/ Win10/ 2GB Graph),Notebook,16.1,1920x1080,,0,,Intel,Core i7,8th Gen Intel Core i7,8th Gen,,4,16,DDR4,1000,SSD,,Nvidia,MX 250,2,Entry Discrete,Windows 10,,,959.99,79999,INR,https://www.smartprix.com/laptops/honor-magicbook-pro-16-laptop-8th-gen-core-ppd1p32xm25k,2026-10-06T11:39:02.277106+00:00
Smartprix,Honor,Honor MagicBook Pro 16 Laptop (8th Gen Core i5/ 8GB/ 512GB SSD/ Win10/ 2GB Graph),Notebook,16.1,1920x1080,,0,,Intel,Core i5,8th Gen Intel Core i5,8th Gen,,4,8,DDR4,512,SSD,,Nvidia,MX 250,2,Entry Discrete,Windows 10,,,659.99,54999,INR,https://www.smartprix.com/laptops/honor-magicbook-pro-16-laptop-8th-gen-core-ppd1qj5uc219,2026-10-06T11:39:02.277106+00:00
Smartprix,Honor,Honor MagicBook X16 2024 ‎Laptop (12th Gen Core i5/ 16GB/ 512GB SSD/ Win11 Home),Notebook,16,1920x1200,,0,,Intel,Core i5,12450H,12th Gen,,8,16,LPDDR4X,512,SSD,,Intel,UHD Graphics,16,Integrated,Windows 11,,,544.36,45363,INR,https://www.smartprix.com/laptops/honor-magicbook-x16-2024-laptop-12th-gen-i5-16gb-ppd1dpf0qykr,2026-10-06T11:39:02.277106+00:00
Smartprix,Honor,Honor MagicBook X16 2024 ‎Laptop (12th Gen Core i5/ 8GB/ 512GB SSD/ Win11 Home),Notebook,16,1920x1200,,0,,Intel,Core i5,12450H,12th Gen,,8,8,LPDDR4X,512,SSD,,Intel,UHD Graphics,8,Integrated,Windows 11,,,563.88,46990,INR,https://www.smartprix.com/laptops/honor-magicbook-x16-2024-laptop-12th-gen-ppd1kbwlyrnj,2026-10-06T11:39:02.277106+00:00
Smartprix,ASUS,Asus Vivobook Go 15 OLED 2023 E1504FA-LK541WS Laptop (Ryzen 5 7520U / 16GB/ 512GB SSD/ Win11 Home),Notebook,,,OLED,0,,AMD,Ryzen 5,7520U,Zen 4,,,16,,512,SSD,,AMD,AMD Radeon Graphics,16,Integrated,,,,834.00,69500,INR,https://www.smartprix.com/laptops/asus-vivobook-go-15-oled-2023-e1504fa-lk541ws-ppd1pev6k6o1,2026-10-06T11:39:02.277106+00:00
Smartprix,ASUS,Asus Vivobook 15 X1504ZA-NJ521WS Laptop (12th Gen Core i5/ 8GB/ 512GB SSD/ Win11),Notebook,,,,0,,Intel,Core i5,,12th Gen,,,8,,512,SSD,,Intel,Intel Iris Xe Graphics,8,Integrated,,,,911.88,75990,INR,https://www.smartprix.com/laptops/asus-vivobook-15-x1504za-nj521ws-laptop-12th-ppd163dbzxwx,2026-10-06T11:39:02.277106+00:00
Smartprix,,Jio JioBook NB1112MM BLU 2023 Netbook Laptop (Octa Core/ 4GB/ 64GB eMMC/ JioOS),Notebook,11.6,1366x768,,0,,,,Octa Core,,,8,4,LPDDR4,64,EMMC,64,,,4,,,,,131.88,10990,INR,https://www.smartprix.com/laptops/jio-jiobook-2023-netbook-laptop-octa-core-ppd1cnob6bhq,2026-10-06T11:39:02.277106+00:00
Smartprix,Lenovo,Lenovo Chromebook 82UY0014HA Laptop (Intel Celeron N4500/ 4GB/ 64GB/ Chrome OS),Chromebook,11.6,1366x768,,0,,Intel,Celeron,N4500,Budget,,2,4,LPDDR4X,64,EMMC,,Intel,UHD Graphics,4,Integrated,Chrome OS,,,203.88,16990,INR,https://www.smartprix.com/laptops/lenovo-chromebook-82uy0014ha-laptop-intel-ppd13di9um7t,2026-10-06T11:39:02.277106+00:00
Smartprix,ASUS,Asus Chromebook CX15 CX1505CTA-S70256 Laptop (Intel Celeron N50/ 4GB/ 64GB EMMC/ Chrome OS),Chromebook,15.6,1920x1080,,0,,Intel,Celeron,N50,Budget,,,4,LPDDR5,64,EMMC,,Intel,UHD Graphics,4,Integrated,Chrome OS,,,299.88,24990,INR,https://www.smartprix.com/laptops/asus-chromebook-cx15-cx1505cta-s70256-laptop-ppd1no3tgcej,2026-10-06T11:39:02.277106+00:00
Smartprix,Lenovo,Lenovo 100e Chromebook Gen 4 82W00004HA Laptop (MediaTek Kompanio 520/ 4GB/ 32GB EMMC/ Chrome OS),Chromebook,11.6,1366x768,,0,,,,,,,,4,LPDDR4X,32,EMMC,,,,4,,Chrome OS,,,184.22,15352,INR,https://www.smartprix.com/laptops/lenovo-100e-chromebook-gen-4-82w00004ha-laptop-ppd1rwcr7ybb,2026-10-06T11:39:02.277106+00:00
Smartprix,HP,HP Chromebook 11MK G9 EE Laptop (MediaTek MT8183/ 4GB/ 32GB eMMC/ Chrome OS),Chromebook,11.6,1366x768,,0,,,,Octa Core,,,8,4,LPDDR4X,32,EMMC,,,,4,,Chrome OS,,,215.88,17990,INR,https://www.smartprix.com/laptops/hp-chromebook-11mk-g9-ee-laptop-mediatek-ppd151ec6yfa,2026-10-06T11:39:02.277106+00:00
Smartprix,Acer,Acer Chromebook CO731 Laptop (Intel Celeron- N4500/ 4GB/ 32GB eMMC/ Chrome OS),Chromebook,11.6,1366x768,,0,,Intel,Celeron,N4500,Budget,,2,4,LPDDR4,32,EMMC,,Intel,HD Graphics 11,4,Integrated,Chrome OS,,,191.88,15990,INR,https://www.smartprix.com/laptops/acer-chromebook-co731-laptop-intel-celeron-ppd1edh9dx72,2026-10-06T11:39:02.277106+00:00
Smartprix,HP,HP Chromebook 14a-nm0006MU Laptop (MediaTek Kompanio 540/ 4GB/ 128GB SSD/ Chrome OS),Chromebook,14,1366x768,,1,,,,,,,,4,LPDDR5,128,SSD,,,,4,,Chrome OS,,,359.88,29990,INR,https://www.smartprix.com/laptops/hp-chromebook-14a-nm0006mu-laptop-mediatek-ppd1ac4ih2cw,2026-10-06T11:39:02.277106+00:00
Smartprix,ASUS,Asus Googlebook Laptop (Intel Processor/ 8GB/ 128GB/Android OS),Notebook,14,1920x1080,,0,,Intel,,Intel,,,,8,LPDDR5,128,EMMC,,Intel,UHD Graphics,8,Integrated,Chrome OS,,,359.99,29999,INR,https://www.smartprix.com/laptops/asus-googlebook-laptop-intel-processor-8gb-ppd12agdy5p1,2026-10-06T11:39:02.277106+00:00
Smartprix,ASUS,Asus Chromebook CX1405CKA-S60342 Laptop (Intel Celeron N4500/ 4GB/ 64GB EMMC/ Chrome OS),Chromebook,14,1920x1080,,0,,Intel,Celeron,N4500,Budget,,2,4,,64,EMMC,,Intel,UHD Graphics,4,Integrated,Chrome OS,,,341.10,28425,INR,https://www.smartprix.com/laptops/asus-chromebook-cx1405cka-s60342-laptop-intel-ppd1o7jmbo02,2026-10-06T11:39:02.277106+00:00
Smartprix,Primebook,Primebook PBMTWIFI11064 Wi-Fi Laptop (MediaTek MT8183/ 4GB/ 64B eMMC/ Prime OS),Notebook,11.6,1366x768,,0,,,,Octa Core,,,8,4,LPDDR4,64,EMMC,,,,4,,,,,209.88,17490,INR,https://www.smartprix.com/laptops/primebook-pbmtwifi11064-wi-fi-laptop-mediatek-ppd1lbmdd76r,2026-10-06T11:39:02.277106+00:00
Smartprix,Lenovo,Lenovo IdeaPad 3 81WQ0099IN Laptop (Celeron Dual Core/ 4GB/ 256GB SSD/ Win10 Home),Notebook,15.6,1920x1080,,0,,Intel,Celeron,N4020,Budget,,2,4,DDR4,256,SSD,,Intel,UHD Graphics,4,Integrated,Windows 10,,,335.88,27990,INR,https://www.smartprix.com/laptops/lenovo-ideapad-3-81wq0099in-laptop-celeron-ppd16esodoub,2026-10-06T11:39:02.277106+00:00
Smartprix,Lenovo,Lenovo 100e Chromebook Gen 4 82W0000PUS Laptop (MediaTek Kompanio 520/ 8GB/ 64GB EMMC/ Chrome OS),Chromebook,11.6,1366x768,,0,,,,,,,,8,LPDDR4X,64,EMMC,,,,8,,Chrome OS,,,344.28,28690,INR,https://www.smartprix.com/laptops/lenovo-100e-chromebook-gen-4-82w0000pus-laptop-ppd1bhufxxeo,2026-10-06T11:39:02.277106+00:00
Smartprix,Primebook,Primebook 2 Max 2026 Laptop (MediaTek Helio G99/ 8GB/ 128GB UFS / PrimeOS),Notebook,15.6,1920x1080,,0,,,,,,,,8,LPDDR4X,128,SSD,,,,8,,,,,335.88,27990,INR,https://www.smartprix.com/laptops/primebook-2-max-2026-laptop-mediatek-helio-ppd1hfgvyftc,2026-10-06T11:39:02.277106+00:00
Smartprix,Acer,Acer Chromebook CO731 Laptop (Celeron- N4500/ 4GB/ 64GB eMMC/ Chrome OS),Chromebook,11.6,1366x768,,0,,Intel,Celeron,N4500,Budget,,2,4,LPDDR4,64,EMMC,,Intel,HD Graphics 11,4,Integrated,Chrome OS,,,215.88,17990,INR,https://www.smartprix.com/laptops/acer-chromebook-co731-laptop-celeron-n4500-ppd12j2pt29w,2026-10-06T11:39:02.277106+00:00
Smartprix,ASUS,Asus Chromebook 2026 CM1405CM4A-S60034 Laptop (MediaTek Kompanio 540/ 4GB/ 64GB/ Chrome OS),Chromebook,14,1920x1080,,0,,Apple,M1,M1,M1,,,4,,64,EMMC,,Apple,M1  GPU,4,M1,Chrome OS,,,347.88,28990,INR,https://www.smartprix.com/laptops/asus-chromebook-2026-cm1405cm4a-s60034-laptop-ppd1xmqz8u0x,2026-10-06T11:39:02.277106+00:00
Smartprix,Primebook,Primebook 3 Max 2026 Laptop (MediaTek Genio 720/ 8GB/ 128GB UFS / PrimeOS),Notebook,15.6,1920x1080,,0,,,,Octa Core,,,8,8,LPDDR5,128,SSD,,,,8,,,,,431.88,35990,INR,https://www.smartprix.com/laptops/primebook-3-max-2026-laptop-mediatek-genio-ppd1414o2noe,2026-10-06T11:39:02.277106+00:00
Smartprix,Lenovo,Lenovo Ideapad Slim 3 15ITL05 81X800N1IN Laptop (11th Gen Core i3/ 8GB/ 512GB SSD/ Win11),Ultrabook,15.6,1920x1080,,0,,Intel,Core i3,1115G4,11th Gen,,2,8,DDR4,512,SSD,,Intel,Iris Xe,8,Integrated,Windows 11,,,454.68,37890,INR,https://www.smartprix.com/laptops/lenovo-ideapad-slim-3-15itl05-81x800n1in-ppd1o6spnu3q,2026-10-06T11:39:02.277106+00:00
Smartprix,Avita,Avita Liber E AM14A2INF56F Laptop (12th Gen Core i5/ 8GB/ 512GB SSD/ Win11 Home),Notebook,14.1,1920x1080,,0,,Intel,Core i5,1235U,12th Gen,,10,8,DDR4,512,SSD,,Intel,Iris Xe,8,Integrated,Windows 11,,,419.88,34990,INR,https://www.smartprix.com/laptops/avita-liber-e-am14a2inf56f-laptop-12th-gen-ppd1j3s18myv,2026-10-06T11:39:02.277106+00:00
Smartprix,Lenovo,Lenovo IdeaPad Slim 1 82R10049IN Laptop (AMD Ryzen 3 3250U/ 8GB/ 512GB SSD/ Win11 Home),Ultrabook,15.6,1920x1080,,0,,AMD,Ryzen 3,3250U,3rd Gen,,2,8,DDR4,512,SSD,,AMD,Graphics,8,Integrated,Windows 11,,,401.88,33490,INR,https://www.smartprix.com/laptops/lenovo-ideapad-slim-1-82r10049in-laptop-amd-ppd1nxzayebe,2026-10-06T11:39:02.277106+00:00
Smartprix,Acer,Acer Aspire 3 A325-39 UN.382SI.002 Laptop (AMD Ryzen 3 3200U/ 8GB/ 256GB SSD/ Win11),Notebook,15.6,1920x1080,,0,,AMD,Ryzen 3,3200U,3rd Gen,,2,8,DDR4,256,SSD,,AMD,Vega,8,Integrated,Windows 11,,,419.88,34990,INR,https://www.smartprix.com/laptops/acer-aspire-3-a325-39-un-382si-002-laptop-ppd19s8ypwv2,2026-10-06T11:39:02.277106+00:00
Smartprix,Acer,Acer TravelLite TL04-41M Laptop (AMD Ryzen 3 5400U/ 8GB/ 256GB SSD/ Win11),Notebook,14,1920x1080,,0,,AMD,Ryzen 3,5400U,5th Gen,,,8,,256,SSD,,AMD,Graphics,8,Integrated,Windows 11,,,479.99,39999,INR,https://www.smartprix.com/laptops/acer-travellite-tl04-41m-laptop-amd-ryzen-ppd1wnjyt6g5,2026-10-06T11:39:02.277106+00:00
Smartprix,Acer,Acer One 15 AO15-41M Laptop (AMD Ryzen 3 7320U/ 8GB/ 256GB SSD/ Win11),Notebook,15.6,1920x1080,,0,,AMD,Ryzen 3,7320U,7th Gen,,4,8,,256,SSD,,AMD,610M,8,Integrated,Windows 11,,,454.56,37880,INR,https://www.smartprix.com/laptops/acer-one-15-ao15-41m-laptop-amd-ryzen-3-7320u-ppd1t1ksipo0,2026-10-06T11:39:02.277106+00:00
Smartprix,Acer,Acer 15 Aspire Lite AL15-41 Laptop (AMD Ryzen 5 5625U/ 8GB/ 512GB SSD/ Win11),Notebook,,,,0,,AMD,Ryzen 5,5625U,Zen 3,,,8,,512,SSD,,AMD,AMD Radeon Graphics,8,Integrated,,,,526.80,43900,INR,https://www.smartprix.com/laptops/acer-15-aspire-lite-al15-41-laptop-amd-ryzen-8gb-ppd1c374w2kb,2026-10-06T11:39:02.277106+00:00
Smartprix,Acer,Acer Aspire 3 A315-58 Laptop (11th Gen Core i5/ 8GB/ 1TB HDD/ Win11 Home),Notebook,,,,0,,Intel,Core i5,,11th Gen,,,8,,1000,HDD,,Intel,Intel Iris Xe Graphics,8,Integrated,,,,527.88,43990,INR,https://www.smartprix.com/laptops/acer-aspire-3-a315-58-laptop-11th-gen-core-i5-8gb-ppd16id6hcu1,2026-10-06T11:39:02.277106+00:00
Smartprix,ASUS,Asus Vivobook Go 15 OLED 2023 E1504FA-LK322WS Laptop (Ryzen 3 7320U / 8GB/ 512GB SSD/ Win11 Home),Notebook,15.6,1920x1080,OLED,0,,AMD,Ryzen 3,7320U,7th Gen,,4,8,LPDDR5,512,SSD,,AMD,AMD,8,Integrated,Windows 11,,,551.88,45990,INR,https://www.smartprix.com/laptops/asus-vivobook-go-15-oled-2023-e1504fa-lk322ws-ppd16sz9k8ba,2026-10-06T11:39:02.277106+00:00
Smartprix,ASUS,Asus Expertbook P1 14 P1403CVA-S60343WS Laptop (13th Gen Core i3/ 8GB/ 512GB/ Win11),Notebook,14,1920x1080,,0,,Intel,Core i3,1315U,13th Gen,,6,8,DDR5,512,SSD,,Intel,UHD Graphics,8,Integrated,Windows 11,,,575.88,47990,INR,https://www.smartprix.com/laptops/asus-expertbook-p1-14-p1403cva-s60343ws-laptop-ppd19kteq3ay,2026-10-06T11:39:02.277106+00:00
Smartprix,Lenovo,Lenovo IdeaPad Slim 3 15AMN8 82XQ00MCIN Laptop (AMD Ryzen 3 7320U/ 8GB/ 512GB SSD/ Win11 Home),Ultrabook,15.6,1920x1080,,0,,AMD,Ryzen 3,7320U,7th Gen,,4,8,LPDDR5,512,SSD,,AMD,Graphics,8,Integrated,Windows 11,,,563.88,46990,INR,https://www.smartprix.com/laptops/lenovo-ideapad-slim-3-15amn8-82xq00mcin-laptop-ppd18qzids1v,2026-10-06T11:39:02.277106+00:00
Smartprix,ASUS,Asus Vivobook Go 15 E1504FA-BQ2523WS Laptop (AMD Ryzen 5 7520U / 8GB/ 512GB SSD/ Win11 Home),Notebook,15.6,1920x1080,,0,,AMD,Ryzen 5,7520U,7th Gen,,4,8,LPDDR5,512,SSD,,AMD,AMD Radeon,8,Integrated,Windows 11,,,563.88,46990,INR,https://www.smartprix.com/laptops/asus-vivobook-go-15-e1504fa-bq2523ws-laptop-ppd1t9rw0t5r,2026-10-06T11:39:02.277106+00:00
Smartprix,HP,HP 255 G10 B1FW9PT Laptop (AMD Ryzen 3 7320U/ 8GB/ 512GB SSD/ Win11),Notebook,15.6,1366x768,,0,,AMD,Ryzen 3,7320U,7th Gen,,4,8,DDR4,512,SSD,,AMD,Graphics,8,Integrated,Windows 11,,,597.00,49750,INR,https://www.smartprix.com/laptops/hp-255-g10-b1fw9pt-laptop-amd-ryzen-3-7320u-ppd1k7ozj6s9,2026-10-06T11:39:02.277106+00:00
Smartprix,HP,HP 15-fc0154AU Laptop (AMD Ryzen 3 7320U/ 8GB/ 512GB SSD/ Win11 Home),Notebook,15.6,1920x1080,,0,,AMD,Ryzen 3,7320U,7th Gen,,4,8,DDR5,512,SSD,,AMD,AMD,8,Integrated,Windows 11,,,586.20,48850,INR,https://www.smartprix.com/laptops/hp-15-fc0154au-laptop-amd-ryzen-3-7320u-8gb-ppd1uqtolbep,2026-10-06T11:39:02.277106+00:00
Smartprix,Acer,Acer Aspire 3 A324-45 Laptop (Intel Core Celeron N4500/ 8GB/ 512GB SSD/ Win11),Notebook,14,1366x768,,0,,Intel,Celeron,N4500,Budget,,2,8,LPDDR4X,512,SSD,,Intel,UHD Graphics,8,Integrated,Windows 11,,,509.96,42497,INR,https://www.smartprix.com/laptops/acer-aspire-3-a324-45-laptop-intel-core-celeron-ppd1037cfgrg,2026-10-06T11:39:02.277106+00:00
Smartprix,Acer,Acer Aspire Lite AL15-42 Laptop (AMD Ryzen 3 7330U/ 8GB/ 512GB SSD/ Win11),Notebook,15.6,1920x1080,,0,,AMD,Ryzen 3,7330U,7th Gen,,4,8,,512,SSD,,AMD,AMD Graphics,8,,Windows 11,,,539.88,44990,INR,https://www.smartprix.com/laptops/acer-aspire-lite-al15-42-laptop-amd-ryzen-ppd1jx5i0h09,2026-10-06T11:39:02.277106+00:00
Smartprix,Acer,Acer Aspire 3 A325-55 UN.388SI.004 Laptop (Intel Core Ultra 5 115U/ 16GB/ 512GB SSD/ Win11 Home),Notebook,,,,0,,Intel,Core Ultra 5,115U,Meteor Lake,,,16,,512,SSD,,Intel,Intel UHD Graphics,16,Integrated,,,,755.88,62990,INR,https://www.smartprix.com/laptops/acer-aspire-3-a325-55-un-388si-004-laptop-ppd15ue6cz0i,2026-10-06T11:39:02.277106+00:00
Smartprix,ASUS,Asus Vivobook 15 2026 X1504MA-BQ424WS AI Laptop (Intel Core 3 304/ 8GB/ 512GB SSD/ Win11),Notebook,15.6,1920x1080,,0,,Intel,Core 3,304,Raptor Lake Refresh,,5,8,,512,SSD,,Intel,Integrated Intel Graphics,8,,Windows 11,,,707.88,58990,INR,https://www.smartprix.com/laptops/asus-vivobook-15-2026-x1504ma-bq424ws-ai-ppd1tkhr2o28,2026-10-06T11:39:02.277106+00:00
Smartprix,Lenovo,Lenovo V15 G4 ‎82C70081GE Laptop (AMD Ryzen 5 7520U/ 16GB/ 512GB SSD/ Win11 Home),Notebook,15.6,1920x1080,,0,,AMD,Ryzen 5,7520U,7th Gen,,4,16,DDR5,512,SSD,,AMD,610M Graphics,16,Integrated,Windows 11,,,694.68,57890,INR,https://www.smartprix.com/laptops/lenovo-v15-g4-82c70081ge-laptop-amd-ryzen-ppd1vp1h3lwa,2026-10-06T11:39:02.277106+00:00
Smartprix,ASUS,Asus Vivobook 14 X1404MA-EB320WS Laptop (Intel Core 3 304/ 8GB/ 256GB SSD/ Win11),Notebook,14,1920x1080,,0,,Intel,Core 3,304,Raptor Lake Refresh,,5,8,DDR5,256,SSD,,Intel,Intel Graphics,8,,Windows 11,,,671.88,55990,INR,https://www.smartprix.com/laptops/asus-vivobook-14-x1404ma-eb320ws-laptop-intel-ppd1udeasm2o,2026-10-06T11:39:02.277106+00:00
Smartprix,Lenovo,Lenovo V15 G4 83CQA01BIN Laptop (AMD Ryzen 5 7520U/ 16GB/ 512GB SSD/ Win 11),Notebook,15.6,1920x1080,,0,,AMD,Ryzen 5,7520U,7th Gen,,4,16,DDR5,512,SSD,,AMD,Graphics,16,Integrated,Windows 11,,,701.99,58499,INR,https://www.smartprix.com/laptops/lenovo-v15-g4-83cqa01bin-laptop-amd-ryzen-ppd162wvypo2,2026-10-06T11:39:02.277106+00:00
Smartprix,Lenovo,Lenovo IdeaPad Gaming 3 82K1019BIN Laptop (11th Gen Core i5/ 16GB/ 512GB SSD/ Win11 Home/ 4GB Graph),Gaming,,,,0,,Intel,Core i5,,11th Gen,,,16,,512,SSD,,Intel,Intel Iris Xe Graphics,16,Integrated,,,,863.88,71990,INR,https://www.smartprix.com/laptops/lenovo-ideapad-gaming-3-82k1019bin-laptop-ppd1tvmcwu06,2026-10-06T11:39:02.277106+00:00
Smartprix,Acer,Acer Aspire Lite AL15-52H Laptop (13th Gen Core i5/ 16GB/ 512GB SSD/ Win11),Notebook,,,,0,,Intel,Core i5,,13th Gen,,,16,,512,SSD,,Intel,Intel Iris Xe Graphics,16,Integrated,,,,773.88,64490,INR,https://www.smartprix.com/laptops/acer-aspire-lite-al15-52h-laptop-intel-core-ppd1cwkdvblz,2026-10-06T11:39:02.277106+00:00
Smartprix,HP,HP OmniBook 5 OLED 14-hh0099TU AI Laptop (Intel Core Ultra 5 322/ 16GB/ 512GB SSD/ Win11),Notebook,,,OLED,0,,Intel,Core Ultra 5,322,Panther Lake,,,16,,512,SSD,,Intel,Intel UHD Graphics,16,Integrated,,,,1283.88,106990,INR,https://www.smartprix.com/laptops/hp-omnibook-5-oled-14-hh0099tu-ai-laptop-ppd111v7ikbv,2026-10-06T11:39:02.277106+00:00
Smartprix,,Motorola Motobook 60 Laptop (Intel Core 5 210H/ 16GB/ 512GB SSD/ Win11 Home),Notebook,14,2880x1880,,0,,Intel,Core 5,210H,Raptor Lake Refresh,,8,16,DDR5,512,SSD,,Intel,Intel UHD Graphics,16,Integrated,Windows 11,,,803.88,66990,INR,https://www.smartprix.com/laptops/moto-book-60-laptop-intel-core-7-win-11-ppd1c9d0wesu,2026-10-06T11:39:02.277106+00:00
Smartprix,HP,HP Omnibook 3 14-hz0056QU Laptop (Qualcomm Snapdragon X/ 8GB/ 512GB SSD/ Win11 Home),Notebook,14,1920x1200,,0,,Qualcomm,Snapdragon X,X1,Snapdragon,,,8,LPDDR5X,512,SSD,,,,8,,Windows 11,,,755.88,62990,INR,https://www.smartprix.com/laptops/hp-omnibook-3-14-hz0056qu-laptop-qualcomm-ppd1m59s91c0,2026-10-06T11:39:02.277106+00:00
Smartprix,ASUS,Asus Vivobook 16 X1605VA-MB1627WS Laptop (13th Gen Core i5/ 16GB/ 512GB SSD/ Win11 Home),Notebook,16,1920x1200,,0,,Intel,Core i5,13420H,13th Gen,,8,16,DDR4,512,SSD,,Intel,Iris Xe,16,Integrated,Windows 11,,,791.88,65990,INR,https://www.smartprix.com/laptops/asus-vivobook-16-x1605va-mb1627ws-laptop-ppd19wgdb0qa,2026-10-06T11:39:02.277106+00:00
Smartprix,ASUS,Asus Vivobook 16 X1607QA-MB190WS Laptop (Snapdragon X X1 26 100/ 8GB/ 256GB SSD/ Win11),Notebook,16,1920x1200,,0,,Qualcomm,Snapdragon X,X1,Snapdragon,,8,8,,256,SSD,,,,8,,Windows 11,,,791.88,65990,INR,https://www.smartprix.com/laptops/asus-vivobook-16-x1607qa-mb190ws-laptop-snapdragon-ppd1nstbf909,2026-10-06T11:39:02.277106+00:00
Smartprix,Lenovo,Lenovo IdeaPad Slim 5 14IAH8 83BF0043IN Laptop (12th Gen Core i5/ 16GB/ 1TB SSD/ Win11),Ultrabook,14,1920x1200,,0,,Intel,Core i5,12450H,12th Gen,,8,16,LPDDR5,1000,SSD,,Intel,UHD Graphics,16,Integrated,Windows 11,,,839.99,69999,INR,https://www.smartprix.com/laptops/lenovo-ideapad-slim-5-14iah8-83bf0043in-laptop-ppd1vcmxywq9,2026-10-06T11:39:02.277106+00:00
Smartprix,Lenovo,Lenovo IdeaPad Slim 1 82R1004AIN Laptop (AMD Ryzen 5 3500U/ 8GB/ 512GB SSD/ Win11 Home),Ultrabook,15.6,1920x1080,,0,,AMD,Ryzen 5,3500U,3rd Gen,,4,8,DDR4,512,SSD,,AMD,Graphics,8,Integrated,Windows 11,,,742.80,61900,INR,https://www.smartprix.com/laptops/lenovo-ideapad-slim-1-82r1004ain-laptop-amd-ppd1dyt4479k,2026-10-06T11:39:02.277106+00:00
Smartprix,Acer,Acer AL15-52H Aspire Lite 15 Laptop (12th Gen Core i7/ 16GB/ 1TB SSD/ Win11),Notebook,15.6,1920x1080,,0,,Intel,Core i7,12650H,12th Gen,,10,16,LPDDR5,1000,SSD,,Intel,UHD Graphics,16,Integrated,Windows 11,,,839.88,69990,INR,https://www.smartprix.com/laptops/acer-al15-52h-aspire-lite-15-laptop-12th-ppd1wg3wn50z,2026-10-06T11:39:02.277106+00:00
Smartprix,Lenovo,Lenovo IdeaPad Slim 3 ‎14IAH8 83EQ0074IN Laptop (12th Gen Core i5/ 16GB/ 512GB SSD/ Win11 Home),Ultrabook,14,1920x1080,,0,,Intel,Core i5,12450H,12th Gen,,8,16,LPDDR5,512,SSD,,Intel,UHD Graphics,16,Integrated,Windows 11,,,778.68,64890,INR,https://www.smartprix.com/laptops/lenovo-ideapad-slim-3-14iah8-83eq0074in-laptop-ppd1s7ldss66,2026-10-06T11:39:02.277106+00:00
Smartprix,,Motorola Motobook 60 83J7000DIN Laptop (Intel Core 7 240H/ 16GB/ 1TB SSD/ Win11 Home),Notebook,14,2880x1880,,0,,Intel,Core 7,240H,Raptor Lake Refresh,,10,16,DDR5,1000,SSD,,Intel,Intel UHD Graphics,16,Integrated,Windows 11,,,959.88,79990,INR,https://www.smartprix.com/laptops/motorola-motobook-60-83j7000din-laptop-intel-ppd1mtzac37i,2026-10-06T11:39:02.277106+00:00
Smartprix,Lenovo,Lenovo IdeaPad 5i 2-in-1 15IPH11 Laptop (Intel Core Ultra 7 355/ 32GB/ 1TB SSD/ Win 11),2-in-1,15,,,1,,Intel,Core Ultra 7,355,Panther Lake,,8,32,,1000,SSD,,Intel,Intel UHD Graphics,32,Integrated,Windows 11,,,959.99,79999,INR,https://www.smartprix.com/laptops/lenovo-ideapad-5i-2-in-1-15iph11-laptop-intel-ppd169c739wo,2026-10-06T11:39:02.277106+00:00
Smartprix,ASUS,Asus Expertbook P1 P1503CVA-S71075WS Laptop (13th Gen Core i5/ 32GB/ 512GB/ Win11),Notebook,15.6,1920x1080,,0,,Intel,Core i5,13420H,13th Gen,,8,32,DDR5,512,SSD,,Intel,UHD Graphics,32,Integrated,Windows 11,,,863.88,71990,INR,https://www.smartprix.com/laptops/asus-expertbook-p1-p1503cva-s71075ws-laptop-ppd1229ca8db,2026-10-06T11:39:02.277106+00:00
Smartprix,Lenovo,Lenovo Googlebook 15 Laptop (Intel Core Ultra 5 325/ 16GB/ 512GB SSD/ Aluminium OS),Notebook,15.3,2880x1800,,1,,Intel,Core Ultra 5,325,Panther Lake,,8,16,LPDDR5X,512,SSD,,Intel,Intel Graphics,16,,,,,959.99,79999,INR,https://www.smartprix.com/laptops/lenovo-googlebook-15-laptop-aluminium-os-ppd1xcal5e16,2026-10-06T11:39:02.277106+00:00
Smartprix,ASUS,Asus ExpertBook P1 P1503CVA-S72288WS Laptop (Intel Core 5 210H/ 32GB/ 512GB/ Win11),Notebook,15.6,1920x1080,,0,,Intel,Core 5,210H,Raptor Lake Refresh,,8,32,DDR5,512,SSD,,Intel,Intel Graphics Intel,32,,Windows 11,,,899.88,74990,INR,https://www.smartprix.com/laptops/asus-expertbook-p1-p1503cva-s72288ws-laptop-ppd18nm1ufnf,2026-10-06T11:39:02.277106+00:00
Smartprix,HP,HP 15-fd0682TU Laptop (Intel Core 5 120U/ 16GB/ 512GB SSD/ Win11 Home),Notebook,15.6,1920x1080,,0,,Intel,Core 5,Intel Iris Xe Graphics,Raptor Lake Refresh,,10,16,,512,SSD,,Intel,Iris Xe,16,Integrated,Windows 11,,,872.40,72700,INR,https://www.smartprix.com/laptops/hp-15-fd0682tu-laptop-intel-core-5-120u-16gb-ppd1ih5rrv5o,2026-10-06T11:39:02.277106+00:00
Smartprix,,Huawei MateBook Fold Laptop (32GB/ 2TB SSD/ HarmonyOS 5),Notebook,18,3296x2472,,1,,,,,,,10,32,,2000,SSD,,,,32,,,,,3839.16,319930,INR,https://www.smartprix.com/laptops/huawei-matebook-fold-laptop-32gb-2tb-ssd-ppd1ii5skii8,2026-10-06T11:39:02.277106+00:00
Smartprix,ASUS,Asus ROG Strix G16 G615LR-S5190WS Gaming Laptop (Intel Core Ultra 9 275HX / 32GB/ 1TB SSD/ Win11/ 12GB RTX 5070Ti Graph),Gaming,16,2560x1600,,0,,Intel,Core Ultra 9,275HX,Arrow Lake,,24,32,DDR5,1000,SSD,,Nvidia,RTX 5070 Ti,12,Blackwell,Windows 11,,,3469.64,289137,INR,https://www.smartprix.com/laptops/asus-rog-strix-g16-g615lr-s5190ws-gaming-ppd1z3spkc0u,2026-10-06T11:39:02.277106+00:00
Smartprix,ASUS,Asus TUF Gaming A16 2026 FA608UH-RV112WS Gaming Laptop (AMD Ryzen 7 260/ 16GB / 1TB SSD/ Win11 / 8GB RTX 5050 Graph),Gaming,16,1920x1200,,0,,AMD,Ryzen 7,,,,8,16,DDR5,1000,SSD,,Nvidia,RTX 5050,8,Blackwell,Windows 11,,,1679.88,139990,INR,https://www.smartprix.com/laptops/asus-tuf-gaming-a16-2026-fa608uh-rv112ws-ppd13rvzwnd6,2026-10-06T11:39:02.277106+00:00
Smartprix,ASUS,Asus TUF F16 (2026) FX608JHI-TU225WS Gaming Laptop (14th Gen Core i7/ 16GB/ 1TB SSD/ Win11/ 8GB RTX 5050 8GB Graphics),Gaming,,,,0,,Intel,Core i7,,14th Gen,,,16,,1000,SSD,,Nvidia,RTX 5050,16,Blackwell,,,,2291.88,190990,INR,https://www.smartprix.com/laptops/asus-tuf-f16-2026-fx608jhi-tu225ws-gaming-ppd1qjvvcbzn,2026-10-06T11:39:02.277106+00:00
Smartprix,HP,HP Victus 15-fa2316TX Gaming Laptop (14th Gen Core i5/ 24GB/ 512GB SSD/ Win11/ 6GB RTX3050),Gaming,,,,0,,Intel,Core i5,,14th Gen,,,24,,512,SSD,,Nvidia,RTX 3050,24,Ampere,,,,1307.88,108990,INR,https://www.smartprix.com/laptops/hp-victus-15-fa2316tx-gaming-laptop-14th-ppd1chzj9nvd,2026-10-06T11:39:02.277106+00:00
